Cod Empresa;Cod Item;Descricao;Qtde;C Cst Ctbil;F Cst For;Cst Cbil For;Pven Ic;Pven For;M1;M2;M3;M4;M5;M6;Curva;Ultima Compra;Ultima Venda;Pedido;Curva Portal;Locacao;Nome Fornecedor;Possui Pis;Possui Cofins;Status;Forn;Aplicacao
9;AC-A503;CAIXA DE SOM BLUETOOTH A503 120W FAM;1;142,03;142,03;142,03;490,00;490,00;0;0;0;0;0;0;C;27/07/2026;;NF 5899 ADTO;C;1SALA A4;Outros;Sim;Sim;Ativo;2;
9;AC-A601M1;CAIXA DE SOM BLUETOOTH A601M1 600W FAM;5;273,64;273,64;273,64;;799,00;0;0;0;0;0;0;C;27/07/2026;;NF 5899 ADTO;C;VITRINE;Outros;Sim;Sim;Ativo;2;
9;AC-A601M1;CAIXA DE SOM BLUETOOTH A601M1 600W FAM;5;273,64;273,64;273,64;;799,00;0;0;0;0;0;0;C;27/07/2026;;NF 5899 ADTO;C;1SALA A2;Outros;Sim;Sim;Ativo;2;
9;AC-BERMUDA;BERMUDA CHEVROLET PREMIUM;2;86,09;86,09;86,09;;199,90;0;0;0;0;0;0;D;29/08/2025;09/01/2026;BOTIQUEESTQ;D;VITRINE;Outros;Sim;Sim;Ativo;2;
9;AC-BOLSA VIAGEM G;BOLSA DE VIAGEM;3;87,16;87,16;95,78;;159,90;0;2;1;0;0;0;B;14/01/2026;22/06/2026;PEDACESSORIOS;B;VITRINE;Outros;Sim;Sim;Ativo;2;
9;AC-BOLSA VIAGEM P;BOLSA VIAGEM PEQUENA;3;70,72;70,72;70,72;;149,00;0;0;0;0;2;0;D;14/01/2026;26/03/2026;PEDACESSORIOS;D;VITRINE;Outros;Sim;Sim;Ativo;2;"
"
9;AC-BONE;BONES CHEVROLET DIVERSOS;102;33,96;19,09;32,06;99,90;99,90;18;25;68;7;6;16;A;08/06/2026;31/07/2026;BONES CHEVROLET;A;VITRINE;Outros;Sim;Sim;Ativo;2;
9;AC-CAMISETA;CAMISETA CHEVROLET DIVERSAS;4;71,67;75,87;72,11;129,99;129,99;2;4;2;0;2;2;A;03/02/2026;31/07/2026;BOTIQUE;A;VITRINE;Outros;Sim;Sim;Ativo;2;CAMISETA CHEVROLET DIVERSAS CORES E TAMANHO
9;AC-CANECACHOP;CANECA CHOPP EM MADEIRA;8;43,05;40,52;43,05;199,00;199,00;1;2;9;3;1;5;A;14/01/2026;11/07/2026;PEDACESSORIOS;A;VITRINE;Acessorios;Sim;Sim;Ativo;16;
9;AC-CHAVEIRO1;CHAVEIRO CHEVROLET PREMIUM;3;12,29;11,47;12,22;;39,90;0;0;4;6;8;4;A;14/01/2026;03/07/2026;PEDACESSORIOS;A;VITRINE;Outros;Sim;Sim;Ativo;2;
9;AC-COPO;COPO PERSONALIZADO CHEVROLET;29;41,90;19,08;29,50;129,90;129,90;8;3;8;7;12;4;A;14/11/2025;31/07/2026;4TAKES;A;VITRINE;Outros;Sim;Sim;Ativo;2;Copo Personalizado c/ canudo Chevrolet
9;AC-FUSIVELM20;FUSIVEL MINI 20 AMPERES;2;1,81;15,00;1,81;;15,00;0;0;0;0;0;0;D;29/11/2023;23/12/2025;;D;145AD1;Outros;Sim;Sim;Ativo;2;
9;AC-GARRAFABIG;GARRAFA CHEVROLET PREMIUM BIG;26;48,98;40,42;49,86;149,90;249,90;14;39;47;16;57;25;A;12/06/2026;31/07/2026;NF 36522;A;VITRINE;Outros;Sim;Sim;Ativo;2;
9;AC-GP348;CENTRAL MULTIMÍDIA EVOLVE;18;209,29;314,99;209,29;480,00;480,00;0;0;0;0;0;0;D;19/08/2025;14/01/2026;SA DISTR MARCOS;D;1SALA I1;Outros;Sim;Sim;Ativo;2;"
Central Multimídia Evolve Gp348 Dvd"
9;AC-MOLETON;MOLETON CHEVROLET;1;126,60;126,60;253,14;229,00;421,90;0;0;1;0;0;0;D;03/02/2026;11/05/2026;BOTIQUE;D;VITRINE;Outros;Sim;Sim;Ativo;2;
9;AC-NECESSAIRE;NECESSAIRE JORLAN CHEVROLET;3;22,99;14,12;28,87;65,00;75,00;2;4;9;0;0;1;A;29/04/2026;28/07/2026;NF 35141 ACESSORIOS;A;VITRINE;Outros;Sim;Sim;Ativo;2;
9;AC-PPF;PPF PRO ACROSS  190 MICRAS  1MT;245;180,05;180,05;180,05;291,00;291,00;14;7;17;17;0;0;A;16/04/2026;21/07/2026;NF PPF;A;1SALA F1;Outros;Sim;Sim;Ativo;2;"	-07 anos de garantia 
-Fabricado em TPU
-Espessura 190 micras
-Hidro repelente 
-Regenerativo 
-Fácil Moldagem
-Brilho Gloss
- 190 Micras
- 7 anos de Garantia"
9;AC-P6101;DESCANSA BRACO NOVA TRACKER 2025;4;130,00;130,00;130,00;600,00;600,00;6;0;0;1;0;2;A;30/07/2026;31/07/2026;NF 96978;A;VITRINE;Outros;Não;Não;Ativo;2;
9;AC-0090;REVESTIMENTO DE ASSOALHO S-10 PREMIUM;10;418,61;400,50;418,61;1.000,00;1.000,00;7;6;6;14;6;5;A;31/07/2026;28/07/2026;NF 70173;A;159KA1;Outros;Não;Não;Ativo;2;
9;AC-0092;REVESTIMENTO DE ASSOALHO TRACKER PREMIUM;5;375,11;363,46;375,11;999,00;999,00;6;2;5;3;6;0;A;31/07/2026;30/07/2026;NF 70173;A;159JC1;Outros;Sim;Sim;Ativo;2;KIT ENGATE CARRETA  ONIX
9;AC-0093;REVESTIMENTO DE ASSOALHO ONIX PLUS PREMIUM;5;534,03;547,08;534,03;1.568,42;1.568,42;0;2;1;1;2;1;A;16/07/2026;26/06/2026;NF 40964;A;159KB1;Outros;Sim;Sim;Ativo;2;
9;AC-0095;REVESTIMENTO DE ASSOALHO SONIC / ONIX HATCH PREMIUM;11;609,32;611,52;609,32;;999,00;6;6;4;0;2;3;A;30/07/2026;30/07/2026;NF41257;A;159KC1;Outros;Não;Não;Ativo;2;ONIX PREMIER HATCH
9;AC-0097;REVESTIMENTO DE ASSOALHO MONTANA PREMIUM;3;641,96;648,87;641,96;1.500,00;1.500,00;1;1;4;3;3;0;A;27/05/2026;30/07/2026;estoque mascareli;A;159JB1;Outros;Não;Não;Ativo;2;
9;AC-1000;KIT INSTALACAO ACESSORIO DIVERSOS;327;17,02;135,00;17,02;33,99;33,99;34;15;20;16;26;21;A;29/07/2026;31/07/2026;NF 13585;A;1SALA A1;Outros;Não;Não;Ativo;2;CONCTOR FAROL MIL.VERDE
9;AC-1004;FITA ISOLANTE 19X20 ISOFLEX;12;7,60;7,68;7,60;24,98;24,98;4;3;1;7;4;8;A;06/07/2026;30/07/2026;NF 15093;A;145AD1;Outros;Sim;Sim;Ativo;2;FITA ISOLANTE PARA APLICACAO EM VEICULOS
9;AC-1008;BATERIAS P/CONTROLE ALRME POSITRON/ORIGINAL GM;112;4,05;4,27;4,05;33,33;33,33;13;20;13;16;7;16;A;22/07/2026;03/08/2026;NF27609;A;1SALA M4;Outros;Não;Não;Ativo;2;"FINA
GROSSA 90541381"
9;AC-1100;PELICULA ESPECIAL PARA-BRISA;92;121,68;181,41;121,68;450,00;450,00;40;25;36;35;42;31;A;28/07/2026;01/08/2026;NF34597;A;1SALA I5;Outros;Sim;Sim;Ativo;2;P.S
9;AC-1105;PELICULA PROFISSIONAL NRG20 GRAPHITE NORMAL;43;43,70;39,37;43,70;350,00;350,00;25;32;23;26;26;22;A;23/07/2026;31/07/2026;NF 2792;A;1SALA F1;Outros;Sim;Sim;Ativo;2;UNIVERSAL
9;AC-1109;PELICULA NRG20 WINDOWPREMIUM CONTROLE SOLAR;15;159,47;172,64;159,47;400,00;400,00;42;27;40;38;45;33;A;23/07/2026;01/08/2026;NF 2792;A;1SALA F1;Outros;Sim;Sim;Ativo;2;UNIVERSAL
9;AC-1653;BICO P/PNEU S/CAMARA 413/414  RODA LIGA;54;0,42;0,42;0,42;5,43;5,43;11;9;4;4;5;11;A;12/02/2026;31/07/2026;O BORRACHEIRO ESTOQ;A;1SALA M2;Outros;Não;Não;Ativo;2;BICO P/RODA RT414
9;AC-2021;RODA NOVA TRACKER;3;2.855,10;2.855,10;2.855,10;6.000,00;6.000,00;1;1;0;0;0;0;C;20/07/2026;13/07/2026;NF 1407;C;RODAS;Outros;Não;Não;Ativo;2;
9;AC-3800;KIT ENGATE REMOVIVEL S-10;7;498,80;500,73;498,80;1.100,00;1.100,00;3;5;2;10;4;4;A;15/07/2026;16/07/2026;carretas Fortaleza;A;148AH1;Outros;Sim;Sim;Ativo;2;
9;AC-3801;KIT ENGATE FIXO S-10;3;381,66;386,93;381,66;925,00;925,00;4;7;7;5;5;5;A;15/07/2026;28/07/2026;carretas Fortaleza;A;147AG1;Outros;Sim;Sim;Ativo;2;KIT ENGATE CARRETA  ONIX
9;AC-3947;MODULO AUTOMAT.RETROVISOR NOVA S10 CB TEC;7;137,22;137,21;137,22;300,00;300,00;0;0;0;0;1;0;D;26/05/2025;19/03/2026;VOTRON DIST ESTOQUE;D;1SALA M3;Outros;Sim;Sim;Ativo;2;
9;AC-4000;PPF SMOKE FAROL - HD;22;139,83;799,00;139,83;;799,00;0;0;0;0;0;0;D;03/08/2023;30/04/2024;;D;1SALA1;Outros;Sim;Sim;Ativo;2;PPF PARA FAROL  - FUMÊ 
9;AC-4033;KIT ENGATE CARRETA ONIX HATCH;1;299,47;299,47;299,47;820,00;820,00;0;0;0;0;0;0;D;12/01/2026;12/01/2026;NF CF;D;147AB1;Outros;Sim;Sim;Ativo;2;KIT ENGATE CARRETA  ONIX
9;AC-4039;KIT ENGATE CARRETA NOVA MONTANA;1;354,31;360,00;354,31;925,00;925,00;1;1;4;2;2;1;A;30/07/2026;28/07/2026;NF CARRETAS;A;147AD1;Outros;Não;Não;Ativo;2;
9;AC-4094;PROTETOR CACAMBA S10;2;712,00;712,00;712,00;1.800,00;1.800,00;1;1;1;0;0;1;A;15/07/2026;17/07/2026;NF 69888;A;600GA1;Outros;Não;Não;Ativo;2;
9;AC-4118;KIT MOLA COMPRESS INOX CJ EIXO COM CAP RIG AT;1;187,83;187,83;187,83;;499,32;0;0;0;0;0;0;C;05/06/2026;;MOLAS KEKO;C;162CC1;Outros;Não;Não;Ativo;2;
9;AC-6553;CAMERA DE RÉ MYLINK;7;133,27;133,27;133,27;;850,00;0;8;1;2;4;7;A;14/07/2026;02/07/2026;ESTQ-BRASFORT;A;1SALA L4;Outros;Sim;Sim;Ativo;2;
9;AD1000;AGUA DESMINERALIZADA;24;7,28;7,28;7,28;;39,90;0;0;0;0;0;0;D;26/01/2026;;NF 33614;D;1SALA I4;Outros;Sim;Sim;Ativo;2;
9;ARLA32;ARLA32;19;1,49;8,99;8,99;6,99;6,99;0;0;0;0;0;0;D;10/01/2026;;ARLA32;D;1SALA F1;GM - Brasil;Sim;Sim;Ativo;1;S10 B - 2012 A 2020, TRAILBLAZER - 2013 A 2020
9;BG1001;PNEU BRIDGSTONE 265/60R18 BL110H DUELER A/T AS;2;991,00;991,00;991,00;;1.599,35;0;0;2;0;0;0;C;29/04/2026;28/05/2026;NF 32053;C;PNEUS;Outros;Não;Não;Ativo;2;
9;KPA00859;PNEU FIRESTONE 185/65 R15 F-700;1;411,63;390,00;456,40;699,30;699,30;0;0;0;0;0;0;D;20/06/2023;07/05/2024;;D;PNEUS;GM - Brasil;Não;Não;Ativo;1;MONTANA,  ONIX,  PRISMA II, CHRYSLER NEON, CITROEN C3, CITROEN XANTIA, CITROEN XSARA PICASSO, HONDA CIVIC, KIA CERATO, NISSAN GRAND LIVINA, NISSAN LIVINA, NISSAN TIIDA, NISSAN VERSA, PEUGEOT HOGGAR, PEUGEOT PARTNER, RENAULT SCENIC, TOYOTA ETIOS
9;LAMPADA001;LEMPADA DE LED H7;1;160,73;160,73;160,73;380,00;380,00;0;0;0;0;0;0;C;01/07/2026;;MEGA ACES;C;1SALA A4;Outros;Sim;Sim;Ativo;2;
9;MILITEC01;Condicionador de Metais MILITEC-1 200ml;24;56,46;56,46;56,46;136,84;136,84;0;0;0;0;0;0;C;30/07/2026;;NF130254;C;198BC1;Outros;Sim;Sim;Ativo;2;Universal
9;OL-POE68;OLEO P/COMPRESSOR HIBRID ELETRIC (POE 68 );536;0,38;0,38;0,38;1,29;1,29;130;0;0;0;100;50;B;05/02/2026;16/07/2026;NF DENSUL;B;1SALA A1;Outros;Sim;Sim;Ativo;2;
9;PN235/50R19;PNEU 235/50R19 HANKOOK K117A FOAM;1;1.210,00;1.489,70;1.489,70;1.989,45;1.989,45;0;0;0;0;0;0;K;25/09/2024;24/03/2025;EUROEX;K;PNEUS;Outros;Não;Não;Ativo;2;
9;PN6602;PNEU 235/50R19 XBRI 103W SPORT+2 EXTRA LOAD;2;639,00;639,00;639,00;1.156,65;1.156,65;0;0;0;0;0;0;D;26/11/2025;22/01/2026;NF 19066 AUTOMOTIVA;D;PNEUS;Outros;Não;Não;Ativo;2;
9;QMC-3000;KIT ALIMENTACAO DESCARBONIZACAO FLEX;34;128,34;128,97;128,34;217,23;217,23;20;20;22;11;2;9;A;17/07/2026;31/07/2026;NF 117469;A;145TB1;Outros;Não;Não;Ativo;2;
9;QMC-3001;KIT ALIMENTACAO DESCARBONIZACAO DIESEL;46;133,10;134,65;133,10;204,87;204,87;17;11;19;15;15;5;A;15/07/2026;01/08/2026;NF117021;A;145BC1;Outros;Não;Não;Ativo;2;
9;QMC-3002;KIT LIMPEZA SISTEMA INJECAO ELETRONICA;1;112,61;112,61;112,61;199,72;199,72;3;1;1;4;2;2;A;09/12/2025;28/07/2026;QUIDUPL;A;145WA1;Outros;Não;Não;Ativo;2;
9;QMC-3004;KIT MANUTENCAO GM;60;141,67;143,00;141,17;223,23;223,23;8;3;13;7;15;14;A;17/07/2026;29/07/2026;NF 117469;A;146DA1;Outros;Sim;Sim;Ativo;2;
9;QMC-3005;FLUIDO ROSA;141;31,96;32,28;31,96;61,70;61,70;48;67;59;55;73;62;A;15/07/2026;31/07/2026;NF117021;A;145XC1;Outros;Sim;Sim;Ativo;2;
9;QMC-3006;HIGIENIZADOR GRANADA;314;38,03;36,59;38,03;72,00;72,00;109;105;108;105;93;98;A;15/07/2026;01/08/2026;NF117021;A;145RB1;Outros;Sim;Sim;Ativo;2;
9;QMC-3007;LIMPEZA CAIXA EVAPORADORA;220;90,95;92,76;90,95;123,50;123,50;65;70;43;53;59;55;A;15/07/2026;31/07/2026;NF117021;A;145JA1;Outros;Não;Não;Ativo;2;
9;QMC-3008;DESENGRAXANTE LIMPA FREIOS 300ML;2;34,78;35,17;34,78;60,67;60,67;4;2;0;1;1;1;A;09/12/2025;30/07/2026;QUIDUPL;A;145CG1;Outros;Sim;Sim;Ativo;2;
9;QMC-3009;POWER X OTIMIZADOR;164;40,44;40,76;40,44;61,70;61,70;49;74;53;50;79;72;A;15/07/2026;03/08/2026;NF117021;A;145CC1;Outros;Não;Não;Ativo;2;
9;QMC-3010;CONDICIONADOR POWER AIR TREATMENT;126;50,57;50,74;50,57;82,90;82,90;39;15;20;19;12;16;A;27/06/2026;01/08/2026;POWERX;A;145BD1;Outros;Sim;Sim;Ativo;2;
9;QMC-3011;GRAXA SPRAY;17;29,86;29,86;29,86;;43,50;1;1;0;1;0;0;B;31/10/2024;10/07/2026;QUIMICOS;B;1SALA J3;Outros;Sim;Sim;Ativo;2;
9;QMC-3012;DETERGENTE LIMPA VIDRO;4;14,96;14,96;14,96;33,89;33,89;1;3;1;1;4;0;A;10/03/2026;30/07/2026;QUIMAR;A;145HG1;Outros;Não;Não;Ativo;2;
9;RTMAB965;JG PROTETOR DE BORDAS S10;1;249,20;249,20;249,20;;450,00;0;0;0;0;0;0;D;28/11/2025;28/11/2025;NF MA;D;GERAL;Outros;Não;Não;Ativo;2;
9;RT-PATINETE;PATINETE ELETRICO;1;1.807,78;1.587,60;1.807,78;;2.500,00;0;0;2;0;0;0;B;27/04/2026;01/06/2026;NF 6234;B;VITRINE;Outros;Não;Não;Ativo;2;
9;RT12783;OLEO 75W80 CAMB GL4;1;79,86;79,86;79,86;;148,00;0;0;1;0;0;0;D;29/01/2026;19/05/2026;NF1278 KD;D;198BB1;Outros;Sim;Sim;Ativo;2;
9;RT4977;LAMPADA H1 DE LED;1;135,28;135,28;135,28;;300,00;0;0;0;0;0;0;D;23/07/2025;;NF BRASFORT;D;1SALA M2;Outros;Não;Não;Ativo;2;
9;VTR001;VITRIFICAÇÃO;7;157,55;142,02;157,55;1.500,00;1.500,00;13;12;9;8;15;7;A;27/07/2026;30/07/2026;NF 5899 ADTO;A;1SALA A1;Outros;Sim;Sim;Ativo;2;Produto para Vitrificação de Pintura - Vidros - e Plasticos 
9;WD40;ANTI COROSIVO;5;50,83;51,89;50,83;99,98;99,98;2;3;3;4;8;2;A;10/07/2026;27/07/2026;NF 34528;A;1SALA M2;Outros;Sim;Sim;Ativo;2;"DESCARBONIZANTE=CAR80
CAR90"
9;09594683;PORCA DE RODA;48;9,84;9,95;9,84;20,65;20,65;23;0;0;0;24;0;B;04/04/2026;17/07/2026;CVA129;B;105PH2;GM - Brasil;Sim;Sim;Ativo;1;S10 B - 2012 A 2020, TRAILBLAZER - 2013 A 2020
9;09598708;PORCA DA RODA;57;9,83;13,52;13,52;20,66;20,66;27;67;52;17;40;55;A;16/03/2026;27/07/2026;CVA110;A;110AB2;GM - Brasil;Sim;Sim;Ativo;1;CAPTIVA - 2008 A 2017, COBALT - 2012 A 2020, CRUZE A - 2012 A 2016, MALIBU - 2013 A 2013, ONIX - 2013 A 2019, PRISMA B - 2013 A 2019, S10 B - 2012 A 2020, SPIN - 2013 A 2020, TRAILBLAZER - 2013 A 2020
9;09599297;PORCA DAS RODAS M12X1.5-6MM;47;11,77;11,80;11,77;24,79;24,79;50;27;42;7;20;1;A;14/07/2026;27/07/2026;CVA170;A;110PD1;GM - Brasil;Sim;Sim;Ativo;1;BOLT EV - 2017 A 2020, ONIX - 2020 A 2021, TRACKER - 2021 A 2021
9;09986555;FLUIDO-TR/AUT;1;151,56;127,14;151,56;320,87;320,87;64;29;48;105;29;16;A;30/07/2026;30/07/2026;NF PIOXI/TUDO;A;156PB1;GM - Brasil;Sim;Sim;Ativo;1;
9;11010612;CHAVETA;19;12,34;12,35;16,98;25,95;25,95;1;15;5;2;1;3;A;08/07/2026;21/07/2026;CVA160;A;107CH1;GM - Brasil;Sim;Sim;Ativo;1;ASTRA A - 1995 A 1996, ASTRA B - 1999 A 2011, BLAZER - 1996 A 2011, KADETT - 1989 A 1998, MONZA - 1982 A 1996, OMEGA A - 1993 A 1998, S10 A - 1995 A 2011, S10 B - 2012 A 2020, TRAILBLAZER - 2013 A 2020, VECTRA A - 1994 A 1996, VECTRA B - 1997 A 2005, VECTRA C - 2006 A 2011, ZAFIRA - 2001 A 2012
9;11013071;REBITE PINO BOTAO PRESILHA GRAMPO;2;3,19;0,86;4,33;5,15;5,15;0;0;0;0;0;0;D;22/01/2025;10/11/2025;ZZ0144;D;109AH1;GM - Brasil;Sim;Sim;Ativo;1;AGILE - 2010 A 2014, ASTRA B - 1999 A 2011, CELTA - 2001 A 2016, CORSA A - 1994 A 2017, CORSA B - 2002 A 2012, KADETT - 1989 A 1998, MERIVA - 2002 A 2012, MONTANA A - 2004 A 2011, MONZA - 1982 A 1996, PRISMA A - 2007 A 2012, VECTRA B - 1997 A 2005, VECTRA C - 2006 A 2011, ZAFIRA - 2001 A 2012
9;11023582;ANEL VEDADOR BUJÃO DO CÁRTER;15;0,53;0,53;0,72;6,57;6,57;7;4;3;4;15;0;A;05/06/2026;31/07/2026;MAL53;A;113AC1;GM - Brasil;Sim;Sim;Ativo;1;Monza 87/96, Kadett 89/98, Astra 95/, Vectra 94/, S10 95/ S10 CAB SIMPLES S10 CAB ESTEND S10 CAB DUPLA BLAZER
9;11023589;ANEL VEDADOR BUJÃO CÁRTER 20MM;30;3,01;4,41;4,78;9,07;9,07;16;17;16;14;21;22;A;05/06/2026;31/07/2026;MAL53;A;107TJ1;GM - Brasil;Sim;Sim;Ativo;1;ASTRA B - 1999 A 2011, BLAZER - 1996 A 2011, CELTA - 2001 A 2016, CHEVETTE - 1973 A 1994, CORSA A - 1994 A 2017, CORSA PICK-UP - 1994 A 2017, CORSA WAGON - 1994 A 2017, KADETT - 1989 A 1998, MONZA - 1982 A 1996, OMEGA A - 1993 A 1998, OMEGA B - 1999 A 2009, PRISMA A - 2007 A 2012, S10 A - 1995 A 2011, VECTRA A - 1994 A 1996, VECTRA B - 1997 A 2005, VECTRA C - 2006 A 2011, ZAFIRA - 2001 A 2012
9;11056093;SELO BLOCO MOTOR 34MM;901;4,28;4,49;4,28;13,12;13,12;275;609;366;228;293;449;A;29/07/2026;31/07/2026;JLL11;A;111GD1;GM - Brasil;Não;Não;Ativo;1;AGILE - 2010 A 2014, ASTRA A - 1995 A 1996, ASTRA B - 1999 A 2011, BLAZER - 1996 A 2011, CALIBRA - 1994 A 1995, CELTA - 2001 A 2016, CHEVETTE - 1973 A 1994, COBALT - 2012 A 2020, CORSA A - 1994 A 2017, CORSA B - 2002 A 2012, CORSA PICK-UP - 1994 A 2017, CORSA WAGON - 1994 A 2017, CRUZE A  - 2012 A 2016, KADETT - 1989 A 1998, MERIVA - 2002 A 2012, MONTANA A - 2004 A 2011, MONTANA B - 2011 A 2020, MONZA - 1982 A 1996, OMEGA A - 1993 A 1998, ONIX - 2013 A 2019, PRISMA A - 2007 A 2012, PRISMA B - 2013 A 2019, S10 A - 1995 A 2011, S10 B - 2012 A 2020, SONIC - 2012 A 2014, TIGRA - 1998 A 2000, TRACKER B - 2014 A 2019, TRAILBLAZER - 2013 A 2020, VECTRA A - 1994 A 1996, VECTRA B - 1997 A 2005, VECTRA C - 2006 A 2011, ZAFIRA - 2001 A 2012
9;11096251;LAMPADA DO FAROL BAIXO HALOGENA;26;27,23;30,86;27,78;54,14;54,14;12;10;17;15;17;15;A;26/06/2026;29/07/2026;COPA34;A;144PC1;GM - Brasil;Sim;Sim;Ativo;1;AGILE - 2010 A 2014, ASTRA B - 1999 A 2011, BLAZER - 1996 A 2011, COBALT - 2012 A 2020, CORSA B - 2002 A 2012, MERIVA - 2002 A 2012, MONTANA B - 2011 A 2020, S10 A - 1995 A 2011, S10 B - 2012 A 2020, TRAILBLAZER - 2013 A 2020, VECTRA B - 1997 A 2005, ZAFIRA - 2001 A 2012
9;11097592;PORCA ROSCADA DE ACO;9;1,21;1,21;1,21;0,01;0,01;0;0;0;0;0;0;D;22/04/2025;10/05/2025;DD0446;D;105CG1;GM - Brasil;Sim;Sim;Ativo;1;
9;1140100021;JG. TAPETE BORDAS ELEVADAS S10;2;404,03;404,03;404,03;;850,00;0;0;0;0;0;0;D;18/09/2024;29/10/2024;TAPETES KITO;D;VITRINE;Outros;Sim;Sim;Ativo;2;
9;11516077;PORCA;4;2,01;2,79;2,76;13,42;13,42;0;3;1;2;0;3;B;08/05/2025;17/06/2026;PEAB10;B;112BJ1;GM - Brasil;Sim;Sim;Ativo;1;CAMARO CONV. B - 2017 A 2021, CAMARO COUPE NG - 2017 A 2021, CAPTIVA - 2008 A 2017, CELTA - 2001 A 2016, COBALT - 2012 A 2020, CRUZE A - 2012 A 2016, MALIBU - 2013 A 2013, OMEGA C - 2011 A 2011, ONIX - 2013 A 2019, PRISMA A - 2007 A 2012, PRISMA B - 2013 A 2019, S10 B - 2012 A 2020, SONIC - 2012 A 2014, SPIN - 2013 A 2020, TRACKER B - 2014 A 2019, TRAILBLAZER - 2013 A 2020
9;11519375;PARAFUSO;4;25,97;1,46;25,97;64,12;64,12;0;0;0;0;0;0;D;22/01/2025;27/12/2025;GIR153;D;108SD1;GM - Brasil;Sim;Sim;Ativo;1;BOLT EV - 2017 A 2020, CAMARO - 2017 A 2018, CAMARO CONV - 2014 A 2015, CAPTIVA - 2008 A 2017, CRUZE - 2012 A 2016, EQUINOX - 2018 A 2020, MALIBU NOVO - 2013 A 2013, ONIX - 2020 A 2021, S-10 - 2012 A 2021, TRACKER - 2021 A 2021, TRAIBLAIZER - 2013 A 2021
9;11546389;PORCA;11;9,94;25,97;9,94;54,57;54,57;0;8;0;4;16;0;B;08/07/2026;17/06/2026;CVA160;B;105PG1;GM - Brasil;Sim;Sim;Ativo;1;
9;11547421;PARAFUSO;90;0,63;0,84;1,04;2,64;2,64;17;8;12;32;15;15;A;05/06/2026;31/07/2026;CVA16M;A;113DD1;GM - Brasil;Sim;Sim;Ativo;1;BOLT EV - 2020 A 2020, CAMARO - 2017 A 2020, CRUZE - 2016 A 2017, CRUZE - 2018 A 2020, EQUINOX - 2018 A 2020, ONIX NOVO - 2020 A 2020, TRACKER 3 - 2021 A 2021
9;11547601;GRAMPO PAINEL ACAB VIDRO LAT TRAS;1;42,02;42,02;42,02;119,98;119,98;0;0;5;0;0;0;C;16/05/2026;29/05/2026;ZZ0528;C;112AG2;GM - Brasil;Sim;Sim;Ativo;1;EQUINOX - 2018 A 2020, ONIX NOVO - 2020 A 2021, TRACKER 2 - 2014 A 2020, TRACKER 3 - 2021 A 2021
9;11548182;PARAFUSO TENSIONADOR CORREIA;1;3,33;3,33;3,33;6,47;6,47;0;0;0;1;0;0;D;11/12/2024;13/04/2026;NF 621179 OCT;D;111AH1;GM - Brasil;Sim;Sim;Ativo;1;
9;11548270;PARAFUSO;20;21,91;21,91;21,91;46,02;46,02;0;0;0;20;0;0;C;02/06/2026;30/04/2026;PDS04;C;105AD2;GM - Brasil;Sim;Sim;Ativo;1;BOLT EV - 2017 A 2020, CAMARO - 2017 A 2020, CRUZE - 2016 A 2017, CRUZE - 2018 A 2018, EQUINOX - 2018 A 2020, ONIX NOVO - 2020 A 2021, TRACKER 3 - 2021 A 2021
9;11548292;PARAFUSO ROSCADO DE;8;4,42;6,06;6,05;10,91;10,91;2;2;6;0;6;0;A;08/07/2026;24/07/2026;CVA160;A;108QD1;GM - Brasil;Sim;Sim;Ativo;1;
9;11548564;PARAFUSO TRAVA TAMPA COMPART TRAS;8;1,22;1,05;1,37;78,34;78,34;0;8;0;4;0;0;B;07/02/2026;17/06/2026;CVA78;B;111PB1;GM - Brasil;Sim;Sim;Ativo;1;
9;11548579;PORCA AÇO RETANGULAR;45;0,55;0,76;0,74;3,00;3,00;0;8;16;19;21;9;A;05/06/2026;01/07/2026;CVA16M;A;105QH1;GM - Brasil;Sim;Sim;Ativo;1;EQUINOX - 2018 A 2019, ONIX - 2013 A 2019
9;11549137;RETENTOR MOLDURA;2;53,20;0,01;53,20;160,10;160,10;0;0;0;0;0;0;D;02/04/2024;12/04/2024;DD0363 WASHINGT;D;105BG1;GM - Brasil;Sim;Sim;Ativo;1;EQUINOX - 2018 A 2020
9;11549159;PARAFUSO ROSCADO DE;4;6,20;6,20;6,20;14,84;6,14;0;0;0;0;0;0;D;15/07/2025;31/07/2025;ZZ0722;D;106CG1;GM - Brasil;Sim;Sim;Ativo;1;
9;11562183;PORCA;1;103,93;155,40;150,42;237,55;237,55;1;0;0;0;0;0;C;26/02/2026;30/07/2026;CVA94;C;109AC2;GM - Brasil;Sim;Sim;Ativo;1;
9;11569992;PARAFUSO;1;5,58;5,58;7,57;11,56;11,56;0;0;0;0;0;0;D;19/01/2026;31/07/2024;ZZ0123;D;105AD1;GM - Brasil;Sim;Sim;Ativo;1;
9;11570368;PARAFUSO ROSCADO DE;1;24,47;0,01;24,47;77,99;77,99;0;0;0;0;0;0;D;22/05/2024;;ZZ0539 WASINHG;D;113DC1;GM - Brasil;Sim;Sim;Ativo;1;
9;11570498;PARAFUSO;11;1,15;0,82;1,15;53,25;53,25;0;5;0;0;4;0;B;02/07/2026;17/06/2026;RA0677;B;107CD2;GM - Brasil;Sim;Sim;Ativo;1;BOLT EV - 2017 A 2020, CAMARO - 2017 A 2017, CAMARO CONV - 2014 A 2015, CAMARO COUP - 2011 A 2015, CAPTIVA - 2008 A 2017, MALIBU NOVO - 2013 A 2013, OMEGA - 2011 A 2011, ONIX - 2017 A 2019, ONIX - 2020 A 2021, PRISMA - 2017 A 2019, TRACKER - 2014 A 2020, TRACKER - 2021 A 2021
9;11570499;PARAFUSO PARALAMA PARABARRO;7;3,99;5,51;5,42;8,43;8,43;0;0;0;4;3;3;B;16/04/2026;09/04/2026;RA0442;B;110SJ3;GM - Brasil;Sim;Sim;Ativo;1;CAMARO - 2011 A 2015, COBALT - 2012 A 2020, CRUZE B - 2017 A 2019, CRUZE A  - 2012 A 2016, EQUINOX - 2018 A 2019, ONIX - 2013 A 2019, SPIN - 2013 A 2020, TRACKER B - 2014 A 2019
9;11570637;PARAFUSO ROSCADO PRETO PARABARRO;32;1,63;1,33;2,25;29,46;29,46;10;9;18;6;38;32;A;08/07/2026;31/07/2026;CVA160;A;107PP1;GM - Brasil;Sim;Sim;Ativo;1;AGILE - 2010 A 2014, CAMARO - 2011 A 2015, CAMARO CONV. - 2014 A 2015, COBALT - 2012 A 2020, CRUZE A  - 2012 A 2016, MALIBU - 2013 A 2013, MONTANA B - 2011 A 2020, OMEGA C - 2011 A 2011, ONIX - 2013 A 2019, PRISMA B - 2013 A 2019, S10 B - 2012 A 2020, SONIC - 2012 A 2014, TRACKER B - 2014 A 2019, TRAILBLAZER - 2013 A 2020
9;11571162;PARAFUSO;1;2,75;2,40;2,75;6,52;6,52;0;0;0;3;0;0;C;07/02/2025;04/05/2026;DD0206;C;112PB1;GM - Brasil;Sim;Sim;Ativo;1;
9;11588261;PARAFUSO ESCAPAMENTO;3;10,50;10,50;10,50;25,34;25,34;0;0;0;0;0;0;D;06/01/2026;27/11/2025;PFHY03;D;109BG1;GM - Brasil;Sim;Sim;Ativo;1;S10 B - 2012 A 2020, TRAILBLAZER - 2013 A 2020
9;11588563;PRISIONEIRO PARAFUSO RODA;2;14,45;14,27;14,45;35,28;35,28;0;0;0;0;0;0;D;28/07/2026;16/01/2026;RA0721;D;112CG1;GM - Brasil;Sim;Sim;Ativo;1;S10 B - 2012 A 2020, TRAILBLAZER - 2013 A 2020
9;11588818;PRESILHA SOLEIRA DEGRAU PARACHOQUE;22;8,08;8,14;9,14;16,83;16,83;10;0;5;4;0;0;B;07/02/2026;14/07/2026;CVA79;B;108QG1;GM - Brasil;Sim;Sim;Ativo;1;COBALT - 2012 A 2020, MONTANA B - 2011 A 2020, ONIX - 2013 A 2019, S10 B - 2012 A 2020, TRACKER B - 2014 A 2019
9;11588882;GRAMPO LE;2;6,57;8,65;7,63;16,05;16,05;0;0;0;0;0;0;D;21/01/2026;30/12/2025;RA0115;D;106QG1;GM - Brasil;Sim;Sim;Ativo;1;COBALT - 2012 A 2020, ONIX - 2013 A 2019, S10 B - 2012 A 2020, TRAILBLAZER - 2013 A 2020
9;11589289;RETENTOR GRAMPO;70;0,47;0,60;0,57;7,25;7,25;7;0;30;17;33;3;A;02/06/2026;18/07/2026;CVA01M;A;105PA1;GM - Brasil;Sim;Sim;Ativo;1;CAMARO - 2011 A 2015, CAMARO CONV. - 2014 A 2015, COBALT - 2012 A 2020, CRUZE A  - 2012 A 2016, EQUINOX - 2018 A 2019, MALIBU - 2013 A 2013, ONIX - 2013 A 2019, PRISMA B - 2013 A 2019, SONIC - 2012 A 2014, TRACKER B - 2014 A 2019, TRAILBLAZER - 2013 A 2020
9;11589293;REBITE PINO BOTAO PRESILHA GRAMPO;11;1,12;1,11;1,12;14,13;14,13;0;5;9;4;0;4;A;08/07/2026;18/06/2026;CVA160;A;109HG1;GM - Brasil;Sim;Sim;Ativo;1;CAMARO - 2011 A 2015, CAMARO CONV. - 2014 A 2015, COBALT - 2012 A 2020, CRUZE A  - 2012 A 2016, CRUZE B - 2017 A 2019, EQUINOX - 2018 A 2019, MALIBU - 2013 A 2013, ONIX - 2013 A 2019, PRISMA B - 2013 A 2019, SONIC - 2012 A 2014, TRACKER B - 2014 A 2019
9;11589295;REBITE PRESILHA;29;7,26;7,32;8,36;15,34;15,34;0;15;12;0;5;5;A;08/07/2026;24/06/2026;CVA161;A;110BD1;GM - Brasil;Sim;Sim;Ativo;1;CAMARO - 2011 A 2015, CAMARO CONV. - 2014 A 2015, CAPTIVA - 2008 A 2017, COBALT - 2012 A 2020, ONIX - 2013 A 2019, PRISMA B - 2013 A 2019, SONIC - 2012 A 2014
9;11589329;GRAMPO MOLDURA PAINEL INSTRUMENTOS;4;0,11;0,11;0,11;5,85;5,85;0;0;0;0;2;0;C;23/03/2026;30/03/2026;DD0341;C;106DG3;GM - Brasil;Sim;Sim;Ativo;1;CAMARO - 2011 A 2015, CAMARO CONV. - 2014 A 2015, CAMARO CONV. B - 2017 A 2021, CAMARO COUPE NG - 2017 A 2021, CAPTIVA - 2008 A 2017, COBALT - 2012 A 2020, CRUZE A - 2012 A 2016, CRUZE B - 2017 A 2019, EQUINOX - 2018 A 2019, MALIBU - 2013 A 2013, ONIX - 2013 A 2019, PRISMA B - 2013 A 2019, S10 B - 2012 A 2020, SONIC - 2012 A 2014, SPIN - 2013 A 2020, TRACKER B - 2014 A 2019, TRAILBLAZER - 2013 A 2020
9;11602886;PORCA NAO ROSCADA DE;4;3,35;4,79;9,48;7,33;7,33;0;4;0;4;0;0;B;09/02/2026;22/06/2026;CVA79;B;112BH1;GM - Brasil;Sim;Sim;Ativo;1;
9;11604729;RETENTOR-LANTERNA TR;3;75,04;97,63;111,13;153,08;153,08;1;1;0;0;0;0;C;02/06/2026;31/07/2026;PDS04;C;106PJ1;GM - Brasil;Sim;Sim;Ativo;1;
9;11609952;GRAMPO PARACHOQUE EXT PARABARRO;428;2,52;2,54;2,52;5,32;5,32;259;208;207;200;321;211;A;08/07/2026;31/07/2026;CVA162;A;110TC1;GM - Brasil;Sim;Sim;Ativo;1;CAMARO - 2011 A 2015, CAMARO CONV. - 2014 A 2015, COBALT - 2012 A 2020, CRUZE A  - 2012 A 2016, CRUZE B - 2017 A 2019, EQUINOX - 2018 A 2019, MALIBU - 2013 A 2013, MONTANA B - 2011 A 2020, ONIX - 2013 A 2019, PRISMA B - 2013 A 2019, S10 B - 2012 A 2020, SONIC - 2012 A 2014, TRACKER B - 2014 A 2019, TRAILBLAZER - 2013 A 2020
9;11609971;RETENTOR ARMAZENAMENTO MACACO;2;62,28;59,26;62,28;124,51;124,51;0;1;2;0;0;0;B;14/07/2026;26/06/2026;CVA170;B;109AJ2;GM - Brasil;Sim;Sim;Ativo;1;
9;11610164;PARAFUSO VOLANTE DIREÇÃO M15X1.5X29MM;2;7,34;10,25;7,33;15,67;15,67;0;0;0;1;0;3;A;25/03/2026;22/04/2026;CVA113;A;110PD2;GM - Brasil;Sim;Sim;Ativo;1;BOLT EV - 2017 A 2020, CAMARO - 2017 A 2019, CAMARO - 2014 A 2015, CAMARO - 2012 A 2015, COBALT - 2012 A 2020, CRUZE - 2016 A 2017, CRUZE - 2012 A 2016, CRUZE - 2018 A 2021, EQUINOX - 2018 A 2020, MALIBU NOVO - 2013 A 2013, OMEGA - 2006 A 2009, OMEGA - 2011 A 2011, ONIX - 2013 A 2021, ONIX NOVO - 2020 A 2020, PRISMA - 2013 A 2021, S-10 - 2012 A 2021, SONIC - 2012 A 2014, SPIN - 2013 A 2021, TRACKER 2 - 2014 A 2020, TRACKER 3 - 2021 A 2021, TRAILBLAZER - 2013 A 2021
9;11610544;PORCA;1;8,99;8,07;8,99;18,97;18,97;2;0;0;0;0;0;D;23/07/2024;21/07/2026;DD0746;D;106CD1;GM - Brasil;Sim;Sim;Ativo;1;
9;11610584;PARAFUSO ROSCADO;1;47,99;51,98;78,35;128,63;128,63;0;0;0;0;0;0;D;28/04/2025;29/04/2025;RA0432;D;112PD1;GM - Brasil;Sim;Sim;Ativo;1;
9;11610926;PRESILHAS GRAMPO FIXACAO;3;16,04;22,81;23,21;34,35;34,35;0;0;0;0;0;0;D;26/12/2025;02/02/2026;ZZ1253;D;106AD3;GM - Brasil;Sim;Sim;Ativo;1;COBALT - 2012 A 2020, CRUZE A  - 2012 A 2016, CRUZE B - 2017 A 2019, ONIX - 2013 A 2019, PRISMA B - 2013 A 2019, S10 B - 2012 A 2020, TRACKER B - 2014 A 2019, TRAILBLAZER - 2013 A 2020
9;11610973;PARAFUSO ROSCADO DE;2;9,41;9,41;9,41;19,77;19,77;0;0;0;0;0;0;D;31/07/2026;28/04/2021;DD0759;D;105BJ1;GM - Brasil;Sim;Sim;Ativo;1;
9;11611063;PARAFUSO PRISIONEIRO CUBO RODA;6;16,98;22,47;22,55;36,00;36,00;2;4;9;1;2;2;A;08/07/2026;27/07/2026;CVA160;A;107PH1;GM - Brasil;Sim;Sim;Ativo;1;COBALT - 2012 A 2020, ONIX - 2013 A 2019, PRISMA B - 2013 A 2019, SPIN - 2013 A 2020, TRACKER B - 2014 A 2019
9;11611177;PARAFUSO;1;120,78;120,78;120,78;253,79;253,79;0;0;0;0;0;0;D;31/07/2026;27/06/2024;ZZ0704;D;105AG1;GM - Brasil;Sim;Sim;Ativo;1;
9;11611225;PARAFUSO;2;0,84;1,13;1,17;2,35;2,35;0;0;0;0;4;0;C;09/02/2026;16/03/2026;CVA78;C;107CC1;GM - Brasil;Sim;Sim;Ativo;1;
9;11612034;PORCA;2;5,35;5,35;5,35;11,28;11,28;0;0;0;6;0;0;C;02/06/2026;30/04/2026;PDS04;C;112PB1;GM - Brasil;Sim;Sim;Ativo;1;
9;11612035;GRAMPO PRESILHA PLASTICO 22MM;17;1,01;0,52;0,98;16,69;16,69;6;6;0;23;18;13;A;08/07/2026;14/07/2026;CVA160;A;106CA1;GM - Brasil;Sim;Sim;Ativo;1;CAMARO - 2011 A 2015, CRUZE B - 2017 A 2019, CRUZE A  - 2012 A 2016, EQUINOX - 2018 A 2019, MALIBU - 2013 A 2013, ONIX - 2013 A 2019, PRISMA B - 2013 A 2019, SONIC - 2012 A 2014, TRACKER B - 2014 A 2019
9;11900172;PARAFUSO;4;2,88;2,88;2,88;6,36;6,36;0;0;0;0;0;0;D;07/10/2025;30/06/2025;DDS999;D;113GG1;GM - Brasil;Sim;Sim;Ativo;1;CELTA - 2011 A 2016, CORSA NOVO - 2006 A 2012, MERIVA - 2006 A 2012, MONTANA - 2006 A 2011, PRISMA - 2011 A 2012, S-10 - 2012 A 2021, S-10 - 2012 A 2015
9;12378526;ÓLEO COMPRESSOR AR CONDICIONADO;2550;0,31;0,53;0,31;1,00;1,00;850;750;700;600;900;850;A;06/07/2026;31/07/2026;ALMIRANTE DIST.ESTOQ;A;1SALA A1;GM - Brasil;Sim;Sim;Ativo;1;BLAZER - 1996 A 2011, OMEGA A - 1993 A 1998, OMEGA B - 1999 A 2009, S-10 - 1995 A 2011, SILVERADO - 1997 A 2002, VECTRA A - 1994 A 1996, VECTRA B - 1997 A 2005
9;12471330;ESPAÇADOR ROLAMENTO;2;5,05;196,60;5,05;13,13;19,62;0;0;0;0;0;0;D;10/02/2025;27/11/2024;ZED73;D;112DD1;GM - Brasil;Sim;Sim;Ativo;1;
9;12471586;RETENTOR DO SEMI-EIXO DIANTEIRO;6;27,08;27,09;27,08;84,90;84,90;429;10;0;285;55;95;A;28/07/2026;31/07/2026;MAL08;A;198BB1;GM - Brasil;Sim;Sim;Ativo;1;BLAZER - 1996 A 2011, S10 A - 1995 A 2011
9;12479267;VEDADOR;3;60,95;60,95;60,95;150,61;150,61;2;10;5;0;5;2;A;29/07/2026;16/07/2026;RA0722;A;109HC1;GM - Brasil;Sim;Sim;Ativo;1;S10 B - 2012 A 2020, TRAILBLAZER - 2013 A 2020
9;12565836;VEDADOR DE VÁLVULAS;3;192,41;289,32;262,56;475,87;475,87;0;0;0;0;0;0;D;05/12/2024;19/12/2024;ZZ1165;D;113BD1;GM - Brasil;Sim;Sim;Ativo;1;CAPTIVA - 2008 A 2017, EQUINOX - 2018 A 2019, OMEGA B - 1999 A 2009, OMEGA C - 2011 A 2011, S10 B - 2012 A 2020, TRAILBLAZER - 2013 A 2020
9;12591866;VEDADOR ÓLEO TRASEIRO VIRABREQUIM;8;319,52;472,76;472,76;704,67;704,67;0;1;0;0;1;2;B;24/09/2025;17/06/2026;BST30;B;113CD1;GM - Brasil;Sim;Sim;Ativo;1;CAPTIVA - 2008 A 2017, EQUINOX - 2008 A 2020, MALIBU - 2010 A 2012, MALIBU NOVO - 2013 A 2013, S-10 - 2015 A 2021
9;12594875;ISOLADOR PROTETOR;12;43,11;43,11;56,20;81,94;81,94;8;1;13;4;6;7;A;08/07/2026;20/07/2026;CVA162;A;110AC1;GM - Brasil;Não;Não;Ativo;1;CAMARO - 2017 A 2020, S-10 - 2012 A 2021, TRAIBLAZER - 2013 A 2021
9;12605566;FILTRO DE ÓLEO;14;17,92;17,56;17,92;51,31;51,31;0;0;0;1;2;0;B;05/06/2026;14/04/2026;MAL55;B;146AJ1;GM - Brasil;Não;Não;Ativo;1;CAPTIVA - 2008 A 2017, MALIBU - 2013 A 2013
9;12613249;VEDADOR TUBO CABO DE VELAS;3;79,24;79,23;79,24;166,63;166,63;0;2;0;2;0;0;C;26/06/2026;10/06/2026;CVA151;C;106CD1;GM - Brasil;Sim;Sim;Ativo;1;
9;12616850;ORING BUJÃO DRENO DO ÓLEO;2226;6,72;8,78;8,87;14,76;14,76;785;950;842;752;858;718;A;27/07/2026;03/08/2026;JLL11;A;112TD1;GM - Brasil;Sim;Sim;Ativo;1;CAPTIVA - 2008 A 2017, CRUZE A - 2012 A 2016, ONIX - 2013 A 2019, PRISMA B - 2013 A 2019, SONIC - 2012 A 2014, SPIN - 2013 A 2020, TRACKER B - 2014 A 2019
9;12625214;BALANCIM ROLETADO;192;129,75;129,79;160,06;245,58;245,58;0;16;80;0;18;73;A;02/06/2026;09/06/2026;RA0581;A;109BH3;GM - Brasil;Não;Não;Ativo;1;S10 B - 2012 A 2020, TRAILBLAZER - 2013 A 2020
9;12625395;ARRUELA;2;64,75;64,75;64,75;131,96;131,96;0;0;0;1;0;1;C;28/04/2026;15/04/2026;RA0449;C;105AJ1;GM - Brasil;Sim;Sim;Ativo;1;TRAILBLAZER
9;12625396;ARRUELA ENCOSTO VIRABREQUIM;3;60,01;39,22;60,01;79,94;79,94;0;0;2;2;0;1;B;02/06/2026;07/05/2026;CVA02M;B;108PG1;GM - Brasil;Sim;Sim;Ativo;1;TRAILBLAZER
9;12625417;RETENTOR TRASEIRO VIRABREQUIM;12;113,83;113,83;148,09;217,52;217,52;2;5;3;3;8;1;A;27/07/2026;15/07/2026;JLL11;A;112QB1;GM - Brasil;Não;Não;Ativo;1;S10 B - 2012 A 2020, TRAILBLAZER - 2013 A 2020
9;12625458;BIELA DO MOTOR;2;350,59;325,10;325,10;928,10;928,10;2;4;5;5;4;4;A;28/04/2026;15/07/2026;VR106;A;113DJ1;GM - Brasil;Não;Não;Ativo;1;
9;12625560;TENSOR DA CORREIA DENTADA;4;216,75;216,75;216,75;622,50;622,50;2;0;0;2;4;3;A;25/06/2026;29/07/2026;ABRR56;A;198PB;GM - Brasil;Não;Não;Ativo;1;S10 B - 2012 A 2020, TRAILBLAZER - 2013 A 2020
9;12627108;ENGRENAGEM DA ARVORE;1;529,76;529,76;529,76;756,51;756,51;0;0;0;0;0;0;D;;;;D;108PG1;GM - Brasil;Sim;Sim;Ativo;1;
9;12627134;CORREIA ACESSÓRIOS POLY-V 5PK1765;4;66,71;66,03;66,71;168,81;168,81;2;1;0;0;3;1;A;13/07/2026;29/07/2026;COPA53;A;107DK1;GM - Brasil;Sim;Sim;Ativo;1;S-10 - 2015 A 2019
9;12628104;JUNTA RESFRIADOR DE ÓLEO;2;213,34;216,81;213,34;414,76;414,76;1;1;2;0;0;1;B;26/06/2026;29/07/2026;CVA151;B;110BH1;GM - Brasil;Não;Não;Ativo;1;S10 B - 2012 A 2020, TRAILBLAZER - 2013 A 2020
9;12630461;PARAFUSO;36;6,91;6,91;6,91;14,08;14,08;18;43;8;32;18;8;A;24/07/2026;29/07/2026;CVA149;A;109AD1;GM - Brasil;Sim;Sim;Ativo;1;S10 NOVA CAB SIMPLES S10 NOVA CAB ESTEND S10 NOVA CAB DUPLA
9;12632174;VÁLVULA SOLENÓIDE DO CANISTER;6;167,44;167,62;167,44;299,20;299,20;2;0;4;1;1;2;A;05/06/2026;27/07/2026;CVA11M;A;109GK1;GM - Brasil;Não;Não;Ativo;1;CRUZE - 2016 A 2017, CRUZE - 2018 A 2021, EQUINOX - 2018 A 2020, S-10 - 2015 A 2021, TRACKER 2 - 2017 A 2020
9;12632412;BICO ÓLEO DO PISTÃO;17;52,38;52,55;67,77;100,44;100,44;13;8;16;8;8;12;A;08/07/2026;29/07/2026;CVA162;A;107RD1;GM - Brasil;Não;Não;Ativo;1;S-10 - 2012 A 2021, TRAIBLAZER - 2013 A 2021
9;12633154;VARETA DE NÍVEL DO ÓLEO;1;51,55;51,55;69,77;110,71;110,71;2;1;2;1;0;0;A;07/02/2026;24/07/2026;CVA80;A;106RJ1;GM - Brasil;Sim;Sim;Ativo;1;S-10 - 2015 A 2021
9;12636838;FILTRO DE ÓLEO;868;43,19;35,84;59,67;142,11;142,11;169;201;191;196;203;174;A;13/07/2026;01/08/2026;COPA46;A;114QB;GM - Brasil;Sim;Sim;Ativo;1;"S10 B - 2012 A 2020, TRAILBLAZER - 2013 A 2020
FILTRO ACDELCO *19522326*"
9;12637739;JUNTA COLETOR DE ADMISSÃO;2;103,81;104,81;103,81;199,21;199,21;1;0;1;0;2;0;B;30/07/2026;22/07/2026;RA0726;B;109AH1;GM - Brasil;Não;Não;Ativo;1;S-10 - 2014 A 2021, TRAILBLAZER - 2014 A 2021
9;12638536;JUNTA DO COLETOR INTERNO;2;11,45;11,64;11,45;24,46;24,46;2;0;0;1;1;2;B;30/07/2026;22/07/2026;RA0726;B;111BG1;GM - Brasil;Sim;Sim;Ativo;1;S-10 - 2014 A 2021, TRAILBLAZER - 2014 A 2021
9;12640381;BICO INJETOR DE COMBUSTÍVEL;24;1.359,49;1.508,45;1.545,93;3.308,19;3.308,19;7;12;1;2;19;4;A;13/07/2026;17/07/2026;COPA43;A;105DJ2;GM - Brasil;Não;Não;Ativo;1;
9;12640384;VELA PRE AQUECIMENTO;4;80,84;89,11;80,84;135,41;135,41;0;0;0;0;0;0;D;25/04/2024;26/04/2024;CICAL JOEL,;D;105PD1;GM - Brasil;Não;Não;Ativo;1;S10 B - 2012 A 2020, TRAILBLAZER - 2013 A 2020
9;12641073;SENSOR TEMPERATURA LÍQUIDO MOTOR;5;121,52;167,66;121,52;311,31;311,31;2;2;2;2;0;1;A;25/06/2026;24/07/2026;COPA18;A;108SG1;GM - Brasil;Sim;Sim;Ativo;1;BOLT EV - 2017 A 2020, CRUZE - 2016 A 2017, CRUZE - 2018 A 2021, EQUINOX - 2020 A 2020, S-10 - 2015 A 2021, TRACKER 2 - 2017 A 2019
9;12641662;JUNTA RESFRIADOR VÁLVULA EGR;2;27,08;27,07;36,08;73,96;73,96;1;0;0;0;3;1;B;21/07/2026;16/07/2026;MAL54;B;108AA2;GM - Brasil;Sim;Sim;Ativo;1;
9;12642175;JUNTA VEDAÇÃO TURBO COMPRESSOR;2;59,87;59,87;59,87;126,05;126,05;0;1;0;2;0;0;B;22/06/2026;16/06/2026;RA0675;B;105DA1;GM - Brasil;Sim;Sim;Ativo;1;
9;12642186;JUNTA COLETOR;3;130,87;130,88;174,25;274,99;274,99;1;3;1;1;1;0;A;13/07/2026;31/07/2026;CVA161;A;112SD2;GM - Brasil;Sim;Sim;Ativo;1;S10 B - 2012 A 2020, TRAILBLAZER - 2013 A 2020
9;12642203;RETENTOR DIANTEIRO VIRABREQUIM;6;29,73;29,74;39,55;73,73;73,73;2;3;3;3;3;0;A;02/07/2026;27/07/2026;CVA160;A;106CH1;GM - Brasil;Sim;Sim;Ativo;1;S10 B - 2012 A 2020, TRAILBLAZER - 2013 A 2020
9;12643563;RETENTOR COMANDO DE VÁLVULAS;21;27,11;27,19;35,34;61,20;61,20;0;7;6;8;8;7;A;02/07/2026;29/06/2026;CVA161;A;110QG2;GM - Brasil;Não;Não;Ativo;1;S10 B - 2012 A 2020, TRAILBLAZER - 2013 A 2020
9;12643564;SELO MOTOR 43MM COMANDO CABEÇOTE;27;13,84;13,90;18,20;31,26;31,26;6;13;22;6;7;14;A;02/07/2026;09/07/2026;RA0677;A;107GJ1;GM - Brasil;Não;Não;Ativo;1;S10 B - 2012 A 2020, TRAILBLAZER - 2013 A 2020
9;12643582;JUNTA TAMPA DE VÁLVULA;7;92,89;89,68;117,49;187,46;187,46;3;6;6;2;3;4;A;14/07/2026;31/07/2026;CVA170;A;112TG1;GM - Brasil;Não;Não;Ativo;1;S-10 - 2014 A 2021, TRAIBLAZER - 2014 A 2021
9;12643708;SONDA LAMBDA POS CATALISADOR;1;270,93;222,11;222,13;676,89;676,89;3;0;3;2;0;1;A;02/07/2026;17/07/2026;COPA43;A;108CG1;GM - Brasil;Sim;Sim;Ativo;1;COBALT - 2012 A 2020, MONTANA B - 2011 A 2020, ONIX - 2013 A 2019, PRISMA B - 2013 A 2019
9;12644510;TENSIONADOR CORREIA DENTADA;41;235,49;316,51;329,65;650,09;650,09;14;17;15;13;15;10;A;29/07/2026;30/07/2026;JLL17;A;197AB;GM - Brasil;Não;Não;Ativo;1;S10 B - 2012 A 2020, TRAILBLAZER - 2013 A 2020
9;12645126;BOMBA ÁGUA;8;298,87;358,62;358,62;729,82;729,82;14;20;21;6;11;3;A;18/06/2026;30/07/2026;MAL29;A;198BC1;GM - Brasil;Não;Não;Ativo;1;S10 B - 2012 A 2020, TRAILBLAZER - 2013 A 2020
9;12648979;JUNTA DO CABEÇOTE;2;227,33;227,33;332,89;689,19;689,19;1;0;1;3;1;0;B;22/05/2026;21/07/2026;MAL05;B;109HP1;GM - Brasil;Sim;Sim;Ativo;1;
9;12654110;VELAS IGNICAO;24;58,88;58,88;58,88;108,67;108,67;0;16;4;8;8;8;A;14/07/2026;25/06/2026;CVA170;A;110QK2;GM - Brasil;Não;Não;Ativo;1;S10 B - 2012 A 2020
9;12656444;SENSOR TEMPERATURA;2;125,19;119,87;125,19;296,48;296,48;5;1;1;0;0;0;B;25/06/2026;01/08/2026;COPA18;B;112AH1;GM - Brasil;Sim;Sim;Ativo;1;
9;12660118;CORRENTE DISTRIBUIÇÃO;1;238,24;238,24;238,24;589,64;589,64;0;0;0;0;0;0;D;02/12/2025;23/09/2025;COR76;D;112BG1;GM - Brasil;Sim;Sim;Ativo;1;CRUZE - 2016 A 2017, CRUZE - 2018 A 2021, EQUINOX - 2020 A 2020, TRACKER 2 - 2017 A 2020
9;12663277;AJUSTADOR FOLGA VÁLVULA;111;24,63;35,31;33,01;54,69;54,69;25;42;48;84;24;25;A;08/07/2026;30/07/2026;CVA162;A;109BH1;GM - Brasil;Sim;Sim;Ativo;1;ONIX NOVO - 2020 A 2021, TRACKER 3 - 2021 A 2021
9;12667465;CASQUILHO BIELA;19;131,25;175,67;175,67;296,07;296,07;0;0;0;8;8;0;C;17/11/2025;07/04/2026;NOVE07;C;109GH1;GM - Brasil;Não;Não;Ativo;1;S-10 - 2012 A 2019, TRAIBLAZER - 2013 A 2019
9;12667475;MANCAL INFERIOR VIRABREQUIM;1;85,69;85,69;85,69;168,30;168,30;0;0;0;0;0;0;D;13/10/2025;29/08/2025;CVC02;D;106QG1;GM - Brasil;Não;Não;Ativo;1;S-10 - 2013 A 2019, TRAIBLAZER - 2012 A 2019
9;12667478;MANCAL INFERIOR VIRABREQUIM;2;46,24;51,78;46,24;117,09;117,09;0;0;0;0;5;0;D;07/01/2025;23/03/2026;ZED71;D;112GC1;GM - Brasil;Não;Não;Ativo;1;
9;12668429;VEDADOR BOMBA DE VÁCUO;26;47,47;65,14;62,97;105,35;105,35;12;7;26;7;11;5;A;27/07/2026;31/07/2026;JLL11;A;106RB1;GM - Brasil;Sim;Sim;Ativo;1;
9;12670746;VÁLVULA CONTROLE BOMBA DE ÓLEO;2;749,64;749,64;749,64;1.435,97;1.435,97;2;1;2;1;0;0;A;29/07/2026;15/07/2026;RA0722;A;112AD1;GM - Brasil;Não;Não;Ativo;1;
9;12671625;SENSOR FLUXO AR DE ADMISSÃO;2;802,45;822,83;802,45;2.040,73;2.040,73;2;0;1;0;0;1;B;28/07/2026;22/07/2026;RA0722;B;113AD1;GM - Brasil;Sim;Sim;Ativo;1;
9;12674112;VELAS IGINIÇÃO;268;72,26;68,67;96,34;128,83;128,83;64;68;16;177;204;72;A;13/06/2026;31/07/2026;NMA50;A;106AJ2;GM - Brasil;Não;Não;Ativo;1;"CRUZE B - 2017 A 2019, TRACKER B - 2014 A 2019
ACDELCO 19378985"
9;12674460;BOMBA DE OLEO LUBRIF;2;662,13;662,13;662,13;1.265,35;1.265,35;2;0;0;2;0;1;B;28/07/2026;18/07/2026;RA0724;B;110DD1;GM - Brasil;Não;Não;Ativo;1;
9;12674807;CASQUILHO BIELA;1;98,94;98,94;98,94;190,56;190,56;0;0;0;0;0;0;D;27/10/2025;23/10/2025;RA1006;D;109DB1;GM - Brasil;Não;Não;Ativo;1;
9;12682079;BOMBA DE ALTA PRESSÃO;11;1.161,80;1.409,32;1.728,86;3.000,37;3.000,37;9;1;1;6;8;2;A;16/06/2026;31/07/2026;MAL29;A;112QH1;GM - Brasil;Não;Não;Ativo;1;CRUZE - 2016 A 2017, CRUZE - 2018 A 2021, EQUINOX - 2020 A 2020, TRACKER 2 - 2017 A 2020
9;12684249;BICO INJETOR COMBUSTIVEL;285;536,03;510,35;716,12;1.292,87;1.292,87;82;107;19;77;111;86;A;07/05/2026;01/08/2026;ABRR14;A;112GA1;GM - Brasil;Não;Não;Ativo;1;CRUZE B - 2017 A 2019
9;12686366;MÓDULO MOTOR;1;2.683,59;2.683,59;2.683,59;6.040,03;6.040,03;0;0;0;0;0;0;D;31/07/2026;25/01/2023;DD0761;D;112AK1;GM - Brasil;Não;Não;Ativo;1;COBALT - 2017 A 2017, ONIX - 2017 A 2017, PRISMA - 2017 A 2017, SPIN - 2017 A 2017
9;12686657;BOMBA DE VÁCUO;9;997,29;997,29;997,29;2.105,10;2.105,10;0;7;4;4;1;1;A;02/07/2026;02/07/2026;CVA162;A;111CD1;GM - Brasil;Sim;Sim;Ativo;1;
9;12693989;VEDADOR DIANTEIRO VIRABREQUIM;34;10,67;30,25;18,79;46,27;46,27;40;20;10;20;22;28;A;08/07/2026;31/07/2026;CVA161;A;144PC3;GM - Brasil;Sim;Sim;Ativo;1;
9;12704670;VELA DE IGNIÇÃO;22;63,32;62,63;83,82;151,87;151,87;21;9;36;54;39;42;A;13/07/2026;31/07/2026;COPA35;A;198BB1;GM - Brasil;Não;Não;Ativo;1;
9;12706892;VARETA DE NÍVEL DO ÓLEO;2;41,92;42,46;41,92;89,64;89,64;1;0;0;1;2;1;B;25/04/2026;06/07/2026;CVA133;B;112CL1;GM - Brasil;Sim;Sim;Ativo;1;
9;12716054;VALVULA CJ-SOLE;3;26,02;27,81;26,02;51,59;51,59;0;0;1;1;0;0;C;26/05/2026;14/05/2026;RA0577;C;105QG1;GM - Brasil;Não;Não;Ativo;1;
9;12733487;SENSOR CJ-POSC E/COM;1;195,10;244,24;195,10;385,67;385,67;0;0;0;0;0;0;D;;21/11/2024;;D;109AA1;GM - Brasil;Sim;Sim;Ativo;1;
9;12739960;FILTRO KIT-OLEO;8;52,00;65,98;65,87;121,98;121,98;0;0;0;1;0;0;D;14/01/2025;28/04/2026;RJN01;D;108PH1;GM - Brasil;Não;Não;Ativo;1;
9;13270886;FILTRO AR MOTOR;1;25,76;33,30;33,94;77,92;77,92;0;0;0;0;1;0;C;05/05/2026;19/03/2026;ABRR46;C;145GC1;GM - Brasil;Sim;Sim;Ativo;1;CORSA B - 2002 A 2012, MERIVA - 2002 A 2012, MONTANA A - 2004 A 2011
9;13271042;FILTRO DE AR;4;27,69;23,58;23,58;89,31;89,31;1;0;0;0;0;1;C;12/08/2025;20/07/2026;ATG13;C;144RB1;GM - Brasil;Sim;Sim;Ativo;1;ASTRA B - 1999 A 2011, VECTRA C - 2006 A 2011, ZAFIRA - 2001 A 2012
9;13272720;FILTRO DE AR;4;35,48;49,67;49,03;116,24;116,24;1;0;0;0;1;3;B;17/11/2025;15/07/2026;NOVE11;B;144BB1;GM - Brasil;Sim;Sim;Ativo;1;CRUZE A  - 2012 A 2016
9;13278368;BRAÇADEIRA;1;81,21;66,88;89,12;202,60;202,60;0;0;0;0;0;0;D;11/11/2025;15/08/2025;RA0801;D;105AH1;GM - Brasil;Sim;Sim;Ativo;1;CRUZE A  - 2012 A 2016, CRUZE B - 2017 A 2019, ONIX - 2013 A 2019, PRISMA B - 2013 A 2019
9;13306606;COXIM SUPERIOR DO RADIADOR;2;44,58;59,68;59,18;84,73;84,73;1;2;0;2;2;0;B;29/07/2026;16/07/2026;RA0722;B;111AD1;GM - Brasil;Não;Não;Ativo;1;COBALT - 2012 A 2020, CRUZE B - 2017 A 2019, MALIBU - 2013 A 2013, ONIX - 2013 A 2019, PRISMA B - 2013 A 2019, SONIC - 2012 A 2014, SPIN - 2013 A 2020, TRACKER B - 2014 A 2019
9;13356636;LACRE SUPERIOR AR RADIADOR;1;22,59;20,08;22,59;52,58;52,58;0;0;0;0;2;0;C;24/02/2026;31/03/2026;ZX1148;C;152SC1;GM - Brasil;Sim;Sim;Ativo;1;
9;13357534;ANEL SENSOR ALARME ESTACIONAMENTO;8;104,91;105,01;155,49;220,20;220,20;4;5;6;2;7;3;A;14/07/2026;27/07/2026;CVA170;A;108PH1;GM - Brasil;Sim;Sim;Ativo;1;COBALT - 2012 A 2020, ONIX - 2013 A 2019, PRISMA B - 2013 A 2019, S10 B - 2012 A 2020, SPIN - 2013 A 2020, TRACKER B - 2014 A 2019, TRAILBLAZER - 2013 A 2020
9;13363695;COIFA AMORTECEDOR DIANTEIRO;5;20,47;21,11;20,47;64,26;64,26;4;0;2;0;0;0;B;17/11/2025;31/07/2026;NOVE06;B;107QB2;GM - Brasil;Não;Não;Ativo;1;
9;13367308;FILTRO DE AR;6;59,23;82,80;78,03;193,79;193,79;11;6;6;2;7;4;A;13/06/2026;29/07/2026;LOT11M;A;144GD1;GM - Brasil;Sim;Sim;Ativo;1;CRUZE B - 2017 A 2019
9;13367308;FILTRO DE AR;6;59,23;82,80;78,03;193,79;193,79;11;6;6;2;7;4;A;13/06/2026;29/07/2026;LOT11M;A;1446GD1;GM - Brasil;Sim;Sim;Ativo;1;CRUZE B - 2017 A 2019
9;13393368;RESERVATÓRIO ÁGUA DO RADIADOR;4;191,45;191,45;191,45;365,88;365,88;0;1;1;1;0;0;B;09/07/2026;26/06/2026;RA0682;B;113BA1;GM - Brasil;Não;Não;Ativo;1;CRUZE A  - 2012 A 2016
9;13447592;SENSOR PROXIMIDADE;2;251,70;245,00;251,70;515,92;515,92;1;0;0;1;1;0;B;28/07/2026;07/07/2026;RA0721;B;105CA1;GM - Brasil;Sim;Sim;Ativo;1;CRUZE - 2017 A 2017, CRUZE - 2018 A 2021, EQUINOX - 2018 A 2020
9;13464219;PALHETA LIMPADOR VIDRO TRASEIRO;2;74,00;74,00;99,11;156,46;156,46;0;0;1;2;1;0;B;07/05/2026;01/06/2026;ABRR56;B;144QB1;GM - Brasil;Não;Não;Ativo;1;
9;13466934;ALETA ESQUERDA DO RADIADOR;1;161,86;155,19;155,19;309,31;309,31;0;1;1;2;0;1;B;29/06/2026;02/07/2026;CVA151;B;108PK1;GM - Brasil;Não;Não;Ativo;1;CRUZE B - 2017 A 2019
9;13470639;SENSOR DE VELOCIDADE ABS;2;117,01;117,01;117,01;229,62;229,62;0;0;1;0;2;0;B;29/07/2026;15/05/2026;RA0437;B;112TG1;GM - Brasil;Sim;Sim;Ativo;1;CRUZE A  - 2012 A 2016
9;13479258;RETENTOR HASTE;5;11,89;12,38;13,89;25,63;25,63;4;2;4;1;3;5;A;27/03/2026;28/07/2026;CVA120;A;108BG1;GM - Brasil;Sim;Sim;Ativo;1;CRUZE - 2017 A 2017, CRUZE - 2018 A 2021, ONIX - 2020 A 2021, TRACKER 3 - 2021 A 2021
9;13488275;SUPORTE PARA-SOL;2;7,06;6,23;9,53;13,55;13,55;0;1;0;0;2;0;C;24/03/2026;26/06/2026;CVA113;C;105BD1;GM - Brasil;Não;Não;Ativo;1;
9;13497989;LANTERNA SETA PARALAMA LE;4;18,90;18,91;18,90;46,36;46,36;1;0;2;2;0;1;B;30/07/2026;14/07/2026;JLL38;B;107DG1;GM - Brasil;Não;Não;Ativo;1;COBALT - 2012 A 2020, SPIN - 2013 A 2020
9;13497990;LANTERNA INDICADORA DIREÇÃO LD;7;18,90;18,90;18,90;46,36;46,36;1;1;4;3;1;0;A;30/07/2026;09/07/2026;JLL38;A;110DH1;GM - Brasil;Não;Não;Ativo;1;COBALT - 2012 A 2020, SPIN - 2013 A 2020
9;13500813;SOQUETE FAROL;1;77,53;77,53;58,14;154,16;154,16;6;10;4;3;2;4;A;26/06/2026;21/07/2026;COPA34;A;144PC1;GM - Brasil;Sim;Sim;Ativo;1;CAPTIVA - 2008 A 2017, COBALT - 2012 A 2020, CRUZE B - 2017 A 2019, MALIBU - 2013 A 2013, ONIX - 2013 A 2019, PRISMA B - 2013 A 2019, SPIN - 2013 A 2020, TRACKER B - 2014 A 2019
9;13501151;ATUADOR TRAVA TAMPA TANQUE COMBUST;1;29,55;29,74;29,55;68,73;68,73;3;3;3;1;3;3;A;09/07/2026;03/08/2026;CVA170;A;107TG1;GM - Brasil;Sim;Sim;Ativo;1;CRUZE A  - 2012 A 2016, ONIX - 2013 A 2019, PRISMA B - 2013 A 2019, SPIN - 2013 A 2020
9;13502045;DISCO DE FREIO DIANTEIRO;1;412,78;220,43;220,43;1.099,71;1.099,71;0;0;0;0;0;0;D;02/05/2025;14/08/2023;NF 632167;D;152BA1;GM - Brasil;Não;Não;Ativo;1;CRUZE A  - 2012 A 2016
9;13502348;VÁLVULA ALÍVIO;8;26,86;26,97;35,87;56,91;56,91;0;4;3;3;1;4;A;08/07/2026;27/06/2026;CVA160;A;107PB1;GM - Brasil;Sim;Sim;Ativo;1;COBALT - 2012 A 2020, ONIX - 2013 A 2019, PRISMA B - 2013 A 2019, SONIC - 2012 A 2014, TRACKER B - 2014 A 2019
9;13503380;LÂMPADA FAROL LD;7;27,40;38,15;27,54;54,49;54,49;10;5;6;9;6;5;A;05/06/2026;29/07/2026;LOT18M;A;107RJ1;GM - Brasil;Sim;Sim;Ativo;1;COBALT - 2012 A 2020, CORSA A - 1994 A 2017, CORSA PICK-UP - 1994 A 2017, CORSA WAGON - 1994 A 2017, CRUZE A  - 2012 A 2016, ONIX - 2013 A 2019, PRISMA A - 2007 A 2012, PRISMA B - 2013 A 2019
9;13503397;LÂMPADA;1;6,11;6,11;6,11;12,58;12,58;0;0;1;0;0;0;D;11/11/2025;23/05/2026;LAMP63;D;106CD1;GM - Brasil;Sim;Sim;Ativo;1;AGILE - 2010 A 2014, CELTA - 2001 A 2016, COBALT - 2012 A 2020, CORSA A - 1994 A 2017, CORSA PICK-UP - 1994 A 2017, CORSA WAGON - 1994 A 2017, CRUZE A  - 2012 A 2016, MONTANA B - 2011 A 2020, ONIX - 2013 A 2019, PRISMA A - 2007 A 2012, PRISMA B - 2013 A 2019, S10 B - 2012 A 2020, TRAILBLAZER - 2013 A 2020
9;13503406;LÂMPADA LANTERNA LATERAL;4;28,65;28,65;28,65;42,60;42,60;1;0;0;0;0;0;C;18/05/2026;24/07/2026;ZZ0531;C;105DH2;GM - Brasil;Sim;Sim;Ativo;1;ONIX - 2020 A 2021, TRACKER - 2021 A 2021
9;13503422;LÂMPADA FAROL;32;2,55;2,48;2,55;13,90;13,90;29;39;26;25;26;15;A;01/08/2026;31/07/2026;;A;107DD1;GM - Brasil;Sim;Sim;Ativo;1;AGILE - 2010 A 2014
9;13503452;VENT,HIGH MT S/LP;76;3,92;3,98;5,18;7,59;7,59;12;7;24;30;27;26;A;26/06/2026;29/07/2026;CVA150;A;106BA1;GM - Brasil;Não;Não;Ativo;1;
9;13505131;COXIM AMORTECEDOR DIANTEIRO;10;221,54;240,98;402,65;737,56;737,56;0;0;0;0;4;0;B;07/04/2026;24/03/2026;NMA49;B;114AB;GM - Brasil;Não;Não;Ativo;1;CRUZE A  - 2012 A 2016
9;13505399;DOBRADIÇA PORTA;8;55,24;45,31;73,07;116,74;116,74;0;4;1;8;5;2;A;02/06/2026;03/07/2026;CVA01M;A;108PJ2;GM - Brasil;Sim;Sim;Ativo;1;COBALT - 2012 A 2020, ONIX - 2013 A 2019, PRISMA B - 2013 A 2019, TRACKER B - 2014 A 2019
9;13505400;DOBRADIÇA PORTA;2;58,71;58,80;58,71;124,11;124,11;2;4;2;3;3;1;A;31/07/2026;29/07/2026;RA0727;A;105BG1;GM - Brasil;Sim;Sim;Ativo;1;COBALT - 2012 A 2020, ONIX - 2013 A 2019, PRISMA B - 2013 A 2019, SPIN - 2013 A 2020, TRACKER B - 2014 A 2019
9;13508023;FILTRO DO AR CONDICIONADO;1390;18,82;25,72;24,71;60,90;60,90;251;330;261;215;316;184;A;29/07/2026;03/08/2026;COPA55;A;198PG;GM - Brasil;Sim;Sim;Ativo;1;CAMARO - 2011 A 2015, CRUZE B - 2017 A 2019, EQUINOX - 2018 A 2019
9;13508023;FILTRO DO AR CONDICIONADO;1390;18,82;25,72;24,71;60,90;60,90;251;330;261;215;316;184;A;29/07/2026;03/08/2026;COPA55;A;114QA;GM - Brasil;Sim;Sim;Ativo;1;CAMARO - 2011 A 2015, CRUZE B - 2017 A 2019, EQUINOX - 2018 A 2019
9;13511955;FECHADURA DA TAMPA TRASEIRA;4;193,92;193,92;193,92;369,77;369,77;1;4;1;3;1;2;A;02/07/2026;29/07/2026;CVA161;A;111GG2;GM - Brasil;Não;Não;Ativo;1;ONIX - 2013 A 2019
9;13513413;ROLAMENTO DA RODA DIANTEIRA;1;367,89;343,79;343,79;972,73;972,73;1;0;0;0;0;2;B;07/05/2026;22/07/2026;ABRR43;B;113CD1;GM - Brasil;Não;Não;Ativo;1;COBALT - 2012 A 2020, ONIX - 2013 A 2019, PRISMA B - 2013 A 2019
9;13513995;FECHADURA TAMPA PORTA-MALAS;2;207,36;194,24;273,58;395,42;395,42;5;0;4;4;2;5;A;08/07/2026;31/07/2026;CVA161;A;107AD1;GM - Brasil;Não;Não;Ativo;1;CAMARO - 2011 A 2015, COBALT - 2012 A 2020, CRUZE A  - 2012 A 2016, PRISMA B - 2013 A 2019, SONIC - 2012 A 2014
9;13513996;TRAVA TAMPA;1;197,80;197,80;197,80;377,17;377,17;2;1;1;0;1;0;B;28/07/2026;27/07/2026;RA0721;B;109AA1;GM - Brasil;Não;Não;Ativo;1;PRISMA - 2018 A 2019
9;13515907;DISCO DE FREIO DIANTEIRO;3;390,92;524,06;508,58;996,09;996,09;0;0;0;0;0;0;C;22/06/2026;02/02/2026;COPA12;C;155DA1;GM - Brasil;Não;Não;Ativo;1;CRUZE - 2016 A 2017, CRUZE - 2018 A 2021
9;13517843;DISCO DE FREIO DIANTEIRO;1;531,22;531,22;531,22;1.026,52;1.026,52;0;0;0;0;0;0;D;02/06/2025;;ZZ0561;D;151PB1;GM - Brasil;Não;Não;Ativo;1;
9;13518380;FECHADURA PORTA DIANTEIRA;2;471,94;471,93;471,94;899,90;899,90;0;0;0;2;0;0;C;02/06/2026;24/04/2026;PDS04;C;111PH1;GM - Brasil;Não;Não;Ativo;1;ONIX - 2013 A 2019
9;13523213;CHAVE COM APARELHO D;1;33,77;33,77;33,77;83,75;83,75;0;0;0;0;0;1;C;29/06/2026;27/02/2026;CVA151;C;105AD1;GM - Brasil;Sim;Sim;Ativo;1;
9;13524683;TRAVA TAMPA;2;433,12;433,12;433,12;825,90;825,90;2;0;1;1;0;1;B;31/07/2026;24/07/2026;RA0728;B;108AG1;GM - Brasil;Não;Não;Ativo;1;CRUZE - 2017 A 2017, CRUZE - 2018 A 2021, EQUINOX - 2018 A 2020, ONIX - 2019 A 2020, SPIN - 2018 A 2020
9;13524916;MIRROR ASM-I/S;35;162,81;162,56;226,40;419,26;419,26;1;7;8;6;9;15;A;13/07/2026;15/07/2026;COPA47;A;155DC1;GM - Brasil;Não;Não;Ativo;1;
9;13526495;LANTERNA PLACA;24;18,23;24,58;24,57;53,13;53,13;11;12;13;4;4;5;A;09/07/2026;30/07/2026;COPA55;A;105QK1;GM - Brasil;Não;Não;Ativo;1;ONIX - 2013 A 2019, PRISMA B - 2013 A 2019
9;13530011;SENSOR NÍVEL COMBUSTÍVEL;3;352,31;513,31;483,58;862,00;862,00;2;2;3;1;1;1;A;02/07/2026;17/07/2026;CVA162;A;108GJ1;GM - Brasil;Sim;Sim;Ativo;1;
9;13530013;SENSOR NÍVEL COMBUSTÍVEL;1;287,55;291,09;287,55;672,72;672,72;1;0;0;1;0;0;C;16/06/2026;22/07/2026;RA0671;C;107TK1;GM - Brasil;Sim;Sim;Ativo;1;
9;13536008;CONTROLE CJ-TR/AUT;1;1.241,64;1.241,64;1.241,64;2.787,98;2.787,98;0;1;1;0;0;0;B;14/07/2026;19/06/2026;CVA170;B;112PG1;GM - Brasil;Não;Não;Ativo;1;
9;13536230;MÓDULO BOMBA COMBUSTÍVEL;3;766,80;1.512,36;1.265,95;2.326,71;2.326,71;3;2;0;2;0;1;A;28/07/2026;28/07/2026;JLL21;A;153PB1;GM - Brasil;Não;Não;Ativo;1;
9;13536589;RECEPTOR ADAPTADOR ENTRADA USB;4;194,54;194,53;194,54;407,90;407,90;0;1;2;1;1;2;A;14/07/2026;18/06/2026;CVA170;A;106AA1;GM - Brasil;Sim;Sim;Ativo;1;
9;13540602;SENSOR PRESSÃO PNEU;62;173,30;239,96;170,75;368,06;368,06;31;48;32;21;30;38;A;08/07/2026;31/07/2026;CVA162;A;107GJ1;GM - Brasil;Sim;Sim;Ativo;1;
9;13540604;SENSOR INDICADOR DE;3;257,18;257,18;421,95;542,86;542,86;1;2;2;4;0;0;B;14/07/2026;16/07/2026;CVA170;B;106CH1;GM - Brasil;Sim;Sim;Ativo;1;
9;13545832;RESERVATÓRIO DE EXPANSÃO;12;52,94;50,75;73,61;119,54;119,54;5;12;15;9;3;6;A;13/07/2026;31/07/2026;CVA162;A;114AC1;GM - Brasil;Não;Não;Ativo;1;
9;13554820;MODULO DE CONTROLE E;2;491,89;475,28;491,89;842,72;842,72;1;1;1;2;1;1;A;30/07/2026;14/07/2026;CVA170;A;106CD1;GM - Brasil;Não;Não;Ativo;1;
9;13558188;RECEPTACLE,USB 2 POR;1;529,41;724,14;657,16;1.105,33;1.105,33;0;0;0;0;0;1;B;01/04/2026;13/02/2026;PDFX02;B;111SD1;GM - Brasil;Sim;Sim;Ativo;1;
9;13561808;RECEPTACLE,MULTI MED;1;360,18;360,31;360,18;755,49;755,49;3;0;5;0;0;0;A;14/07/2026;31/07/2026;CVA170;A;107PG1;GM - Brasil;Sim;Sim;Ativo;1;
9;13577115;DOBRADICA SUPERIOR DA PORTA DIANT E TRAS;4;54,80;54,79;54,80;115,66;115,66;6;5;2;4;3;0;A;30/07/2026;24/07/2026;RA0726;A;108RH3;GM - Brasil;Sim;Sim;Ativo;1;COBALT - 2012 A 2020, ONIX - 2013 A 2019, PRISMA B - 2013 A 2019, SPIN - 2013 A 2020, TRACKER B - 2014 A 2019
9;13577116;DOBRADIÇA DA PORTA;5;46,92;40,06;61,72;98,49;98,49;4;5;2;6;7;0;A;29/05/2026;24/07/2026;CVA01M;A;108TG1;GM - Brasil;Sim;Sim;Ativo;1;COBALT - 2012 A 2020, ONIX - 2013 A 2019, PRISMA B - 2013 A 2019, TRACKER B - 2014 A 2019
9;13586457;SENSOR NÍVEL DE COMBUSTÍVEL;2;277,83;277,83;277,83;642,08;642,08;0;1;2;0;0;0;B;18/06/2026;09/06/2026;RA0671;B;108AK2;GM - Brasil;Sim;Sim;Ativo;1;CRUZE B - 2017 A 2019
9;13586947;SENSOR AIRBAG;2;81,24;81,24;81,24;171,05;171,05;2;0;1;0;0;2;B;29/07/2026;22/07/2026;RA0725;B;109HH1;GM - Brasil;Sim;Sim;Ativo;1;S10 B - 2012 A 2020, TRAILBLAZER - 2013 A 2020
9;13590792;LÂMPADA FAROL NEBLINA DIANT;5;65,67;64,67;58,70;112,18;112,18;2;2;0;3;0;4;A;04/04/2026;29/07/2026;NMA49;A;107AK1;GM - Brasil;Sim;Sim;Ativo;1;COBALT - 2012 A 2020, ONIX - 2013 A 2019, PRISMA B - 2013 A 2019, S10 B - 2012 A 2020, SONIC - 2012 A 2014, TRAILBLAZER - 2013 A 2020
9;13596817;LÂMPADA;1;129,30;32,84;32,84;220,78;220,78;1;0;0;0;0;0;D;13/06/2025;23/07/2026;NJU26;D;105RD2;GM - Brasil;Sim;Sim;Ativo;1;BOLT EV - 2017 A 2020, CRUZE - 2018 A 2021, ONIX - 2020 A 2020, TRACKER 3 - 2021 A 2021
9;13597423;SENSOR POSICÃO;2;82,63;113,74;113,74;162,28;162,28;2;2;3;3;1;1;A;08/07/2026;22/07/2026;CVA160;A;111AH1;GM - Brasil;Sim;Sim;Ativo;1;
9;15042975;TAMPA RESERVATÓRIO RADIADOR;39;20,80;20,80;20,80;39,75;39,75;6;9;18;22;26;6;A;08/07/2026;29/07/2026;CVA161;A;111AD2;GM - Brasil;Não;Não;Ativo;1;S10 B - 2012 A 2020, TRAILBLAZER - 2013 A 2020
9;15075118;TAMPA RESERVATÓRIO RADIADOR;1;160,26;160,26;160,26;306,26;306,26;0;0;0;0;0;0;D;29/07/2026;26/06/2024;ZZ0742;D;108AJ1;GM - Brasil;Não;Não;Ativo;1;MALIBU
9;15265199;GROMMET-RR BPR;1;84,39;103,51;117,05;186,34;186,34;1;0;0;0;0;0;D;16/10/2025;29/07/2026;CVA41;D;105AD2;GM - Brasil;Sim;Sim;Ativo;1;
9;15286593;RETENTOR SEMI-EIXO DIANTEIRO;74;99,51;145,63;133,28;339,95;339,95;28;44;39;45;26;21;A;27/07/2026;03/08/2026;JLL11;A;109GL1;GM - Brasil;Sim;Sim;Ativo;1;S10 B - 2012 A 2020, TRAILBLAZER - 2013 A 2020
9;15792287;EMBLEMA PORTA DIANTEIRA;1;24,76;24,76;24,76;50,35;50,35;0;0;1;1;0;0;C;14/07/2026;15/05/2026;CVA170;C;111BG1;GM - Brasil;Sim;Sim;Ativo;1;AGILE - 2010 A 2014, CELTA - 2001 A 2016, CORSA A - 1994 A 2017, MONTANA B - 2011 A 2020, PRISMA A - 2007 A 2012
9;15865791;SENSOR FLUXO AR DE ADMISSÃO;4;405,25;405,25;540,42;849,74;849,74;0;3;0;0;3;2;A;08/07/2026;16/06/2026;CVA161;A;105AJ1;GM - Brasil;Sim;Sim;Ativo;1;CAMARO - 2011 A 2015, CAMARO CONV. - 2014 A 2015, CAPTIVA - 2008 A 2017, COBALT - 2012 A 2020, MALIBU - 2013 A 2013, MONTANA B - 2011 A 2020, ONIX - 2013 A 2019, PRISMA B - 2013 A 2019, S10 B - 2012 A 2020, SPIN - 2013 A 2020, TRAILBLAZER - 2013 A 2020
9;19PF1010;PASTILHA FREIO DIANTEIRA;2;78,29;1,00;78,29;163,20;163,20;0;0;0;0;0;0;D;22/05/2024;18/03/2024;MAE25;D;107HH1;GM - Brasil;Não;Não;Ativo;1;FRASLE PD110
9;19258416;RETENTOR LATERAL CÂMBIO ESQUERDO;4;130,26;130,26;130,26;355,74;355,74;2;2;2;1;2;1;A;30/07/2026;21/07/2026;JLL11;A;111BG2;GM - Brasil;Sim;Sim;Ativo;1;CAPTIVA - 2008 A 2017, COBALT - 2012 A 2020, EQUINOX - 2018 A 2019, MALIBU - 2013 A 2013, ONIX - 2013 A 2019, PRISMA B - 2013 A 2019, TRACKER B - 2014 A 2019
9;19282841;COATING,A/C EVAP CLG;4;57,80;82,70;70,60;121,04;121,04;3;3;1;3;3;4;A;01/12/2025;29/07/2026;LTAC01;A;145ZD1;GM - Brasil;Sim;Sim;Ativo;1;
9;19314692;JOGO PASTILHAS FREIO DIANTEIRO;13;39,79;54,49;54,49;99,29;99,29;0;0;0;0;1;0;B;16/12/2025;10/03/2026;DZZ37;B;144SD1;GM - Brasil;Não;Não;Ativo;1;AGILE - 2010 A 2014, CELTA - 2001 A 2016, CORSA B - 2002 A 2012, PRISMA A - 2007 A 2012
9;19314696;JOGO PASTILHA FREIO DIANTEIRO;18;71,95;96,51;71,95;175,93;175,93;3;2;2;17;11;4;A;07/05/2026;15/07/2026;ABRR45;A;144SG1;GM - Brasil;Não;Não;Ativo;1;S10 B - 2012 A 2020
9;19314698;JOGO PASTILHAS FREIO TRASEIRO;1;41,29;41,29;41,29;100,97;100,97;0;1;0;1;0;0;C;29/07/2026;29/06/2026;JLL31;C;108QB1;GM - Brasil;Não;Não;Ativo;1;ONIX - 2013 A 2019
9;19314699;JOGO PASTILHAS FREIO DIANTEIRO;2;54,79;73,49;73,49;133,96;133,96;0;3;0;1;0;1;B;13/07/2026;24/06/2026;COPA50;B;144AG1;GM - Brasil;Não;Não;Ativo;1;"ESTOQUE //////CRUZE   DIANT.
13412272 original"
9;19314700;JOGO PASTILHAS FREIO DIANTEIRO;43;42,40;56,88;63,31;103,66;103,66;2;2;2;1;1;12;A;16/03/2026;30/07/2026;NFV63;A;159JA1;GM - Brasil;Não;Não;Reativado;1;ONIX - 2013 A 2019
9;19314793;PALHETA DIANTEIRA;10;40,34;44,46;50,53;90,42;90,42;0;0;0;0;0;0;D;03/02/2023;29/10/2024;ACD011;D;145TC1;GM - Brasil;Não;Não;Ativo;1;CAPTIVA - 2008 A 2017
9;19314834;PALHETA LIMPADOR DO PARA-BRISA;2;47,70;75,96;75,96;125,97;125,97;0;0;0;0;1;1;C;03/02/2023;10/03/2026;ACD011;C;145HB1;GM - Brasil;Não;Não;Ativo;1;CELTA - 2001 A 2016, CORSA A - 1994 A 2017
9;19314835;PAR PALHETA DIANTEIRAS;1;59,51;59,51;59,51;124,00;124,00;0;0;0;0;0;0;D;06/01/2026;09/12/2025;PFHY02;D;144BG1;GM - Brasil;Não;Não;Ativo;1;
9;19314837;PALHETA DO PARA BRISA DIANTEIRA;1;45,84;88,09;45,84;117,73;117,73;0;0;0;0;0;0;D;16/11/2024;23/08/2024;LACD01;D;145CD2;GM - Brasil;Não;Não;Ativo;1;CRUZE A - 2012 A 2016
9;19347297;VELA DE IGNIÇÃO;208;7,11;6,48;9,73;17,95;17,95;0;0;0;148;28;0;B;29/05/2026;29/04/2026;MAL32;B;106RG1;GM - Brasil;Não;Não;Ativo;1;
9;19347298;VELA DE IGNIÇÃO;18;8,18;6,83;6,83;18,39;18,39;0;0;0;6;0;0;D;19/06/2024;29/04/2026;MULT05;D;112AC1;GM - Brasil;Não;Não;Ativo;1;
9;19347299;VELA DE IGNIÇÃO;8;12,19;6,47;9,08;16,63;16,63;0;0;0;0;0;0;D;07/10/2023;;ACD092;D;105CD2;GM - Brasil;Não;Não;Ativo;1;
9;19347300;VELA DE IGNIÇÃO;4;10,50;13,63;11,43;15,04;15,04;0;0;0;0;0;0;D;06/10/2023;;ACD092;D;111SG2;GM - Brasil;Não;Não;Ativo;1;
9;19347301;VELA DE IGNIÇÃO;4;16,18;21,00;21,00;29,49;29,49;0;0;0;0;0;0;D;07/10/2023;;ACD092;D;105BH1;GM - Brasil;Não;Não;Ativo;1;
9;19347302;VELA DE IGNIÇÃO;4;8,63;8,63;9,68;16,54;16,54;0;0;0;0;0;0;D;09/08/2025;20/03/2025;RA0887;D;108PJ1;GM - Brasil;Não;Não;Ativo;1;
9;19347304;VELA DE IGNIÇÃO;4;16,87;21,90;21,90;32,28;32,28;0;0;0;0;0;0;D;07/10/2023;;ACD092;D;105BC1;GM - Brasil;Não;Não;Ativo;1;
9;19347306;VELA DE IGNIÇÃO;4;10,78;10,35;10,35;19,57;19,57;0;0;0;0;0;0;D;09/08/2025;20/03/2025;RA0887;D;107BC1;GM - Brasil;Não;Não;Ativo;1;
9;19347307;VELA DE IGNIÇÃO;4;32,37;42,01;23,79;51,97;51,97;0;0;0;0;0;0;D;09/10/2023;;ACD092;D;108PD1;GM - Brasil;Não;Não;Ativo;1;
9;19347310;VELA DE IGNIÇÃO;4;9,78;12,69;9,72;18,28;18,28;0;0;0;0;0;0;D;07/10/2023;;ACD092;D;112RD1;GM - Brasil;Não;Não;Ativo;1;
9;19347312;VELA DE IGNIÇÃO;4;8,55;6,64;10,33;20,35;20,35;0;0;0;0;0;0;D;09/10/2023;15/04/2026;ACD092;D;107AG1;GM - Brasil;Não;Não;Ativo;1;
9;19347313;VELA DE IGNIÇÃO;4;9,99;12,96;13,30;17,00;17,00;0;0;0;0;0;0;D;07/10/2023;;ACD092;D;111RD1;GM - Brasil;Não;Não;Ativo;1;
9;19347314;VELA DE IGNIÇÃO;4;9,30;12,07;12,07;14,64;14,64;0;0;0;0;0;0;D;07/10/2023;;ACD092;D;105QG1;GM - Brasil;Não;Não;Ativo;1;
9;19347315;VELA DE IGNIÇÃO;4;9,30;12,07;9,93;18,31;18,31;0;0;0;0;0;0;D;16/10/2023;;ACD092;D;110QC1;GM - Brasil;Não;Não;Ativo;1;
9;19347317;VELA DE IGNIÇÃO;4;11,02;14,30;14,56;20,79;20,79;0;0;0;0;0;0;D;07/10/2023;;ACD092;D;109BG1;GM - Brasil;Não;Não;Ativo;1;
9;19347318;VELA DE IGNIÇÃO;4;40,63;52,73;52,73;53,55;53,55;0;0;0;0;0;0;D;10/10/2023;;ACD092;D;110RD2;GM - Brasil;Não;Não;Ativo;1;
9;19347319;VELA DE IGNIÇÃO;4;18,54;24,08;24,08;40,36;40,36;0;0;0;0;0;0;D;10/10/2023;;ACD092;D;111TC1;GM - Brasil;Não;Não;Ativo;1;
9;19347320;VELA DE IGNIÇÃO;4;10,68;13,86;8,37;18,03;18,03;0;0;0;0;0;0;D;07/10/2023;;ACD092;D;110PC1;GM - Brasil;Não;Não;Ativo;1;
9;19347322;VELA DE IGNIÇÃO;4;9,99;12,96;12,96;15,88;15,88;0;0;0;0;0;0;D;10/10/2023;;ACD092;D;108SC1;GM - Brasil;Não;Não;Ativo;1;
9;19347324;VELA DE IGNIÇÃO;4;33,98;44,13;23,39;55,92;55,92;0;0;0;0;0;0;D;09/10/2023;;ACD092;D;107PJ1;GM - Brasil;Não;Não;Ativo;1;
9;19347327;VELA DE IGNIÇÃO;4;10,27;13,32;13,32;16,73;16,73;0;0;0;0;0;0;D;10/10/2023;;ACD092;D;107QB2;GM - Brasil;Não;Não;Ativo;1;
9;19347328;VELA DE IGNIÇÃO;4;8,19;8,19;8,19;16,23;16,23;0;0;0;0;0;0;D;09/08/2025;20/03/2025;RA0887;D;107PC1;GM - Brasil;Não;Não;Ativo;1;
9;19347329;VELA DE IGNIÇÃO;4;21,97;28,53;28,53;45,85;45,85;0;0;0;0;0;0;D;07/10/2023;;ACD092;D;106AG1;GM - Brasil;Não;Não;Ativo;1;
9;19347330;VELA DE IGNIÇÃO;4;8,26;10,72;8,03;12,99;12,99;0;0;0;0;0;0;D;10/10/2023;;ACD092;D;108RJ1;GM - Brasil;Não;Não;Obsoleto;1;
9;19347331;VELA DE IGNIÇÃO;4;18,60;24,14;24,14;49,63;49,63;0;0;0;0;0;0;D;07/10/2023;;ACD092;D;111DD1;GM - Brasil;Não;Não;Ativo;1;
9;19347333;VELA DE IGNIÇÃO;4;30,30;39,32;39,32;50,08;50,08;0;0;0;0;0;0;D;10/10/2023;;ACD092;D;105RH1;GM - Brasil;Não;Não;Ativo;1;
9;19347334;VELA DE IGNIÇÃO;4;9,65;12,52;12,52;14,93;14,93;0;0;0;0;0;0;D;07/10/2023;;ACD092;D;108RG1;GM - Brasil;Não;Não;Ativo;1;
9;19347335;VELA DE IGNIÇÃO;4;11,70;15,19;9,02;18,14;18,14;0;0;0;0;0;0;D;07/10/2023;;ACD092;D;108BD1;GM - Brasil;Não;Não;Ativo;1;
9;19347336;VELA DE IGNIÇÃO;4;8,93;11,59;7,90;16,87;16,87;0;0;0;0;0;0;D;07/10/2023;;ACD092;D;107PC1;GM - Brasil;Não;Não;Ativo;1;
9;19347338;VELA DE IGNIÇÃO;42;5,62;8,04;8,03;15,18;15,18;4;16;4;4;4;4;A;27/06/2025;08/07/2026;VELC77;A;109GB1;GM - Brasil;Não;Não;Ativo;1;
9;19347339;VELA DE IGNIÇÃO;8;8,48;11,00;1,00;21,62;21,62;0;0;0;0;0;0;D;07/10/2023;;ACD092;D;107DD1;GM - Brasil;Não;Não;Ativo;1;
9;19347340;VELA DE IGNIÇÃO;164;5,60;5,34;7,67;14,25;14,25;20;48;76;4;24;36;A;06/07/2026;31/07/2026;COPA51;A;106AG1;GM - Brasil;Não;Não;Ativo;1;
9;19347341;VELA DE IGNIÇÃO;40;5,91;5,91;5,91;14,93;14,93;0;0;0;0;20;4;C;29/07/2026;26/03/2026;JLL34;C;107XD1;GM - Brasil;Não;Não;Ativo;1;
9;19347342;VELA DE IGNIÇÃO;4;13,39;17,73;1,00;37,05;37,05;0;0;0;0;0;0;D;17/10/2023;;ACD092;D;110QJ1;GM - Brasil;Não;Não;Ativo;1;
9;19347343;VELA DE IGNIÇÃO;4;11,12;14,44;1,00;28,54;28,54;0;0;0;0;0;0;D;07/10/2023;;ACD092;D;105QC1;GM - Brasil;Não;Não;Ativo;1;
9;19347345;VELA DE IGNIÇÃO;4;8,89;8,89;8,89;16,49;16,49;0;0;0;0;0;0;D;12/02/2026;02/02/2026;RA0241;D;107TC1;GM - Brasil;Não;Não;Ativo;1;
9;19347346;VELA DE IGNIÇÃO;4;13,19;17,12;1,00;36,25;36,25;0;0;0;0;0;0;D;06/10/2023;;ACD092;D;112GD1;GM - Brasil;Não;Não;Ativo;1;
9;19347347;VELA DE IGNIÇÃO;4;8,10;10,52;1,00;20,79;20,79;0;0;0;0;0;0;D;07/10/2023;;ACD092;D;105CA1;GM - Brasil;Não;Não;Ativo;1;
9;19347348;VELA DE IGNIÇÃO;12;10,09;13,10;13,10;23,57;23,57;0;0;0;0;0;0;D;06/10/2023;;ACD092;D;112BD1;GM - Brasil;Não;Não;Obsoleto;1;
9;19347349;VELA DE IGNIÇÃO;40;5,77;7,94;7,93;15,04;15,04;16;0;0;8;40;13;A;09/02/2026;31/07/2026;NJN35;A;105BA1;GM - Brasil;Não;Não;Ativo;1;
9;19347350;VELA DE IGNIÇÃO;4;10,64;13,82;1,00;32,15;32,15;0;0;0;0;0;0;D;17/10/2023;;ACD092;D;112PG1;GM - Brasil;Não;Não;Ativo;1;
9;19347354;VELA DE IGNIÇÃO;4;9,99;12,96;12,96;22,77;22,77;0;0;0;0;0;0;D;07/10/2023;;ACD092;D;109DH1;GM - Brasil;Não;Não;Ativo;1;
9;19347355;VELA DE IGNIÇÃO;4;7,00;9,09;8,40;7,59;7,59;0;0;0;0;0;0;D;07/10/2023;;ACD092;D;108GG1;GM - Brasil;Não;Não;Ativo;1;
9;19347356;VELA DE IGNIÇÃO;4;7,00;9,09;1,00;17,95;17,95;0;0;0;0;0;0;D;16/10/2023;;ACD092;D;111QG1;GM - Brasil;Não;Não;Ativo;1;
9;19347706;FILTRO DE COMBUSTÍVEL;17;7,69;12,43;12,43;20,00;20,00;3;6;0;0;0;0;A;07/05/2026;20/07/2026;ABRR45;A;113PB;GM - Brasil;Não;Não;Ativo;1;
9;19347709;FILTRO DE COMBUSTÍVEL;53;13,92;8,55;8,55;31,43;31,43;0;0;0;0;0;0;D;06/02/2023;06/08/2024;ACD011;D;114PA;GM - Brasil;Não;Não;Ativo;1;
9;19347712;FILTRO DE COMBUSTÍVEL;42;10,54;7,85;12,19;22,86;22,86;0;0;0;0;0;0;D;06/02/2023;14/03/2024;ACD011;D;144BC1;GM - Brasil;Não;Não;Ativo;1;
9;19347720;FILTRO DE COMBUSTÍVEL;7;23,52;13,30;13,30;54,31;54,31;0;0;0;0;0;0;D;06/02/2023;30/12/2023;ACD011;D;110TD1;GM - Brasil;Não;Não;Ativo;1;
9;19347722;FILTRO DE ÓLEO;21;10,80;13,32;10,80;26,86;26,86;0;0;0;0;0;0;D;19/06/2024;;MULT05;D;114BC1;GM - Brasil;Não;Não;Ativo;1;25FL5949
9;19347723;FILTRO DE ÓLEO;50;13,20;10,52;15,76;31,43;31,43;0;0;0;0;0;0;D;19/06/2024;29/11/2024;MULT05;D;114PA;GM - Brasil;Não;Não;Ativo;1;
9;19347724;FILTRO DE ÓLEO;11;13,09;15,58;17,19;30,71;30,71;0;0;1;1;2;1;B;03/02/2023;28/05/2026;ACD011;B;113QC;GM - Brasil;Não;Não;Ativo;1;25FL548A
9;19347726;FILTRO DE ÓLEO;7;12,70;16,54;16,54;28,57;28,57;0;0;0;0;0;0;D;03/02/2023;20/03/2025;ACD011;D;106AG1;GM - Brasil;Sim;Sim;Ativo;1;
9;19347731;FILTRO DE ÓLEO;1;52,84;41,00;41,00;123,47;123,47;0;0;0;0;1;0;D;03/02/2023;10/03/2026;ACD011;D;197AC;GM - Brasil;Não;Não;Ativo;1;
9;19347734;FILTRO DE ÓLEO;25;15,81;15,97;15,50;26,97;26,97;0;0;0;11;1;0;B;03/02/2023;29/04/2026;ACD011;B;144TD1;GM - Brasil;Não;Não;Ativo;1;
9;19347737;FILTRO DE ÓLEO;19;36,62;31,77;31,77;58,86;58,86;0;0;0;0;0;0;D;06/02/2023;26/08/2024;ACD011;D;144RC1;GM - Brasil;Sim;Sim;Ativo;1;
9;19347742;FILTRO DE AR;10;9,92;16,12;15,53;27,86;27,86;1;0;0;0;1;1;B;14/07/2025;20/07/2026;LACD12;B;198PB;GM - Brasil;Sim;Sim;Ativo;1;
9;19347747;FILTRO DE AR;17;15,93;10,45;17,69;29,46;29,46;0;0;0;0;0;0;D;06/02/2023;18/12/2023;ACD011;D;107HL1;GM - Brasil;Sim;Sim;Ativo;1;
9;19347751;FILTRO DE AR;6;29,00;22,34;22,34;61,01;61,01;0;0;0;0;0;0;D;03/02/2023;16/05/2024;ACD011;D;154AA1;GM - Brasil;Sim;Sim;Ativo;1;
9;19347752;FILTRO DE AR;8;13,25;17,75;23,59;41,29;41,29;0;0;0;5;0;1;B;03/12/2024;29/04/2026;FILT11;B;198PB;GM - Brasil;Sim;Sim;Ativo;1;
9;19347755;FILTRO DE AR;4;20,97;16,85;22,91;47,86;47,86;0;0;0;0;0;0;D;06/02/2023;09/03/2024;ACD011;D;144DB1;GM - Brasil;Sim;Sim;Ativo;1;
9;19347758;FILTRO DE AR;12;15,07;15,76;21,18;35,74;35,74;0;0;0;0;0;0;D;03/02/2023;07/10/2024;ACD011;D;114PA;GM - Brasil;Sim;Sim;Ativo;1;
9;19347759;FILTRO DE AR;5;12,96;13,37;12,96;32,86;32,86;0;0;0;0;0;0;D;22/03/2024;08/04/2024;MACO28;D;197AC;GM - Brasil;Sim;Sim;Ativo;1;
9;19347761;FILTRO DE AR;4;18,21;19,17;21,51;45,00;45,00;0;0;0;0;0;0;D;23/05/2024;31/07/2025;RA0538;D;144DG1;GM - Brasil;Sim;Sim;Ativo;1;
9;19347763;FILTRO DE AR;7;14,79;14,01;14,01;38,57;38,57;0;0;0;0;0;0;D;06/02/2023;19/03/2024;ACD011;D;197BD;GM - Brasil;Sim;Sim;Ativo;1;
9;19347764;FILTRO DE AR;12;11,67;15,71;11,67;34,87;34,87;0;0;0;0;0;0;D;09/12/2024;08/07/2024;NVV40;D;145WB1;GM - Brasil;Sim;Sim;Ativo;1;
9;19347765;FILTRO DE AR;4;22,08;12,91;25,45;47,11;47,11;0;0;0;0;0;0;D;06/02/2023;08/07/2024;ACD011;D;144TD1;GM - Brasil;Sim;Sim;Ativo;1;
9;19347770;FILTRO DE AR;7;22,09;0,01;21,48;38,94;38,94;0;0;0;0;0;0;D;06/02/2023;02/10/2023;ACD011;D;110DK1;GM - Brasil;Sim;Sim;Ativo;1;
9;19347774;FILTRO DE AR;8;33,26;0,01;26,27;43,26;43,26;0;0;0;0;0;0;D;06/02/2023;11/12/2023;ACD011;D;198AC1;GM - Brasil;Sim;Sim;Ativo;1;
9;19347775;FILTRO DE AR;11;22,59;0,01;1,00;34,44;34,44;0;0;0;0;0;0;D;06/02/2023;07/11/2023;ACD011;D;145CD2;GM - Brasil;Sim;Sim;Ativo;1;
9;19347776;FILTRO DE AR;10;15,59;0,01;1,00;31,67;31,67;0;0;0;0;0;0;D;06/02/2023;16/01/2024;ACD011;D;145DC1;GM - Brasil;Sim;Sim;Ativo;1;
9;19347778;FILTRO DE AR;7;17,91;0,01;1,00;34,90;34,90;0;0;0;0;0;0;D;06/02/2023;20/09/2023;ACD011;D;144BG1;GM - Brasil;Sim;Sim;Ativo;1;
9;19347780;FILTRO DE AR;17;10,64;0,01;10,64;27,14;27,14;0;0;0;0;0;0;D;06/02/2023;03/06/2024;ACD011;D;144SG1;GM - Brasil;Sim;Sim;Ativo;1;
9;19347784;FILTRO DE AR;9;13,86;0,01;1,00;30,13;30,13;0;0;0;0;0;0;D;06/02/2023;06/05/2024;ACD011;D;144CA1;GM - Brasil;Sim;Sim;Ativo;1;
9;19347785;FILTRO DE AR;10;23,79;0,01;1,00;30,13;30,13;0;0;0;0;0;0;D;03/02/2023;03/01/2024;ACD011;D;198PC;GM - Brasil;Sim;Sim;Ativo;1;
9;19347793;FILTRO DE AR;6;17,29;0,01;17,29;30,41;30,41;0;0;0;0;0;0;D;03/02/2023;01/03/2024;ACD011;D;145BA1;GM - Brasil;Sim;Sim;Ativo;1;
9;19347801;FILTRO DE ÓLEO;18;12,53;10,52;10,52;29,29;29,29;0;0;0;0;0;0;D;03/02/2023;10/07/2025;ACD011;D;197AC;GM - Brasil;Não;Não;Ativo;1;
9;19347803;FILTRO DE ÓLEO;41;11,83;15,99;15,20;28,43;28,43;0;0;0;0;0;0;D;31/08/2023;31/01/2025;SPFC32;D;114BC1;GM - Brasil;Não;Não;Ativo;1;
9;19347804;FILTRO DE ÓLEO;123;16,75;14,37;16,75;34,00;34,00;0;0;0;0;0;0;D;13/08/2024;02/01/2025;RA0867;D;198BC1;GM - Brasil;Não;Não;Ativo;1;
9;19347807;FILTRO DE AR;6;12,99;11,91;15,74;31,46;31,46;0;0;0;0;0;0;D;22/03/2024;11/03/2024;MACO28;D;145AB1;GM - Brasil;Sim;Sim;Ativo;1;
9;19347808;FILTRO DE AR;12;41,90;0,01;46,97;80,34;80,34;0;0;0;0;0;0;D;03/02/2023;22/02/2024;ACD011;D;151QC1;GM - Brasil;Sim;Sim;Ativo;1;
9;19348067;CORREIA DENTADA;11;38,21;49,85;55,79;100,62;100,62;0;0;0;0;0;0;D;21/06/2024;20/09/2024;MULT05;D;110SD1;GM - Brasil;Sim;Sim;Ativo;1;
9;19348068;CORREIA DENTADA;21;51,01;67,50;60,12;128,95;128,95;0;0;0;0;0;0;D;25/06/2024;;MULT05;D;114PA;GM - Brasil;Sim;Sim;Ativo;1;
9;19348069;CORREIA DENTADA;2;30,31;40,32;36,06;63,73;63,73;0;0;0;0;0;0;D;06/10/2023;;ACD092;D;108CJ;GM - Brasil;Sim;Sim;Ativo;1;
9;19348070;CORREIA POLY V;27;11,06;14,49;13,15;25,63;25,63;0;0;0;0;0;0;D;19/06/2024;;MULT05;D;106CG1;GM - Brasil;Sim;Sim;Ativo;1;
9;19348074;CORREIA POLY V;1;13,56;18,04;9,82;32,59;32,59;0;0;0;0;0;0;D;10/10/2023;;ACD092;D;106AH1;GM - Brasil;Sim;Sim;Ativo;1;
9;19348080;CORREIA POLY V;7;17,97;24,00;24,00;43,16;43,16;0;0;0;0;0;0;D;10/10/2023;06/02/2025;ACD092;D;107GG1;GM - Brasil;Sim;Sim;Ativo;1;
9;19348083;CORREIA DENTADA;6;34,51;45,91;40,89;99,66;99,66;0;0;0;0;0;0;D;10/10/2023;;ACD092;D;112SC1;GM - Brasil;Sim;Sim;Ativo;1;
9;19348084;CORREIA DENTADA;2;28,03;37,29;37,29;77,90;77,90;0;0;0;0;0;0;D;09/10/2023;;ACD092;D;110PA1;GM - Brasil;Sim;Sim;Ativo;1;
9;19348085;CORREIA DENTADA;2;22,00;32,53;32,53;56,26;56,26;0;0;0;0;0;0;D;10/10/2023;;ACD092;D;111CG2;GM - Brasil;Sim;Sim;Ativo;1;
9;19348100;CORREIA DENTADA;1;65,62;87,29;79,22;155,83;155,83;0;0;0;0;0;0;D;06/10/2023;;ACD092;D;107DJ1;GM - Brasil;Sim;Sim;Ativo;1;
9;19348105;CORREIA DENTADA;2;61,18;81,39;81,39;128,36;128,36;0;0;0;0;0;0;D;10/10/2023;;ACD092;D;107PB1;GM - Brasil;Sim;Sim;Ativo;1;
9;19348110;CORREIA POLY V;2;23,55;31,33;28,43;56,57;56,57;0;0;0;0;0;0;D;10/10/2023;;ACD092;D;108XG1;GM - Brasil;Sim;Sim;Ativo;1;
9;19348111;CORREIA POLY V;2;29,03;38,62;34,40;69,73;69,73;0;0;0;0;0;0;D;06/10/2023;;ACD092;D;106RC2;GM - Brasil;Sim;Sim;Ativo;1;
9;19348117;CORREIA POLY V;2;23,51;31,28;31,28;59,46;59,46;0;0;0;0;0;0;D;06/10/2023;;ACD092;D;109DC2;GM - Brasil;Sim;Sim;Ativo;1;
9;19348120;CORREIA POLY V;2;20,81;27,68;27,68;47,46;47,46;0;0;0;0;0;0;D;06/10/2023;;ACD092;D;107RD1;GM - Brasil;Sim;Sim;Ativo;1;
9;19348121;CORREIA POLY V;2;52,64;70,02;70,02;113,05;113,05;0;0;0;0;0;0;D;06/10/2023;;ACD092;D;107CH1;GM - Brasil;Sim;Sim;Ativo;1;
9;19348129;CORREIA POLY V;1;22,63;24,79;24,79;55,25;55,25;0;0;0;0;0;0;D;06/10/2023;;ACD092;D;111QG1;GM - Brasil;Sim;Sim;Ativo;1;
9;19348131;CORREIA DENTADA;2;15,31;20,36;18,48;32,55;32,55;0;0;0;0;0;0;D;09/10/2023;07/01/2025;ACD092;D;107DD1;GM - Brasil;Sim;Sim;Ativo;1;
9;19348152;CORREIA POLY V;3;20,60;16,94;16,94;49,46;49,46;0;0;0;0;0;0;D;06/10/2023;;ACD092;D;106PH1;GM - Brasil;Sim;Sim;Ativo;1;
9;19348153;CORREIA POLY V;1;18,20;24,21;21,97;43,72;43,72;0;0;0;0;0;0;D;06/10/2023;;ACD092;D;112CH1;GM - Brasil;Sim;Sim;Ativo;1;
9;19348155;CORREIA POLY V;1;139,99;186,23;165,87;392,78;169,54;0;0;0;0;0;0;D;10/10/2023;;ACD092;D;105QC1;GM - Brasil;Sim;Sim;Ativo;1;
9;19348156;CORREIA POLY V;1;54,79;72,88;66,14;138,57;138,57;0;0;0;0;0;0;D;16/10/2023;;ACD092;D;111TC1;GM - Brasil;Sim;Sim;Ativo;1;
9;19348165;CORREIA POLY V;1;22,01;29,28;4,09;52,88;52,88;0;0;0;0;0;0;D;09/10/2023;;ACD092;D;105PD1;GM - Brasil;Sim;Sim;Ativo;1;
9;19348170;CORREIA POLY V;2;14,05;18,69;18,69;36,26;36,26;0;0;0;0;0;0;D;09/10/2023;;ACD092;D;108RH1;GM - Brasil;Sim;Sim;Ativo;1;
9;19348171;CORREIA POLY V;1;13,76;18,31;18,31;35,90;35,90;0;0;0;0;0;0;D;09/10/2023;;ACD092;D;106SH1;GM - Brasil;Sim;Sim;Ativo;1;
9;19348176;CORREIA POLY V;1;27,54;36,64;33,26;62,14;62,14;0;0;0;0;0;0;D;06/10/2023;;ACD092;D;108QG1;GM - Brasil;Sim;Sim;Ativo;1;
9;19348181;CORREIA DENTADA;2;41,07;54,64;54,64;78,94;78,94;0;0;0;0;0;0;D;16/10/2023;;ACD092;D;198PD;GM - Brasil;Sim;Sim;Ativo;1;
9;19348182;CORREIA POLY V;2;12,42;16,52;14,99;29,82;29,82;0;0;0;0;0;0;D;06/10/2023;;ACD092;D;105BH1;GM - Brasil;Sim;Sim;Ativo;1;
9;19348195;CORREIA POLY V;1;14,03;18,66;18,66;33,47;33,47;0;0;0;0;0;0;D;09/10/2023;;ACD092;D;108SG1;GM - Brasil;Sim;Sim;Ativo;1;
9;19348196;CORREIA POLY V;2;19,92;26,49;26,49;52,27;52,27;0;0;0;0;0;0;D;09/10/2023;01/04/2024;ACD092;D;107RG1;GM - Brasil;Sim;Sim;Ativo;1;
9;19348197;CORREIA POLY V;1;14,76;19,64;19,64;32,31;32,31;0;0;0;0;0;0;D;09/10/2023;;ACD092;D;106QB1;GM - Brasil;Sim;Sim;Ativo;1;
9;19348203;CORREIA POLY V;1;12,27;16,32;14,81;29,71;29,71;0;0;0;0;0;0;D;06/10/2023;;ACD092;D;110PA1;GM - Brasil;Sim;Sim;Ativo;1;
9;19348204;CORREIA POLY V;1;14,99;19,94;19,94;33,08;33,08;0;0;0;0;0;0;D;10/10/2023;;ACD092;D;105QJ1;GM - Brasil;Sim;Sim;Ativo;1;
9;19348206;CORREIA POLY V;1;29,07;38,67;35,09;62,95;62,95;0;0;0;0;0;0;D;06/10/2023;;ACD092;D;106BG1;GM - Brasil;Sim;Sim;Ativo;1;
9;19348245;CORREIA POLY V;1;20,67;27,50;24,96;45,31;45,31;0;0;0;0;0;0;D;06/10/2023;;ACD092;D;105PA1;GM - Brasil;Sim;Sim;Ativo;1;
9;19348278;CORREIA POLY V;1;13,05;17,36;15,75;31,57;31,57;0;0;0;0;0;0;D;06/10/2023;;ACD092;D;106AH1;GM - Brasil;Sim;Sim;Ativo;1;
9;19348281;CORREIA POLY V;1;18,23;24,25;22,01;43,82;43,82;0;0;0;0;0;0;D;06/10/2023;;ACD092;D;105CH1;GM - Brasil;Sim;Sim;Ativo;1;
9;19348383;PASTILHA FREIO DIANTEIRO;3;35,05;48,44;48,43;88,29;88,29;0;0;0;0;0;0;D;19/06/2024;;MULT05;D;144RD1;GM - Brasil;Não;Não;Ativo;1;
9;19348387;PASTILHA FREIO DIANTEIRO;1;54,13;49,20;59,48;108,51;108,51;0;0;0;0;0;0;D;03/02/2023;08/12/2025;ACD011;D;109CC1;GM - Brasil;Não;Não;Ativo;1;
9;19348398;PASTILHA FREIO DIANTEIRO;1;62,16;62,16;62,16;115,66;115,66;0;0;0;0;0;0;C;02/06/2026;02/06/2026;NF 665674 OCT;C;113BC1;GM - Brasil;Não;Não;Ativo;1;
9;19348403;PASTILHA FREIO DIANTEIRO;1;37,42;51,34;52,35;93,57;93,57;0;0;0;0;0;0;D;24/07/2025;09/07/2025;JULU51;D;108AL1;GM - Brasil;Não;Não;Ativo;1;
9;19348433;BOMBA DE ÁGUA;3;56,66;51,69;56,66;118,49;118,49;0;0;0;0;0;2;C;22/04/2026;10/02/2026;ABRR29;C;108SD1;GM - Brasil;Não;Não;Ativo;1;
9;19348434;BOMBA DE ÁGUA;48;46,86;64,13;46,86;107,14;107,14;44;50;38;12;7;20;A;30/04/2026;03/08/2026;ABRR29;A;198PC;GM - Brasil;Não;Não;Ativo;1;
9;19348435;BOMBA DE ÁGUA;27;58,08;85,52;84,66;150,00;150,00;0;0;0;0;0;0;D;03/01/2024;11/12/2024;ACD015;D;110CG1;GM - Brasil;Não;Não;Ativo;1;
9;19348436;BOMBA DE ÁGUA;1;62,05;86,16;62,05;105,71;105,71;0;0;0;0;0;0;D;06/02/2023;06/03/2025;ACD011;D;109AL1;GM - Brasil;Não;Não;Ativo;1;
9;19348437;BOMBA DE ÁGUA;4;62,74;88,71;62,74;124,72;124,72;0;0;0;0;0;0;D;06/02/2023;29/09/2025;ACD011;D;145AC1;GM - Brasil;Não;Não;Ativo;1;
9;19348440;BOMBA DE ÁGUA;3;56,79;57,33;56,79;114,29;114,29;0;0;0;0;0;0;D;17/01/2024;13/05/2024;NATA25;D;112RC1;GM - Brasil;Não;Não;Ativo;1;
9;19348445;BOMBA DE ÁGUA;1;61,05;69,68;79,36;109,69;109,69;0;0;0;0;0;0;D;09/11/2023;24/10/2023;AZU23;D;110BG1;GM - Brasil;Não;Não;Ativo;1;
9;19348449;BOMBA DE ÁGUA;2;99,09;138,50;138,50;207,86;207,86;0;0;0;0;0;0;D;03/01/2024;22/11/2023;ACD015;D;110CH1;GM - Brasil;Não;Não;Ativo;1;
9;19348452;BOMBA DE ÁGUA;2;106,97;142,39;106,97;155,30;155,30;0;0;0;0;0;0;D;04/10/2023;29/01/2024;ACDE11;D;107HJ1;GM - Brasil;Não;Não;Ativo;1;
9;19348455;BOMBA DE ÁGUA;1;254,71;211,72;254,71;346,43;346,43;0;0;0;0;0;0;D;06/02/2023;26/08/2024;ACD011;D;197AC;GM - Brasil;Não;Não;Ativo;1;
9;19348457;BOMBA DE ÁGUA;3;96,34;178,22;123,58;211,08;211,08;0;0;0;0;0;0;D;04/10/2023;14/03/2024;ACDE11;D;110PH1;GM - Brasil;Não;Não;Ativo;1;
9;19348461;BOMBA DE ÁGUA;2;126,43;173,56;164,32;193,94;193,94;0;0;0;0;0;0;D;03/01/2024;28/11/2023;ACD015;D;110BG1;GM - Brasil;Não;Não;Ativo;1;
9;19348465;BOMBA DE ÁGUA;3;83,65;98,85;98,85;132,23;132,23;0;0;0;0;0;0;D;03/02/2023;09/10/2023;ACD011;D;107TH1;GM - Brasil;Não;Não;Ativo;1;
9;19348469;BOMBA DE ÁGUA;3;79,20;131,07;101,59;163,59;163,59;0;0;0;0;0;0;D;04/10/2023;11/01/2024;ACDE11;D;106QL1;GM - Brasil;Não;Não;Ativo;1;
9;19348484;BOMBA DE ÁGUA;2;81,99;106,62;106,62;150,00;150,00;0;0;0;0;0;0;D;04/10/2023;04/09/2023;ACDE11;D;110DH1;GM - Brasil;Não;Não;Ativo;1;
9;19348487;BOMBA DE ÁGUA;2;124,17;128,20;124,17;300,00;300,00;0;0;0;0;0;0;D;17/01/2024;04/11/2025;NATA25;D;111RJ1;GM - Brasil;Não;Não;Ativo;1;
9;19348495;BOMBA DE ÁGUA;2;73,98;73,98;73,98;140,78;140,78;0;0;0;0;0;0;D;24/11/2025;13/10/2025;LTAC04;D;111BD2;GM - Brasil;Não;Não;Ativo;1;
9;19348538;CABO VELA IGNIÇÃO;25;46,22;62,09;62,09;117,71;117,71;5;10;6;3;13;1;A;16/07/2026;31/07/2026;COPA52;A;198CC1;GM - Brasil;Não;Não;Ativo;1;CELTA - 2001 A 2016, PRISMA A - 2007 A 2012, CORSA B - 2002 A 2012
9;19348545;CABO DE VELA;2;40,51;42,87;42,87;84,21;84,21;0;0;0;0;0;0;D;06/02/2023;17/07/2023;ACD011;D;107GD1;GM - Brasil;Não;Não;Ativo;1;
9;19348572;CABO DE VELA;2;52,56;42,01;52,43;96,04;96,04;0;0;0;0;0;0;D;06/02/2023;;ACD011;D;108QC1;GM - Brasil;Não;Não;Ativo;1;
9;19348578;CABO VELA IGNIÇÃO;2;79,59;83,99;137,84;167,43;167,43;0;0;0;0;0;0;D;03/02/2023;09/04/2024;ACD011;D;106AC1;GM - Brasil;Não;Não;Ativo;1;
9;19348697;BOMBA DE COMBUSTÍVEL;12;92,18;92,18;92,18;234,54;234,54;0;0;0;0;0;0;D;29/08/2025;22/01/2026;ACD19;D;107HC1;GM - Brasil;Não;Não;Ativo;1;
9;19348698;BOMBA DE COMBUSTÍVEL;12;65,65;65,65;65,65;164,66;164,66;0;3;0;1;0;0;B;29/08/2025;19/06/2026;ACD19;B;197BB;GM - Brasil;Não;Não;Ativo;1;
9;19349213;DISCO FREIO DIANTEIRO;1;87,99;117,07;118,36;215,66;215,66;0;0;0;10;12;4;A;07/02/2026;27/04/2026;NJN34;A;197AA1;GM - Brasil;Não;Não;Ativo;1;
9;19350112;PALHETA DIANTEIRA;3;35,87;0,01;44,72;92,46;92,46;0;0;0;0;0;0;D;06/02/2023;02/10/2024;ACD011;D;144AC1;GM - Brasil;Não;Não;Ativo;1;
9;19350313;AMORTECEDOR DIANTEIRO;1;33,20;33,20;33,20;241,40;241,40;0;0;0;0;0;0;C;29/07/2026;;ZZ0765;C;150RC1;GM - Brasil;Não;Não;Ativo;1;
9;19350509;FILTRO AR;9;17,61;23,67;17,61;41,86;41,86;3;2;3;2;2;0;A;23/06/2026;24/07/2026;COPA23;A;198AB1;GM - Brasil;Sim;Sim;Ativo;1;
9;19350510;FILTRO AR;12;32,33;37,21;37,95;64,29;64,29;0;0;0;0;0;0;D;03/02/2023;12/12/2025;ACD011;D;198PD;GM - Brasil;Sim;Sim;Ativo;1;
9;19350511;FILTRO DE AR DO MOTOR;234;16,82;23,04;20,91;40,00;40,00;16;19;49;17;16;18;A;23/06/2026;27/07/2026;COPA23;A;114QB;GM - Brasil;Sim;Sim;Ativo;1;
9;19350512;FILTRO AR;314;29,65;23,35;29,65;71,43;71,43;112;119;87;121;80;87;A;23/06/2026;01/08/2026;COPA23;A;114PC1;GM - Brasil;Sim;Sim;Ativo;1;
9;19350512;FILTRO AR;314;29,65;23,35;29,65;71,43;71,43;112;119;87;121;80;87;A;23/06/2026;01/08/2026;COPA23;A;198QG;GM - Brasil;Sim;Sim;Ativo;1;
9;19351401;TENSIONADOR CORREIA DENTADA;3;55,66;87,79;83,92;120,18;120,18;0;0;0;0;0;1;D;09/10/2023;13/02/2026;ACD092;D;198PD;GM - Brasil;Não;Não;Ativo;1;
9;19351402;TENSIONADOR CORREIA DENTADA;3;58,18;75,61;1,00;119,08;119,08;0;0;2;0;0;0;D;10/10/2023;13/05/2026;ACD092;D;112SB1;GM - Brasil;Não;Não;Ativo;1;
9;19351403;TENSOR CORREIA DENTADA ACDELCO ONIX;71;61,17;81,96;83,88;132,61;132,61;17;32;14;9;35;20;A;20/04/2026;03/08/2026;ABRR34;A;198BB1;GM - Brasil;Não;Não;Ativo;1;93353848
9;19351404;TENSIONADOR CORREIA DENTADA;4;67,16;61,42;87,25;141,62;141,62;0;0;0;0;0;0;D;09/10/2023;;ACD092;D;197AC;GM - Brasil;Não;Não;Ativo;1;
9;19351405;TENSIONADOR CORREIA DENTADA;5;59,62;77,45;78,62;123,16;123,16;0;0;0;0;0;0;D;09/10/2023;;ACD092;D;110RD1;GM - Brasil;Não;Não;Ativo;1;
9;19351407;TENSIONADOR CORREIA DENTADA;5;78,73;102,29;102,29;144,36;144,36;0;0;0;0;0;0;D;10/10/2023;;ACD092;D;198PD;GM - Brasil;Não;Não;Ativo;1;
9;19351408;TENSIONADOR CORREIA DENTADA;5;74,62;84,24;84,24;144,36;144,36;0;0;0;0;0;0;D;10/10/2023;;ACD092;D;198CC1;GM - Brasil;Não;Não;Ativo;1;
9;19351409;TENSIONADOR CORREIA DENTADA;3;78,04;71,39;101,40;144,36;144,36;0;0;0;0;0;0;D;16/10/2023;;ACD092;D;112QH1;GM - Brasil;Não;Não;Ativo;1;
9;19351410;TENSIONADOR CORREIA DENTADA;5;67,09;74,76;74,76;151,73;151,73;0;0;0;0;0;0;D;10/10/2023;;ACD092;D;197AC;GM - Brasil;Não;Não;Ativo;1;
9;19352619;DEXRON ULV AUTOMATIC TRANSMISSION FLUID;24;90,75;56,63;56,63;;299,90;0;0;0;0;0;0;D;27/01/2026;;NF CIAASA;D;198CB1;Outros;Sim;Sim;Ativo;2;FLUIDO DE TRANSMISSÃO SILVERADO
9;19376259;PALHETA LIMPADOR TRASEIRO;4;14,84;17,87;17,33;28,22;28,22;1;1;2;0;1;4;A;06/01/2026;14/07/2026;PFHY03;A;112AB2;GM - Brasil;Não;Não;Ativo;1;
9;19379252;FAISCA BUJAO PACT;39;33,96;37,00;46,02;84,25;84,25;72;70;43;18;24;21;A;08/07/2026;30/07/2026;COPA51;A;107CD;GM - Brasil;Não;Não;Ativo;1;
9;19379253;FAISCA BUJAO PACT;59;29,38;31,54;29,38;73,22;73,22;33;21;21;15;30;18;A;06/07/2026;01/08/2026;COPA51;A;110RH1;GM - Brasil;Não;Não;Ativo;1;
9;19380534;JOGO PASTILHAS FREIO DIANTEIRO;2;73,29;70,02;99,67;179,04;275,00;1;1;0;2;0;0;B;09/03/2026;07/07/2026;NFV63;B;106DA1;GM - Brasil;Não;Não;Substituído;1;
9;19380536;JOGO PASTILHAS FREIO DIANTEIRO;1;86,22;86,22;86,22;210,35;295,50;0;0;0;0;0;0;C;28/07/2026;26/11/2024;JLL31;C;112BJ1;GM - Brasil;Não;Não;Ativo;1;
9;19380538;PASTILHA FREIO;4;84,72;165,45;84,72;207,16;207,16;0;1;0;0;0;0;C;09/03/2026;25/06/2026;NFV63;C;108SJ1;GM - Brasil;Não;Não;Ativo;1;
9;19433934;FILTRO CJ-OLEO;11;35,43;33,30;34,62;64,43;64,43;2;0;0;0;0;3;B;13/01/2025;23/07/2026;RJN01;B;197AD;GM - Brasil;Não;Não;Ativo;1;
9;19522325;FILTRO CJ-OLEO;2165;15,66;22,64;22,19;36,43;36,43;610;171;168;124;330;144;A;28/07/2026;03/08/2026;JLL29;A;114BB;GM - Brasil;Não;Não;Ativo;1;
9;19522344;FILTRO CJ-COMBUST;169;26,05;22,98;35,01;67,45;67,45;41;88;24;52;110;26;A;05/05/2026;31/07/2026;ABRR45;A;113PB;GM - Brasil;Sim;Sim;Ativo;1;
9;19522355;ELEMENTO-F/AR;43;19,81;27,36;27,85;47,27;47,27;5;14;6;0;0;0;A;13/07/2026;01/08/2026;COPA40;A;113PB;GM - Brasil;Sim;Sim;Ativo;1;
9;19525817;ADITIVO COOLANT 1 LITRO CONCENTRADO;27;11,49;11,15;13,71;425,32;38,44;60;75;50;46;82;59;A;25/07/2025;24/07/2026;JUL17B;A;198CB1;GM - Brasil;Sim;Sim;Ativo;1;
9;19525818;ADITIVO COOLANT 1 LITRO DILUIDO;329;8,15;7,82;9,55;25,52;25,52;149;97;101;110;284;122;A;25/07/2025;31/07/2026;JUL17B/D;A;125AA1;GM - Brasil;Sim;Sim;Ativo;1;
9;19525819;ADITIVO COOLANT 4 LITROS DILUIDO;34;29,61;28,99;36,02;550,92;91,82;5;5;11;5;15;2;A;25/07/2025;28/07/2026;JUL17B;A;198BA1;GM - Brasil;Sim;Sim;Ativo;1;
9;19526987;AMORTECEDOR GAS CJ-S;47;120,07;120,07;120,07;288,67;288,67;10;4;19;0;0;0;A;11/06/2026;01/08/2026;AMT659;A;150RA1;GM - Brasil;Não;Não;Ativo;1;
9;19527036;AMORTECEDOR GAS CJ-S;16;115,06;115,06;141,06;263,48;263,48;0;0;4;0;0;0;C;28/04/2026;27/05/2026;ABRR39;C;150RB1;GM - Brasil;Não;Não;Ativo;1;
9;19527037;AMORTECEDOR GAS CJ-S;7;79,21;79,21;79,21;181,37;181,37;0;0;0;0;0;0;C;13/07/2026;;ABRR39;C;112RB2;GM - Brasil;Não;Não;Ativo;1;
9;19527045;AMORTECEDOR GAS CJ-S;14;177,00;177,00;177,00;416,26;416,26;5;4;5;2;0;1;A;29/07/2026;31/07/2026;AMT659;A;150SA1;GM - Brasil;Não;Não;Ativo;1;
9;19527046;AMORTECEDOR GAS CJ-S;12;177,00;169,07;177,00;416,26;416,26;5;6;8;2;0;1;A;11/06/2026;31/07/2026;AMT659;A;151PA1;GM - Brasil;Não;Não;Ativo;1;
9;19527110;AMORTECEDOR GAS CJ-S;1;189,96;254,55;272,58;491,19;491,19;4;4;1;0;0;0;A;18/05/2026;24/07/2026;ABRR39;A;154CA1;GM - Brasil;Não;Não;Ativo;1;
9;19527111;AMORTECEDOR GAS CJ-S;1;189,96;254,55;277,47;491,19;491,19;4;4;1;0;0;0;A;29/05/2026;24/07/2026;ABRR39;A;155QA1;GM - Brasil;Não;Não;Ativo;1;
9;19527117;AMORTECEDOR GAS CJ-S;18;129,51;129,51;192,96;295,71;295,71;2;0;0;0;0;0;C;18/05/2026;16/07/2026;ABRR39;C;152SB1;GM - Brasil;Não;Não;Ativo;1;
9;19527120;AMORTECEDOR GAS CJ-S;23;78,88;105,90;104,78;180,62;180,62;7;4;6;0;0;0;A;05/06/2026;17/07/2026;AMT659;A;111RK1;GM - Brasil;Não;Não;Ativo;1;
9;19527222;PASTILHA KIT-FR DISC;58;69,28;71,46;69,27;168,64;390,00;25;36;44;65;37;32;A;13/07/2026;01/08/2026;COPA50;A;113PB;GM - Brasil;Não;Não;Ativo;1;
9;19527223;PASTILHA KIT-FR DISC;6;67,42;120,00;92,47;164,87;395,00;7;7;4;5;1;0;A;22/04/2026;01/08/2026;ABRR32;A;198PA;GM - Brasil;Não;Não;Ativo;1;
9;19527224;PASTILHA KIT-FR DISC;78;78,33;112,27;109,78;191,09;191,09;10;28;47;44;1;0;A;30/07/2026;24/07/2026;COPA50;A;198BA1;GM - Brasil;Não;Não;Ativo;1;
9;19527226;PASTILHA KIT-FR DISC;3;81,46;81,46;90,80;149,39;149,39;0;0;1;0;0;0;C;02/06/2026;13/05/2026;CVA10M;C;106BG1;GM - Brasil;Não;Não;Reativado;1;
9;19527229;PASTILHA KIT-FR DISC;6;87,64;87,63;117,57;276,84;390,00;4;18;8;2;0;0;A;13/07/2026;30/07/2026;COPA50;A;197AC;GM - Brasil;Não;Não;Ativo;1;
9;19527732;ROTOR-FR DIANT;4;133,94;179,67;133,94;327,49;327,49;8;4;2;0;0;0;A;05/05/2026;29/07/2026;ABR48;A;113QA;GM - Brasil;Não;Não;Ativo;1;
9;19527753;ROTOR-FR DIANT;18;62,20;64,37;62,21;131,14;131,14;4;6;24;0;0;0;A;09/07/2026;27/07/2026;COPA55;A;197AA1;GM - Brasil;Não;Não;Obsoleto;1;
9;19527757;ROTOR-FR DIANT;6;90,74;120,90;120,90;184,87;184,87;6;10;0;0;0;0;A;09/07/2026;29/07/2026;COPA55;A;198CA1;GM - Brasil;Não;Não;Ativo;1;
9;19527766;ROTOR-FR DIANT;6;140,23;188,10;205,72;342,86;342,86;0;14;0;0;0;0;A;05/05/2026;03/07/2026;ABR48;A;113PA;GM - Brasil;Não;Não;Ativo;1;
9;20820073;BICO LAVADOR PARA-BRISA;2;53,55;72,10;72,10;113,67;113,67;0;0;2;0;0;1;B;09/03/2026;02/06/2026;CVA103;B;111CG1;GM - Brasil;Sim;Sim;Ativo;1;S10 B - 2012 A 2020, TRAILBLAZER - 2013 A 2020
9;20914866;CALOTA CENTRAL;3;42,33;61,32;42,33;84,90;84,90;5;0;0;0;0;0;B;24/11/2025;29/07/2026;ACLC01;B;105CD1;GM - Brasil;Não;Não;Ativo;1;AGILE - 2010 A 2014, COBALT - 2012 A 2020, CORSA A - 1994 A 2017, CRUZE A  - 2012 A 2016, MALIBU - 2013 A 2013, MONTANA B - 2011 A 2020, ONIX - 2013 A 2019, PRISMA B - 2013 A 2019
9;20965947;INTERRUPTOR PARTIDA E IGNIÇÃO;1;114,07;114,07;114,07;147,52;147,52;0;0;0;0;0;0;D;14/04/2026;11/12/2020;DD0434;D;112AG3;GM - Brasil;Não;Não;Ativo;1;
9;22702778;DEFLETOR SAÍDA AR;3;92,17;76,84;76,84;196,90;196,90;2;3;4;3;2;7;A;08/07/2026;21/07/2026;CVA161;A;111DD1;GM - Brasil;Sim;Sim;Ativo;1;CAMARO - 2011 A 2015, CAMARO CONV. - 2014 A 2015, CAPTIVA - 2008 A 2017, MALIBU - 2013 A 2013, OMEGA C - 2011 A 2011
9;22752508;SENSOR FLUXO AR;5;222,97;223,92;222,97;469,51;469,51;0;2;2;3;2;3;A;13/07/2026;02/07/2026;CVA161;A;110BC1;GM - Brasil;Sim;Sim;Ativo;1;TRAILBLEZER
9;22793593;TAMPA BRAÇO LIMPADOR PARA-BRISA;1;89,55;89,55;89,55;177,31;88,97;0;0;0;0;0;0;D;13/10/2025;29/08/2025;CVC01;D;109AC1;GM - Brasil;Não;Não;Ativo;1;
9;22821145;FILTRO COMBUSTÍVEL;1;127,14;175,91;175,91;392,31;392,31;0;0;0;0;0;0;D;31/05/2024;26/11/2024;FILT22;D;112PD1;GM - Brasil;Não;Não;Substituído;1;95905361
9;22895243;TAMPA RESERVATÓRIO;3;55,15;52,47;71,65;105,40;105,40;2;5;1;0;1;3;A;08/07/2026;28/07/2026;RA0677;A;110AG1;GM - Brasil;Não;Não;Ativo;1;CRUZE - 2016 A 2017, CRUZE - 2018 A 2021, ONIX - 2020 A 2020, TRACKER 3 - 2021 A 2021
9;22915121;INTERRUPTOR VIDRO PORTA DIANTEIRA;9;159,65;159,71;159,65;312,98;312,98;0;2;4;0;2;1;A;08/07/2026;20/06/2026;CVA162;A;109AD1;GM - Brasil;Sim;Sim;Ativo;1;ONIX - 2019 A 2019, PRISMA - 2019 A 2019, S-10 - 2017 A 2021, TRAIBLAZER - 2017 A 2021
9;22969192;ANTENA PARA APARELHO;1;60,96;76,94;60,96;142,86;142,86;0;0;0;0;1;0;D;22/05/2024;23/03/2026;GIRO64;D;113AH1;GM - Brasil;Sim;Sim;Ativo;1;
9;23167074;EMBLEMA TURBO VERMELHO DA TAMPA LE;2;64,01;64,01;71,61;130,17;130,17;1;0;0;1;2;0;B;16/04/2026;14/07/2026;RA0439;B;106CD1;GM - Brasil;Sim;Sim;Ativo;1;CRUZE B - 2017 A 2019
9;23220929;BRAÇO SUPORTE;1;62,85;27,63;27,63;51,80;55,17;0;0;0;0;0;0;D;18/09/2024;24/06/2025;DD0930;D;108AG1;GM - Brasil;Não;Não;Ativo;1;CRUZE - 2016 A 2017, CRUZE - 2018 A 2019
9;23348942;DEFLETOR PNEU DIANTEIRO DIR;1;55,21;55,21;55,21;144,31;144,31;0;0;0;0;0;0;D;14/10/2025;30/10/2025;ZZ0866;D;106BA1;GM - Brasil;Não;Não;Ativo;1;
9;23368269;EMBLEMA TRASEIRO DIREITO LTZ;4;101,97;133,73;133,73;212,83;212,83;0;2;0;1;2;0;B;02/07/2026;17/06/2026;RA0677;B;112DG3;GM - Brasil;Sim;Sim;Ativo;1;CRUZE - 2016 A 2017, CRUZE - 2018 A 2019
9;23388669;SUPORTE CJ-BARRA IMP;1;200,18;200,18;200,18;382,50;382,50;0;0;0;0;0;0;C;29/07/2026;;DD0702;C;GERAL;GM - Brasil;Não;Não;Ativo;1;
9;23401134;EMBLEMA TAMPA TRASEIRA;1;112,09;142,43;146,61;228,00;228,00;0;0;0;1;1;0;C;16/07/2026;07/04/2026;RA0670;C;105AH1;GM - Brasil;Sim;Sim;Ativo;1;CRUZE B - 2017 A 2019
9;23408808;DEFLETOR PARA-CHOQUE DIANTEIRO;4;837,01;837,01;837,01;1.599,57;1.599,57;1;0;1;0;2;0;B;31/07/2026;07/07/2026;RA0729;B;161AC1;GM - Brasil;Não;Não;Ativo;1;CRUZE B - 2017 A 2019
9;23504347;GRADE DIANTEIRA;2;3.173,85;3.125,03;3.173,85;7.195,27;7.195,27;1;2;0;2;0;3;A;13/07/2026;28/07/2026;COPA47;A;162AA1;GM - Brasil;Não;Não;Ativo;1;CRUZE B - 2017 A 2019
9;23508972;GRADE INFERIOR PARACHOQUE DIANTEIRO;5;326,32;312,59;312,59;737,64;737,64;2;1;0;1;4;2;A;13/07/2026;23/07/2026;COPA47;A;162DC1;GM - Brasil;Não;Não;Ativo;1;CRUZE - 2016 A 2017, CRUZE - 2018 A 2019
9;24000102;BOMBA INJETORA ALTA PRESSÃO 2.8;4;3.373,18;3.374,56;3.910,61;6.245,97;6.245,97;6;3;5;2;1;3;A;13/07/2026;28/07/2026;CVA162;A;152QB1;GM - Brasil;Não;Não;Ativo;1;
9;24046020;CILINDRO ATUADOR;7;262,78;262,78;341,15;793,35;793,35;1;1;4;1;1;1;A;03/07/2026;13/07/2026;COPA40;A;159BB1;GM - Brasil;Não;Não;Ativo;1;S10 B - 2012 A 2020
9;24234281;JUNTA TAMPA CORPO VÁLVULAS CÂMBIO;2;271,18;270,48;271,18;568,82;568,82;1;0;1;1;1;2;A;16/07/2026;27/07/2026;RA0717;A;110DJ1;GM - Brasil;Sim;Sim;Ativo;1;
9;24235861;RETENTOR EIXO ALAVANCA CÂMBIO;8;74,01;76,50;74,01;156,06;156,06;0;0;4;2;3;0;A;05/06/2026;18/05/2026;CVA16M;A;111RG1;GM - Brasil;Sim;Sim;Ativo;1;CAMARO - 2017 A 2018, CAMARO CONV - 2014 A 2014, CAMARO COUPE - 2011 A 2015, OMEGA - 2011 A 2011, S-10 - 2012 A 2021, TRAILBLAZER - 2013 A 2021
9;24236517;FILTRO DE OLEO DA CA;26;168,10;231,16;228,21;356,57;356,57;11;23;15;15;14;11;A;03/07/2026;31/07/2026;CVA162;A;160AA1;GM - Brasil;Sim;Sim;Ativo;1;
9;24237531;RETENTOR CONVERSOR DE TORQUE;2;262,32;262,32;262,32;551,65;551,65;3;4;1;1;2;2;A;30/07/2026;17/07/2026;RA0723;A;111DD2;GM - Brasil;Sim;Sim;Ativo;1;
9;24260163;CILINDRO MESTRE PEDAL EMBREAGEM;4;153,49;176,86;229,88;515,13;515,13;0;0;1;1;0;2;B;02/07/2026;07/05/2026;COPA43;B;107PK1;GM - Brasil;Não;Não;Ativo;1;S10 B - 2012 A 2020
9;24261667;VEDADOR EIXO SAÍDA TRAS CAIXA TRANSMISSÃO;4;176,47;236,72;236,72;338,05;338,05;1;1;2;4;0;3;A;27/07/2026;24/07/2026;CVA133;A;110TD1;GM - Brasil;Não;Não;Ativo;1;S10 B - 2012 A 2020, TRAILBLAZER - 2013 A 2020
9;24261932;RETENTOR TRASEIRO DO CÂMBIO;3;83,57;82,72;83,57;211,49;211,49;1;3;1;1;0;0;B;28/07/2026;07/07/2026;RA0717;B;106AJ2;GM - Brasil;Sim;Sim;Ativo;1;S10 B - 2012 A 2020
9;24262141;ANEL DE RETENCAO NAO;2;22,06;22,06;22,06;46,25;46,25;0;0;0;15;0;0;C;31/07/2026;14/04/2026;ZZ0763;C;105BJ1;GM - Brasil;Sim;Sim;Ativo;1;
9;24263268;JUNTA CARCAÇA DO CÂMBIO;2;125,16;126,88;125,16;266,35;266,35;3;0;0;1;2;1;A;16/07/2026;27/07/2026;RA0716;A;111BB2;GM - Brasil;Sim;Sim;Ativo;1;COBALT - 2017 A 2019, CRUZE - 2016 A 2017, CRUZE - 2018 A 2021, ONIX - 2017 A 2019, ONIX NOVO - 2020 A 2021, PRISMA - 2017 A 2019, SPIN - 2017 A 2021, TRACKER 3 - 2012 A 2021
9;24271356;KIT DE EMBREAGEM 2.5 FLEX;7;2.026,19;3.013,88;2.939,21;4.591,64;4.591,64;0;0;0;0;0;1;D;28/11/2024;06/02/2026;NVV11;D;161ZA2;GM - Brasil;Não;Não;Ativo;1;S10 B - 2012 A 2020
9;24272406;VOLANTE DO MOTOR;2;5.139,44;5.464,35;7.117,50;5.964,54;5.964,54;0;0;0;0;0;0;D;21/10/2025;24/03/2025;RA1001;D;155QA1;GM - Brasil;Não;Não;Ativo;1;S-10 - 2015 A 2021
9;24272467;PLACA ESPAÇADOR;2;194,12;194,12;194,12;546,31;546,31;7;0;3;1;0;4;A;31/07/2026;20/07/2026;RA0724;A;112BC1;GM - Brasil;Sim;Sim;Ativo;1;
9;24295087;TAMPA VÁLVULA;10;569,77;798,98;803,92;1.089,69;1.089,69;1;2;2;5;4;1;A;02/06/2026;27/07/2026;PDS02;A;107DL1;GM - Brasil;Não;Não;Ativo;1;
9;24295812;FILTRO DE OLEO DA TR;1;115,25;115,25;115,25;582,19;582,19;0;0;1;2;1;1;A;31/07/2026;12/05/2026;CVA133;A;107DP1;GM - Brasil;Sim;Sim;Ativo;1;
9;24348111;PAD KIT,FRT DISC BRK;2;594,71;594,71;594,71;1.096,65;1.096,65;0;0;0;0;0;0;C;;;;C;111BH1;GM - Brasil;Não;Não;Ativo;1;
9;24389690;FILTRO CJ-AR COMPT P;1;48,43;77,14;67,58;107,63;107,63;3;2;3;0;0;0;A;22/05/2026;29/07/2026;GER01;A;106AK1;GM - Brasil;Sim;Sim;Ativo;1;
9;24389810;FAROL CJ;1;1.944,63;1.944,63;1.944,63;3.929,68;3.929,68;0;0;0;0;0;0;D;06/01/2026;;PISPK2;D;155DC1;GM - Brasil;Não;Não;Ativo;1;
9;24422061;ATUADOR DE EMBREAGEM;7;285,43;294,63;285,43;627,22;627,22;6;2;2;6;4;2;A;08/07/2026;03/08/2026;COPA43;A;106QD1;GM - Brasil;Não;Não;Ativo;1;ASTRA B - 1999 A 2011, COBALT - 2012 A 2020, CORSA B - 2002 A 2012, MERIVA - 2002 A 2012, MONTANA A - 2004 A 2011, ONIX - 2013 A 2019, PRISMA B - 2013 A 2019, VECTRA B - 1997 A 2005, VECTRA C - 2006 A 2011, ZAFIRA - 2001 A 2012
9;24422066;TUBO CILINDRO ATUADOR EMBREAGEM;2;40,98;39,16;39,15;78,05;78,05;6;2;2;7;4;2;A;13/07/2026;03/08/2026;CVA161;A;105PJ2;GM - Brasil;Não;Não;Ativo;1;ASTRA B - 1999 A 2011, COBALT - 2012 A 2020, CORSA B - 2002 A 2012, MERIVA - 2002 A 2012, MONTANA A - 2004 A 2011, ONIX - 2013 A 2019, PRISMA B - 2013 A 2019, SPIN - 2013 A 2020, VECTRA B - 1997 A 2005, VECTRA C - 2006 A 2011, ZAFIRA - 2001 A 2012
9;24436052;ROLAMENTO APOIO CORREIA DENTADA;23;147,60;148,59;147,60;321,68;321,68;1;7;21;5;10;8;A;29/07/2026;03/08/2026;JLL17;A;198PA;GM - Brasil;Não;Não;Ativo;1;CRUZE A  - 2012 A 2016, SONIC - 2012 A 2014, TRACKER B - 2014 A 2019
9;24437789;RETENTOR ESTRUTURA;3;1,57;2,37;2,20;6,79;6,79;0;0;0;0;4;0;C;06/01/2026;18/03/2026;PFHY02;C;113BG1;GM - Brasil;Sim;Sim;Ativo;1;CRUZE A - 2012 A 2016, MALIBU - 2013 A 2013, OMEGA C - 2011 A 2011, SONIC - 2012 A 2014
9;24578210;VIRABREQUIM MOTOR 1.4 FLEX;140;745,87;701,23;695,20;2.293,34;2.293,34;16;8;17;23;18;56;A;28/04/2026;30/07/2026;ABRR11;A;198RA;GM - Brasil;Não;Não;Ativo;1;AGILE - 2010 A 2014, CELTA - 2007 A 2016, COBALT - 2012 A 2020, CORSA - 1994 A 2017, CORSA NOVO - 2002 A 2012, MERIVA - 2002 A 2012, MONTANA - 2004 A 2011, MONTANA NOVA - 2011 A 2020, ONIX - 2013 A 2019, PRISMA - 2007 A 2012, PRISMA - 2013 A 2019
9;24578211;VIRABREQUIM MOTOR 1.8 FLEX;8;1.113,56;1.051,95;1.047,72;3.423,58;3.423,58;14;11;11;5;8;8;A;30/04/2026;03/08/2026;ABRR11;A;198AA1;GM - Brasil;Não;Não;Ativo;1;COBALT - 2012 A 2020, CORSA B - 2002 A 2012, MERIVA - 2002 A 2012, MONTANA A - 2004 A 2011, MONTANA B - 2011 A 2020, SPIN - 2013 A 2020
9;24578508;BOMBA DE ÓLEO;26;251,54;251,54;333,92;616,29;616,29;0;0;3;11;4;2;A;28/07/2026;27/05/2026;MAL29;A;197BC;GM - Brasil;Não;Não;Ativo;1;AGILE - 2010 A 2014, CELTA - 2001 A 2016, COBALT - 2012 A 2020, CORSA A - 1994 A 2017, MONTANA B - 2011 A 2020, ONIX - 2013 A 2019, PRISMA B - 2013 A 2019
9;24578613;RETENTOR TRASEIRO DO VIRABREQUIM;3;33,41;47,53;47,53;129,78;129,78;2;1;3;0;0;0;A;30/10/2025;27/07/2026;OTT29;A;108QC1;GM - Brasil;Sim;Sim;Ativo;1;ASTRA B - 1999 A 2011, BLAZER - 1996 A 2011, CALIBRA - 1994 A 1995, CAPTIVA - 2008 A 2017, KADETT - 1989 A 1998, MALIBU - 2013 A 2013, MONZA - 1982 A 1996, OMEGA A - 1993 A 1998, S10 A - 1995 A 2011, S10 B - 2012 A 2020, VECTRA B - 1997 A 2005, VECTRA C - 2006 A 2011, ZAFIRA - 2001 A 2012
9;24578614;RETENTOR TRASEIRO DO VIRABREQUIM;18;28,27;30,70;28,27;98,85;98,85;13;9;16;8;8;10;A;29/07/2026;31/07/2026;JLL11;A;108PC1;GM - Brasil;Sim;Sim;Ativo;1;AGILE - 2010 A 2014, CELTA - 2001 A 2016, COBALT - 2012 A 2020, CORSA A - 1994 A 2017, CORSA B - 2002 A 2012, CORSA PICK-UP - 1994 A 2017, CORSA WAGON - 1994 A 2017, MERIVA - 2002 A 2012, MONTANA A - 2004 A 2011, MONTANA B - 2011 A 2020, ONIX - 2013 A 2019, PRISMA A - 2007 A 2012, PRISMA B - 2013 A 2019, TIGRA - 1998 A 2000
9;24578654;ROLAMENTO DA EMBREAGEM;3;73,15;57,93;94,95;202,51;202,51;0;0;0;0;2;1;C;20/04/2026;23/03/2026;ABRR18;C;111GH1;GM - Brasil;Sim;Sim;Ativo;1;AGILE - 2010 A 2014, CELTA - 2001 A 2016, CORSA A - 1994 A 2017, CORSA B - 2002 A 2012, CORSA PICK-UP - 1994 A 2017, CORSA WAGON - 1994 A 2017, MONTANA B - 2011 A 2020, PRISMA A - 2007 A 2012
9;24578675;JUNTA TAMPA DE VÁLVULAS;1;29,40;29,40;36,68;82,71;82,71;9;2;6;5;0;0;A;05/06/2026;31/07/2026;MAL54;A;107RC3;GM - Brasil;Sim;Sim;Ativo;1;COBALT - 2012 A 2020, ONIX - 2013 A 2019, PRISMA B - 2013 A 2019
9;24578819;BICO INJETOR;30;105,57;105,03;146,58;362,80;362,80;0;5;8;9;9;0;A;08/07/2026;17/06/2026;COPA43;A;106BJ1;GM - Brasil;Não;Não;Ativo;1;ONIX - 2013 A 2019, PRISMA B - 2013 A 2019
9;24578820;BICO INJETOR COMBUSTÍVEL;120;111,82;92,48;111,79;319,49;319,49;35;20;8;64;72;9;A;13/07/2026;27/07/2026;COPA43;A;109DJ2;GM - Brasil;Não;Não;Ativo;1;COBALT - 2012 A 2020, ONIX - 2013 A 2019, PRISMA B - 2013 A 2019
9;24578852;ALOJAMENTO EIXO COMANDO VÁLVULAS;3;479,85;479,85;617,50;1.080,01;1.080,01;1;0;1;2;2;2;A;09/07/2026;22/07/2026;CVA161;A;112CK2;GM - Brasil;Não;Não;Ativo;1;COBALT - 2017 A 2020, ONIX - 2017 A 2020, PRISMA - 2017 A 2020, SPIN - 2017 A 2021
9;24579314;MOTOR PARCIAL 1.0;1;3.263,74;4.395,01;3.263,74;9.655,82;9.655,82;5;5;8;3;7;7;A;03/07/2026;29/07/2026;MP1106;A;BLOCO A;GM - Brasil;Não;Não;Ativo;1;CELTA - 2001 A 2016, CORSA B - 2002 A 2012, CORSA A - 1994 A 2017, PRISMA A - 2007 A 2012
9;24579467;TAMPA DE VÁLVULAS;4;434,65;435,39;434,65;979,94;979,94;2;3;2;1;4;1;A;13/07/2026;21/07/2026;CVA161;A;152CA1;GM - Brasil;Não;Não;Ativo;1;S10 B - 2012 A 2020
9;24579487;CORREIA ALTERNADOR POLY-V 3PK888;21;19,17;19,17;19,17;57,82;57,82;2;0;7;5;5;1;A;13/07/2026;28/07/2026;COPA53;A;107GG1;GM - Brasil;Sim;Sim;Ativo;1;ONIX - 2013 A 2019, PRISMA B - 2013 A 2019
9;24579488;CORREIA ACESSÓRIOS POLY-V 5PK1031;14;47,43;46,84;47,43;124,25;124,25;2;4;0;4;4;4;A;30/07/2026;28/07/2026;COPA53;A;108GH1;GM - Brasil;Sim;Sim;Ativo;1;ONIX - 2013 A 2019, PRISMA B - 2013 A 2019
9;24579728;CÁRTER ÓLEO DO MOTOR;2;324,87;324,87;324,87;729,46;729,46;0;2;1;1;0;1;B;31/07/2026;30/06/2026;RA0724;B;150PB1;GM - Brasil;Não;Não;Ativo;1;ASTRA B - 1999 A 2011, COBALT - 2012 A 2020, CORSA A - 1994 A 2017, CORSA B - 2002 A 2012, CORSA PICK-UP - 1994 A 2017, MERIVA - 2002 A 2012, MONTANA A - 2004 A 2011, MONTANA B - 2011 A 2020, ONIX - 2013 A 2019, PRISMA B - 2013 A 2019
9;24579880;COLETOR ADMISSÃO;1;65,55;65,55;65,55;163,76;163,76;0;0;0;0;0;0;D;06/01/2026;05/12/2025;PFMY05;D;108PD1;GM - Brasil;Não;Não;Ativo;1;
9;24579936;TUBO ÁGUA COLETOR DE ADMISSÃO;25;24,85;33,77;32,49;87,50;87,50;13;13;15;9;11;6;A;29/07/2026;30/07/2026;JLL18;A;108AG2;GM - Brasil;Sim;Sim;Ativo;1;COBALT - 2012 A 2020, ONIX - 2013 A 2019, PRISMA B - 2013 A 2019
9;24579938;VEDADOR COLETOR INTERNO;2;16,87;17,97;24,81;47,95;47,95;1;0;2;1;3;1;A;05/06/2026;21/07/2026;MAL53;A;113CD1;GM - Brasil;Sim;Sim;Ativo;1;COBALT - 2012 A 2020, ONIX - 2013 A 2019, PRISMA B - 2013 A 2019, SPIN - 2013 A 2020
9;24579976;BIELA DO MOTOR;2;136,13;204,80;204,80;401,90;401,90;0;0;1;1;1;1;B;28/04/2026;11/05/2026;ABRR11;B;105QG3;GM - Brasil;Não;Não;Ativo;1;ONIX - 2013 A 2019, PRISMA B - 2013 A 2019
9;24580126;ANEL RETENTOR VÁLVULA TERMOSTÁTICA;17;12,17;18,41;17,28;44,25;44,25;7;8;3;0;15;21;A;27/03/2026;31/07/2026;NMA29;A;110BH2;GM - Brasil;Sim;Sim;Ativo;1;ASTRA A - 1995 A 1996, ASTRA B - 1999 A 2011, BLAZER - 1996 A 2011, KADETT - 1989 A 1998, MONZA - 1982 A 1996, OMEGA A - 1993 A 1998, S10 A - 1995 A 2011, S10 B - 2012 A 2020, VECTRA A - 1994 A 1996, VECTRA B - 1997 A 2005, VECTRA C - 2006 A 2011, ZAFIRA - 2001 A 2012
9;24580378;PLATÔ DE EMBREAGEM;14;752,23;752,15;977,64;2.275,38;2.275,38;0;0;2;9;0;0;B;09/07/2026;12/05/2026;COPA55;B;114PB;GM - Brasil;Não;Não;Ativo;1;S-10 - 2014 A 2021, TRAILBLAZER - 2014 A 2021
9;24580486;VARETA DE NÍVEL DO ÓLEO;2;21,99;21,77;21,99;54,00;54,00;3;5;3;0;2;2;A;29/07/2026;27/07/2026;RA0725;A;111DH2;GM - Brasil;Sim;Sim;Ativo;1;COBALT - 2012 A 2020, ONIX - 2013 A 2019, PRISMA B - 2013 A 2019
9;24580510;SONDA LAMBDA;1;320,50;320,50;317,10;642,98;642,98;0;0;1;0;0;0;D;08/12/2025;27/05/2026;RA1274;D;113BH1;GM - Brasil;Sim;Sim;Ativo;1;ONIX - 2013 A 2019, PRISMA B - 2013 A 2019
9;24580529;PISTÃO MOTOR COM PINO O/S 0,5;1;990,94;609,82;609,82;699,73;699,73;0;0;0;0;0;0;K;08/01/2024;;ZZ0103 NATANAEL;K;105QH1;GM - Brasil;Não;Não;Ativo;1;
9;24580623;TUBO RESPIRO VARETA OLEO;13;423,81;436,66;423,81;982,80;982,80;9;14;14;6;1;12;A;13/07/2026;28/07/2026;CVA162;A;160HA1;GM - Brasil;Não;Não;Ativo;1;
9;24580974;VARETA DE NÍVEL DO ÓLEO;3;20,26;20,26;20,26;46,84;46,84;1;0;2;1;1;0;B;26/06/2026;13/07/2026;CVA151;B;112DG1;GM - Brasil;Sim;Sim;Ativo;1;AGILE - 2010 A 2014, CELTA - 2001 A 2016, CORSA A - 1994 A 2017, CORSA PICK-UP - 1994 A 2017, CORSA WAGON - 1994 A 2017, MONTANA B - 2011 A 2020, PRISMA A - 2007 A 2012
9;24581174;CORREIA ACESSÓRIOS POLY-V 6PK2870;35;118,42;115,45;156,73;306,27;306,27;16;7;9;17;16;8;A;14/07/2026;29/07/2026;COPA53;A;108BJ1;GM - Brasil;Sim;Sim;Ativo;1;S10 B - 2012 A 2020
9;24581792;TUBO CILINDRO ATUADOR EMBREAGEM;1;170,86;229,19;170,86;391,03;391,03;0;1;0;1;0;0;D;06/01/2026;05/05/2026;PFHY03;D;160ZC2;GM - Brasil;Não;Não;Ativo;1;
9;24581803;CILINDRO ATUADOR PEDAL EMBREAGEM;30;80,39;102,50;104,52;203,28;203,28;1;10;3;15;22;4;A;07/05/2026;10/07/2026;ABRR56;A;107XJ;GM - Brasil;Não;Não;Ativo;1;COBALT - 2012 A 2020, ONIX - 2013 A 2019, PRISMA B - 2013 A 2019, SONIC - 2012 A 2014, TRACKER B - 2014 A 2019
9;24581894;JUNTA TAMPA DE VÁLVULAS;4;18,49;15,00;26,11;71,54;71,54;14;18;11;11;15;11;A;05/06/2026;30/07/2026;MAL54;A;106PD1;GM - Brasil;Sim;Sim;Ativo;1;AGILE - 2010 A 2014, CELTA - 2001 A 2016, COBALT - 2012 A 2020, CORSA A - 1994 A 2017, MONTANA B - 2011 A 2020, PRISMA A - 2007 A 2012, SPIN - 2013 A 2020
9;24582406;TENSIONADOR CORREIA DO ALTERNADOR;1;202,89;202,89;202,89;439,27;439,27;0;1;0;0;0;1;C;28/07/2026;16/06/2026;JLL17;C;105QL2;GM - Brasil;Não;Não;Ativo;1;AGILE - 2010 A 2014, CELTA - 2001 A 2016, COBALT - 2012 A 2020, CORSA A - 1994 A 2017, MONTANA B - 2011 A 2020, PRISMA A - 2007 A 2012
9;24582663;BICO INJETOR COMBUSTÍVEL;7;206,99;206,99;206,99;516,39;516,39;0;0;1;2;0;8;A;08/07/2026;02/06/2026;COPA43;A;107BC1;GM - Brasil;Não;Não;Ativo;1;
9;24582667;TAMPA COMANDO VÁLVULAS;16;155,65;225,32;221,11;378,07;378,07;14;10;12;8;4;12;A;13/07/2026;03/08/2026;CVA162;A;150SB1;GM - Brasil;Não;Não;Ativo;1;AGILE - 2010 A 2014, CELTA - 2001 A 2016, COBALT - 2012 A 2020, CORSA A - 1994 A 2017, CORSA PICK-UP - 1994 A 2017, CORSA WAGON - 1994 A 2017, MONTANA B - 2011 A 2020, PRISMA A - 2007 A 2012
9;24583120;ALAVANCA CONTROLE TRANSM MANUAL;3;690,79;703,26;690,79;1.597,88;1.597,88;0;0;0;0;1;0;C;26/03/2026;11/03/2026;CVA112;C;108TJ1;GM - Brasil;Não;Não;Obsoleto;1;S10 B - 2012 A 2020
9;24583134;POLIA;8;54,34;72,83;70,83;138,31;138,31;1;0;2;2;3;2;A;29/05/2026;17/07/2026;MAL31;A;108AB1;GM - Brasil;Não;Não;Ativo;1;ONIX - 2017 A 2021, PRISMA - 2017 A 2021, SPIN - 2017 A 2019
9;24583550;SENSOR OXIGENIO PRE CATALISADOR;6;268,07;224,69;371,53;656,37;656,37;2;3;2;3;1;3;A;02/07/2026;10/07/2026;COPA43;A;112QC1;GM - Brasil;Sim;Sim;Ativo;1;COBALT - 2012 A 2020, MONTANA B - 2011 A 2020, ONIX - 2013 A 2019, PRISMA B - 2013 A 2019
9;24584392;BALANCEADOR VIRABREQUIM;25;309,97;310,58;402,90;790,08;790,08;7;9;8;10;7;5;A;28/07/2026;22/07/2026;JLL17;A;151DA1;GM - Brasil;Não;Não;Ativo;1;COBALT - 2012 A 2020, ONIX - 2013 A 2019, PRISMA B - 2013 A 2019
9;24585422;VÁLVULA ESCAPAMENTO;1;28,22;35,33;28,22;70,33;70,33;0;0;1;0;0;0;D;27/03/2026;27/05/2026;CICAL THIAGO;D;109GB1;GM - Brasil;Não;Não;Ativo;1;CELTA - 2009 A 2016, CORSA - 2009 A 2017, ONIX - 2013 A 2021, PRISMA - 2009 A 2012, PRISMA - 2013 A 2021
9;24585531;MOTOR PARCIAL;7;4.773,65;4.865,40;4.773,65;14.188,07;14.188,07;0;0;0;0;0;3;B;31/07/2026;20/02/2026;MP1307;B;BLOCO A;GM - Brasil;Não;Não;Ativo;1;COBALT - 2012 A 2020, SPIN - 2013 A 2020
9;24585532;MOTOR PARCIAL;11;4.818,43;4.904,22;4.818,43;14.301,26;14.301,26;1;3;3;1;4;4;A;28/07/2026;21/07/2026;MP1307;A;BLOCO A;GM - Brasil;Não;Não;Ativo;1;ONIX - 2013 A 2019, PRISMA B - 2013 A 2019
9;24585533;MOTOR DE PISTAO DE I;4;4.777,33;4.853,31;4.777,33;14.186,35;14.186,35;1;0;0;1;0;0;C;28/07/2026;20/07/2026;MP1307;C;BLOCO A;GM - Brasil;Não;Não;Ativo;1;motor 1.4
9;24585544;ANEL BLOQUEIO ENGRENAGEM 4A E 3A;2;223,68;219,68;223,68;647,00;647,00;0;0;1;1;0;0;C;05/05/2026;25/05/2026;ABRR45;C;106BC1;GM - Brasil;Não;Não;Ativo;1;AGILE - 2013 A 2014, CELTA - 2014 A 2016, COBALT - 2015 A 2020, CORSA - 2014 A 2017, MONTANA NOVA - 2013 A 2019, ONIX - 2013 A 2021, ONIX - 2020 A 2021, PRISMA - 2013 A 2021, SPIN - 2015 A 2021, TRACKER - 2021 A 2021
9;24585899;COBERTURA DIANTEIRA;15;18,23;18,29;18,23;41,07;41,07;5;8;4;4;7;4;A;03/07/2026;28/07/2026;RA0677;A;112TA1;GM - Brasil;Não;Não;Ativo;1;COBALT - 2012 A 2020
9;24586071;CABEÇOTE DO MOTOR;1;2.007,97;2.688,77;2.688,77;6.250,45;6.250,45;0;3;0;0;2;4;A;09/09/2025;02/07/2026;ATG1;A;161BA1;GM - Brasil;Não;Não;Ativo;1;CELTA - 2009 A 2016, CORSA - 2009 A 2017, ONIX - 2017 A 2021, PRISMA - 2009 A 2012, PRISMA - 2017 A 2021
9;24586072;CABEÇOTE DO MOTOR;10;1.966,35;1.965,24;1.966,35;5.571,11;5.571,11;6;4;5;7;2;1;A;29/07/2026;03/08/2026;COPA40;A;162SC1;GM - Brasil;Não;Não;Ativo;1;CELTA - 2009 A 2016, COBALT - 2015 A 2020, MONTANA NOVA - 2016 A 2020, ONIX - 2015 A 2019, PRISMA - 2009 A 2012, PRISMA - 2015 A 2019
9;24586075;CABEÇOTE DO MOTOR;5;1.355,72;1.395,00;1.355,72;4.033,65;4.033,65;0;0;1;1;0;0;C;30/10/2025;12/05/2026;OTT29;C;163CA1;GM - Brasil;Não;Não;Ativo;1;
9;24586076;CABEÇOTE DO MOTOR;6;1.193,43;1.193,43;1.193,43;3.706,89;3.706,89;1;0;0;0;0;0;D;14/08/2025;14/07/2026;ATG07;D;159GA1;GM - Brasil;Não;Não;Ativo;1;
9;24586203;BOMBA DE ÓLEO;12;162,57;206,08;206,08;413,56;413,56;1;1;4;5;6;2;A;02/06/2026;08/07/2026;MAL29;A;106SJ2;GM - Brasil;Não;Não;Ativo;1;
9;24586232;TAMPA ENCHIMENTO ÓLEO;5;15,50;26,06;25,06;59,63;59,63;1;3;2;1;2;5;A;04/04/2026;22/07/2026;NMA49;A;107PH1;GM - Brasil;Não;Não;Ativo;1;AGILE - 2010 A 2014, CELTA - 2001 A 2016, COBALT - 2012 A 2020, CORSA A - 1994 A 2017, MONTANA B - 2011 A 2020, PRISMA A - 2007 A 2012
9;24586235;CAPA TRASEIRA CORREIA DENTADA;6;62,43;62,55;62,43;140,46;140,46;7;12;6;7;12;7;A;31/07/2026;29/07/2026;CVA149;A;113CH1;GM - Brasil;Não;Não;Ativo;1;COBALT - 2012 A 2020, SPIN - 2013 A 2020, ONIX - 2013 A 2019, PRISMA B - 2013 A 2019
9;24586359;JOGO PLATÔ E DISCO;16;348,35;333,22;467,48;932,03;932,03;4;4;2;3;1;4;A;03/07/2026;31/07/2026;COPA40;A;198BA1;GM - Brasil;Não;Não;Ativo;1;CELTA - 2001 A 2016, CORSA A - 1994 A 2017, ONIX - 2013 A 2019, PRISMA B - 2013 A 2019
9;24586360;KIT EMBREAGEM;11;383,36;514,24;514,23;1.025,23;1.025,23;2;2;2;3;7;4;A;13/07/2026;27/07/2026;COPA43;A;154SB1;GM - Brasil;Não;Não;Ativo;1;COBALT - 2012 A 2020, MONTANA B - 2011 A 2020, ONIX - 2013 A 2019, PRISMA B - 2013 A 2019
9;24586382;CORREIA ALTERNADOR POLY-V 5PK1051;23;97,99;134,88;130,39;297,54;297,54;4;3;8;6;5;1;A;13/07/2026;03/08/2026;COPA53;A;113QB;GM - Brasil;Sim;Sim;Ativo;1;COBALT - 2012 A 2020, ONIX - 2013 A 2019, PRISMA B - 2013 A 2019
9;24586650;RETENTOR LATERAL DO CÂMBIO;25;21,29;19,50;25,89;50,92;50,92;42;47;25;29;15;26;A;31/07/2026;03/08/2026;JLL11;A;111PG1;GM - Brasil;Sim;Sim;Ativo;1;"RETENTOR LATERAL DA CAIXA 2370
ASTRA/VECTRA/DIVERSOS
24581410/celta    SABO 2370"
9;24587029;TAMPA DE VALVULA 2.8;2;913,07;872,78;1.184,26;1.739,60;1.739,60;1;1;1;0;2;1;A;09/04/2026;25/07/2026;CVA118;A;151CB1;GM - Brasil;Não;Não;Ativo;1;
9;24587106;SUPORTE VENTILADOR;6;1.031,63;1.031,72;1.374,29;1.912,52;1.912,52;1;6;4;3;5;1;A;13/07/2026;28/07/2026;CVA170;A;197BA;GM - Brasil;Não;Não;Ativo;1;S10 B - 2012 A 2020, TRAILBLAZER - 2013 A 2020
9;24588465;MOTOR DE PARTIDA;1;1.333,51;1.228,44;1.763,06;3.322,67;3.322,67;1;0;0;0;0;0;D;14/07/2025;14/07/2026;JULU15;D;152CB1;GM - Brasil;Não;Não;Ativo;1;
9;24588515;VÁLVULA TERMOSTÁTICA;26;205,58;283,15;273,49;567,00;567,00;5;9;3;9;5;5;A;02/07/2026;31/07/2026;COPA43;A;111CJ1;GM - Brasil;Sim;Sim;Ativo;1;S-10 - 2021 A 2021, TRAILBLAZER - 2021 A 2021
9;24588545;CABO VELA IGNIÇÃO;3;100,43;134,51;134,51;262,83;262,83;3;4;2;3;2;3;A;05/05/2026;31/07/2026;ABRR49;A;111BJ2;GM - Brasil;Não;Não;Ativo;1;COBALT - 2012 A 2020, ONIX - 2013 A 2019, PRISMA B - 2013 A 2019
9;24588547;CABO VELA IGNIÇÃO;2;121,27;121,27;121,27;272,93;272,93;1;1;1;0;1;0;B;16/07/2026;11/07/2026;RA0716;B;110CJ1;GM - Brasil;Não;Não;Ativo;1;S10 B - 2012 A 2020
9;24588988;TENSIONADOR CORREIA DO ALTERNADOR;7;204,99;204,76;271,56;528,94;528,94;3;3;10;4;4;6;A;29/05/2026;29/07/2026;MAL31;A;197AB;GM - Brasil;Não;Não;Ativo;1;S-10 - 2021 A 2021, TRAILBLAZER - 2021 A 2021
9;24589265;PONTEIRA DA ALAVANCA;2;9,38;9,38;9,38;21,10;21,10;0;0;2;0;0;0;C;29/07/2026;26/05/2026;RA0725;C;109HD2;GM - Brasil;Não;Não;Ativo;1;
9;24589673;TUBO ADMISSÃO BOMBA ÁGUA;2;53,45;53,45;69,46;150,34;150,34;5;2;1;1;1;5;A;28/07/2026;30/07/2026;JLL20;A;113GG2;GM - Brasil;Não;Não;Ativo;1;
9;24589757;KIT DE EMBREAGEM;17;435,91;584,73;584,76;1.165,78;1.165,78;2;5;3;5;7;2;A;13/07/2026;17/07/2026;COPA43;A;151RB1;GM - Brasil;Não;Não;Ativo;1;ONIX NOVO - 2020 A 2020, TRACKER 3 - 2021 A 2021
9;24589896;COBERTURA DIANTEIRA;19;12,21;12,22;12,21;27,44;27,44;6;14;3;5;8;6;A;08/07/2026;29/07/2026;CVA160;A;105DH1;GM - Brasil;Não;Não;Ativo;1;
9;24590072;VARETA NÍVEL DE ÓLEO;14;23,42;31,58;31,58;52,90;52,90;1;2;7;3;7;5;A;11/06/2026;03/08/2026;PDS02;A;111PB1;GM - Brasil;Não;Não;Ativo;1;
9;24590214;CONVERSOR CATALITICO;2;3.217,92;3.217,92;4.452,55;8.048,31;8.048,31;1;1;0;2;1;0;B;26/06/2026;07/07/2026;CVA151;B;152QA1;GM - Brasil;Sim;Sim;Ativo;1;
9;24590404;POLIA LIVRE PARA DES;1;96,94;131,29;130,47;279,56;279,56;6;8;11;0;10;9;A;20/04/2026;20/07/2026;ABRR22;A;108PH2;GM - Brasil;Não;Não;Ativo;1;
9;24590670;ENGRENAGEM-A/MA;1;160,86;245,54;209,02;446,93;446,93;1;1;0;0;1;2;B;20/04/2026;29/07/2026;ABRR22;B;110PH1;GM - Brasil;Sim;Sim;Ativo;1;
9;24590694;MANCAL VIRABREQUIM;26;131,16;182,54;173,71;309,38;309,38;10;9;15;13;10;12;A;02/07/2026;30/07/2026;CVA162;A;112AG1;GM - Brasil;Não;Não;Ativo;1;
9;24590700;CORREIA DO ALTERNADOR 5PK1071;33;119,85;166,24;268,49;363,83;363,83;5;9;10;7;6;11;A;13/07/2026;28/07/2026;COPA53;A;145TC1;GM - Brasil;Sim;Sim;Ativo;1;
9;24590781;CABEÇOTE DO MOTOR;2;5.680,08;7.983,90;7.638,90;16.728,89;16.728,89;1;0;1;0;0;1;C;21/08/2025;01/08/2026;ATG07;C;156RA1;GM - Brasil;Não;Não;Ativo;1;S-10 - 2014 A 2019, TRAILBLAZER - 2014 A 2020
9;24590956;COIFA DA ALAVANCA DE;1;94,33;99,24;94,33;247,34;247,34;0;0;1;0;0;0;C;17/03/2026;13/05/2026;CVA92;C;106BG1;GM - Brasil;Não;Não;Ativo;1;
9;24591033;INTERRUPTOR ELETRICO;40;40,59;37,09;40,59;58,58;58,58;17;14;10;16;12;11;A;08/07/2026;31/07/2026;COPA43;A;111AJ1;GM - Brasil;Não;Não;Ativo;1;
9;24591035;TAMPA COLETOR;2;520,86;698,26;671,33;1.169,53;1.169,53;0;0;0;1;1;0;C;22/04/2026;08/04/2026;RA0444;C;153RB1;GM - Brasil;Não;Não;Ativo;1;
9;24591039;MOTOR PARCIAL 1.8;6;3.891,73;3.906,24;3.891,73;11.391,04;11.391,04;2;1;15;11;11;11;A;31/07/2026;18/07/2026;MP1307;A;BLOCO A;GM - Brasil;Não;Não;Ativo;1;
9;24591047;CORREIA DENTADA DO MOTOR;36;298,65;400,11;415,28;734,50;734,50;11;15;15;16;19;11;A;16/07/2026;30/07/2026;COPA53;A;145GB2;GM - Brasil;Sim;Sim;Ativo;1;
9;24591057;BOMBA D'AGUA;20;191,59;244,15;236,94;552,62;552,62;6;2;5;10;15;6;A;01/07/2026;30/07/2026;LOT15M;A;159BB1;GM - Brasil;Não;Não;Ativo;1;
9;24591088;SHIELD-EXH MANI;2;198,37;187,57;258,86;448,90;448,90;0;1;0;1;0;1;B;09/07/2026;23/06/2026;RA0677;B;161HB1;GM - Brasil;Não;Não;Ativo;1;
9;24591135;CONTROL ASM-M/T;2;597,98;599,87;790,32;1.346,94;1.346,94;1;0;2;1;1;0;B;05/06/2026;06/07/2026;RA0583;B;152RC1;GM - Brasil;Não;Não;Ativo;1;
9;24591142;ATUADOR EMBREAGEM;106;165,42;159,20;160,02;439,10;439,10;16;48;28;19;28;15;A;08/07/2026;31/07/2026;COPA43;A;114AB;GM - Brasil;Não;Não;Ativo;1;
9;24591145;KIT EMBREAGEM DISCO + PLATÔ 24591145;21;369,41;369,41;369,41;987,95;987,95;7;5;8;5;12;5;A;31/07/2026;27/07/2026;COPA55;A;151CB1;GM - Brasil;Não;Não;Ativo;1;
9;24591267;FILTRO DE ÓLEO;25;742,09;766,70;954,49;2.030,16;2.030,16;8;13;8;7;4;8;A;09/07/2026;03/08/2026;COPA55;A;152RA1;GM - Brasil;Não;Não;Ativo;1;
9;24591518;FILTRO DE ÓLEO;311;15,49;16,81;15,49;46,14;46,14;89;97;54;81;86;68;A;31/07/2026;31/07/2026;JLL47;A;198QB;GM - Brasil;Não;Não;Ativo;1;AGILE - 2010 A 2014, CELTA - 2001 A 2016, COBALT - 2012 A 2020, CORSA A - 1994 A 2017, CORSA PICK-UP - 1994 A 2017, CORSA WAGON - 1994 A 2017, MONTANA B - 2011 A 2020, ONIX - 2013 A 2019, PRISMA A - 2007 A 2012, PRISMA B - 2013 A 2019, S10 B - 2012 A 2020
9;24591704;MANGUEIRA DE RESPIRO CÁRTER;7;52,33;52,33;68,02;196,32;196,32;3;1;4;4;3;1;A;29/07/2026;22/07/2026;JLL20;A;109HJ1;GM - Brasil;Não;Não;Ativo;1;
9;24591723;COBERTURA CJ-TRANS;1;255,88;255,88;255,88;575,92;575,92;0;0;0;0;0;0;C;16/07/2026;;DD0709;C;154CC1;GM - Brasil;Não;Não;Ativo;1;
9;24591758;MODULE ASM-FUEL;2;338,92;321,90;338,92;706,08;706,08;2;1;2;2;0;0;A;02/07/2026;16/07/2026;CVA161;A;109BJ1;GM - Brasil;Não;Não;Ativo;1;
9;24592157;DISCO         E;2;671,22;900,21;767,34;1.731,53;1.731,53;0;0;1;0;0;0;D;28/01/2026;12/05/2026;NJN14;D;152PA1;GM - Brasil;Não;Não;Ativo;1;
9;24592167;SENSOR CJ-POSC A/MAN;8;56,69;56,69;56,69;131,02;131,02;0;2;5;1;3;0;A;29/07/2026;03/07/2026;CVA161;A;112PC1;GM - Brasil;Sim;Sim;Ativo;1;
9;24592271;MOTOR CJ-DSL  (GOODW;1;16.320,60;16.320,60;16.320,60;49.994,78;49.994,78;0;0;0;0;0;0;D;19/02/2026;23/08/2025;MP1202;D;198CA1;GM - Brasil;Não;Não;Ativo;1;
9;24592342;ENGRENAGEM DA A;75;44,28;35,35;35,35;160,55;160,55;13;18;12;30;24;8;A;29/07/2026;30/07/2026;JLL15;A;197AB;GM - Brasil;Sim;Sim;Ativo;1;
9;24592433;SELO-OLEO DIANT;4;20,36;29,76;29,76;50,44;50,44;5;3;5;2;5;2;A;05/06/2026;31/07/2026;MAL53;A;109GD1;GM - Brasil;Sim;Sim;Ativo;1;
9;24592710;PLATE KIT,CLU PRESS;9;744,73;712,07;998,97;1.991,70;1.991,70;0;1;2;3;2;0;A;09/07/2026;16/06/2026;COPA55;A;150RB1;GM - Brasil;Não;Não;Ativo;1;
9;24592783;CARCACA-TRANS;1;114,80;114,80;114,80;265,75;265,75;0;0;0;0;0;0;C;29/07/2026;;ZZ0711;C;107BK1;GM - Brasil;Não;Não;Ativo;1;
9;25FC0225;FILTRO COMBUSTIVEL ORIGINAL;176;8,30;8,20;8,07;18,57;18,57;35;41;45;47;31;48;A;03/07/2026;01/08/2026;COPA40;A;113PA;GM - Brasil;Não;Não;Ativo;1;ASTRA B - 1999 A 2011, BLAZER - 1996 A 2011, CELTA - 2001 A 2016, CORSA A - 1994 A 2017, CORSA B - 2002 A 2012, MERIVA - 2002 A 2012, MONTANA A - 2004 A 2011, OMEGA B - 1999 A 2009, S10 A - 1995 A 2011, VECTRA B - 1997 A 2005, VECTRA C - 2006 A 2011, ZAFIRA - 2001 A 2012
9;25187855;CABO SELETOR DE MARCHA;3;433,82;595,81;595,81;881,41;881,41;0;2;5;1;1;8;A;07/04/2026;02/07/2026;NMA54;A;160ZC2;GM - Brasil;Não;Não;Ativo;1;COBALT - 2012 A 2020, ONIX - 2013 A 2019, PRISMA B - 2013 A 2019
9;25194195;VEDADOR COLETOR DE ADMISSÃO;4;32,09;25,90;25,90;79,29;79,29;3;2;3;4;1;0;A;08/07/2026;21/07/2026;CVA160;A;109DP1;GM - Brasil;Sim;Sim;Ativo;1;
9;25194208;PARAFUSO;23;8,35;8,35;11,12;25,38;25,38;19;9;8;11;19;17;A;08/07/2026;31/07/2026;CVA160;A;144PD2;GM - Brasil;Sim;Sim;Ativo;1;
9;25197327;JUNTA TAMPA DE VÁLVULAS;15;31,32;24,99;26,74;82,15;82,15;18;6;19;13;8;13;A;02/07/2026;30/07/2026;CVA161;A;105AA2;GM - Brasil;Sim;Sim;Ativo;1;ONIX NOVO - 2020 A 2021
9;25197581;PISTÃO COM PINO;31;147,09;223,91;205,05;404,26;404,26;15;16;18;19;21;12;A;26/05/2026;24/07/2026;RA0579;A;145BD1;GM - Brasil;Não;Não;Ativo;1;
9;25197617;VÁLVULA ESCAPAMENTO;21;56,04;56,08;75,04;125,90;125,90;0;6;11;6;7;0;A;02/07/2026;10/06/2026;CVA161;A;107PD1;GM - Brasil;Não;Não;Ativo;1;
9;25197629;EIXO COMANDO VÁLVULAS ESCAPAMENTO;7;282,49;272,99;372,84;679,12;679,12;2;1;6;2;0;1;A;13/07/2026;17/07/2026;COPA47;A;111BK1;GM - Brasil;Não;Não;Ativo;1;
9;25197635;EIXO COMANDO VÁLVULAS ADMISSÃO;9;291,25;370,57;374,48;687,28;687,28;2;0;6;3;0;3;A;13/07/2026;17/07/2026;COPA47;A;105PK1;GM - Brasil;Não;Não;Ativo;1;
9;25198740;CORREIA DO ALTERNADOR;7;30,90;42,48;42,48;113,36;113,36;9;4;6;8;5;1;A;13/07/2026;28/07/2026;COPA53;A;198QA;GM - Brasil;Sim;Sim;Ativo;1;ONIX NOVO - 2020 A 2020
9;25199309;BICO INJETOR COMBUSTÍVEL;1;238,78;238,78;238,78;595,70;595,70;6;4;0;4;4;1;A;13/07/2026;17/07/2026;COPA43;A;109BJ1;GM - Brasil;Não;Não;Ativo;1;ONIX NOVO - 2020 A 2021
9;25201127;JOGO ANÉIS DE PISTÃO 1;10;77,38;118,90;116,82;175,90;175,90;0;6;12;6;3;6;A;02/07/2026;17/06/2026;RA0676;A;107BD1;GM - Brasil;Não;Não;Ativo;1;
9;25202590;CABEÇOTE DO MOTOR;13;2.360,45;3.164,40;3.107,72;6.691,50;6.691,50;4;4;6;5;3;3;A;13/07/2026;27/07/2026;COPA47;A;163SB1;GM - Brasil;Não;Não;Ativo;1;
9;25203197;SENSOR ASM-HTD;22;208,44;302,62;302,62;633,83;633,83;0;0;6;3;3;0;A;28/07/2026;28/05/2026;COPA18;A;107QA2;GM - Brasil;Sim;Sim;Ativo;1;ONIX NOVO - 2020 A 2021, TRACKER 3 - 2021 A 2021
9;25203200;BOMBA DE ÁGUA;2;470,01;613,45;613,45;1.027,51;1.027,51;1;3;3;1;0;2;A;20/07/2026;24/07/2026;CVA10M;A;111DJ1;GM - Brasil;Não;Não;Ativo;1;
9;25203498;INTERRUPTOR ELETRICO;6;34,79;36,26;33,20;46,89;46,89;0;1;2;4;4;3;A;14/07/2026;05/06/2026;CVA170;A;110BH1;GM - Brasil;Não;Não;Ativo;1;
9;25203986;SOLENOIDE CJ-VALV AC;6;196,77;196,76;256,22;414,80;414,80;7;9;5;4;1;3;A;31/07/2026;20/07/2026;RA0721;A;106RD1;GM - Brasil;Sim;Sim;Ativo;1;
9;25204208;SPARK PLUG ASM-;35;55,71;57,02;69,24;128,34;128,34;0;13;0;3;6;3;A;26/06/2026;19/06/2026;CVA149;A;113GD1;GM - Brasil;Não;Não;Ativo;1;
9;25204339;CASQUILHO-SUP;2;44,62;44,60;44,62;83,26;83,26;0;0;0;1;1;0;C;07/05/2026;07/04/2026;CVA138;C;112SD1;GM - Brasil;Não;Não;Ativo;1;
9;25204342;CASQUILHO-SUP;9;19,02;19,02;25,53;42,82;42,82;3;3;4;7;3;2;A;08/07/2026;21/07/2026;CVA160;A;105QH1;GM - Brasil;Não;Não;Ativo;1;
9;25204391;BOMBA CJ-AGUA;4;452,16;452,17;595,48;1.372,02;1.372,02;0;2;2;0;1;0;B;11/06/2026;03/07/2026;MAL56;B;106PL1;GM - Brasil;Não;Não;Ativo;1;
9;25204394;BOMBA CJ-AGUA;4;715,32;958,96;958,96;1.558,00;1.558,00;0;1;1;1;1;1;B;29/06/2026;09/06/2026;CVA151;B;151SA1;GM - Brasil;Não;Não;Ativo;1;
9;25204526;POLIA CJ-ML COR;28;99,10;94,69;128,50;217,22;217,22;42;70;73;51;29;38;A;29/05/2026;31/07/2026;MAL31;A;107BH1;GM - Brasil;Não;Não;Ativo;1;
9;25204558;CILINDRO CJ-PRINCP E;41;141,64;140,85;141,64;363,32;363,32;11;11;14;15;11;15;A;28/07/2026;31/07/2026;COPA43;A;111BA1;GM - Brasil;Não;Não;Ativo;1;ONIX - 2020 A 2021, TRACKER - 2021 A 2021
9;25204559;TUBO CILINDRO ATUADOR EMBREAGEM;1;39,60;46,72;49,07;96,46;96,46;1;0;0;0;1;0;C;28/03/2026;06/07/2026;NMA29;C;106PG1;GM - Brasil;Sim;Sim;Ativo;1;
9;25205371;MOTOR PARCIAL 1.0;5;5.308,78;4.808,52;6.942,52;15.751,78;15.751,78;1;1;9;2;4;0;A;22/07/2026;20/07/2026;MP1307;A;BLOCO A;GM - Brasil;Não;Não;Ativo;1;
9;25205373;MOTOR PARCIAL 1.2;1;5.334,91;5.374,62;5.334,91;15.908,10;15.908,10;1;0;0;0;1;0;C;22/06/2026;28/07/2026;MP1106;C;BLOCO A;GM - Brasil;Não;Não;Ativo;1;
9;25205374;MOTOR CJ-GAS  (GOODW;15;5.316,58;5.336,47;6.948,11;15.561,78;15.561,78;1;4;1;1;4;3;A;29/07/2026;27/07/2026;MP1307;A;BLOCO A;GM - Brasil;Não;Não;Ativo;1;
9;25205375;MOTOR CJ-GAS  (GOODW;4;5.461,07;5.461,07;7.057,11;15.925,12;15.925,12;0;3;3;1;1;0;A;02/07/2026;03/07/2026;MP1806;A;BLOCO A;GM - Brasil;Não;Não;Ativo;1;
9;25205522;PARAFUSO-ENGR E/COM;69;183,07;245,27;183,07;515,29;515,29;66;39;32;39;48;46;A;24/07/2026;03/08/2026;CVA162;A;145AD1;GM - Brasil;Não;Não;Ativo;1;
9;25205813;TENSOR CJ-CINTO PTO/;96;143,14;192,02;191,98;354,30;354,30;98;63;85;66;68;67;A;08/07/2026;31/07/2026;CVA162;A;145QA1;GM - Brasil;Não;Não;Ativo;1;
9;25206529;BELT-ACSRY DRV;23;61,65;84,79;98,05;192,80;192,80;6;10;13;7;9;6;A;13/07/2026;24/07/2026;COPA53;A;113CG1;GM - Brasil;Sim;Sim;Ativo;1;
9;25206845;CABECOTE-CIL;12;2.527,95;3.383,91;3.383,91;7.088,30;7.088,30;5;6;5;3;3;4;A;13/07/2026;29/07/2026;COPA55;A;164ZB1;GM - Brasil;Não;Não;Ativo;1;
9;25206966;FILTRO CJ-OLEO;2;33,11;45,65;45,63;81,80;81,80;670;1220;606;576;744;558;A;21/07/2026;31/07/2026;NF 669951;A;198CA1;GM - Brasil;Não;Não;Ativo;1;
9;25207430;HASTE CJ-CON;13;182,68;182,68;238,23;411,16;411,16;2;3;4;6;0;1;A;05/06/2026;23/07/2026;CVA16M;A;109HD2;GM - Brasil;Não;Não;Ativo;1;
9;25207549;TURBOCOMPRESSOR CJ;6;2.870,50;3.847,38;3.847,38;6.445,43;6.445,43;2;2;6;4;5;2;A;29/07/2026;17/07/2026;CVA11M;A;BOX 14;GM - Brasil;Não;Não;Ativo;1;
9;25207554;POLIA CJ-ALTR;7;298,18;399,75;391,80;768,45;768,45;1;0;1;0;1;1;B;18/02/2026;06/07/2026;NFV28;B;109HB1;GM - Brasil;Não;Não;Ativo;1;
9;25208300;BOMBA CJ-OLEO;14;502,50;480,63;478,58;1.135,26;1.135,26;20;10;14;14;9;7;A;03/07/2026;31/07/2026;CVA162;A;112TH2;GM - Brasil;Não;Não;Ativo;1;
9;25208523;CORREIA TRANSM;109;327,05;255,90;256,49;752,79;752,79;84;56;58;40;20;34;A;16/06/2026;03/08/2026;CVA10M;A;159CA1;GM - Brasil;Sim;Sim;Ativo;1;
9;25208524;CINTO-PTO/DIST;12;312,16;418,10;418,10;752,79;752,79;9;6;8;7;12;8;A;14/07/2026;30/07/2026;COPA53;A;111QL1;GM - Brasil;Sim;Sim;Ativo;1;
9;25208876;STARTER ASM-.;3;652,77;642,58;652,77;1.606,96;1.606,96;3;2;1;2;2;2;A;31/07/2026;22/07/2026;COPA43;A;154AB1;GM - Brasil;Não;Não;Ativo;1;
9;25775833;SENSOR TEMPERATURA;7;71,57;67,53;71,57;141,62;141,62;1;12;4;2;10;4;A;29/07/2026;14/07/2026;RA0722;A;109BG2;GM - Brasil;Sim;Sim;Ativo;1;CAMARO - 2011 A 2015, CAMARO CONV. - 2014 A 2015, COBALT - 2012 A 2020, CRUZE A  - 2012 A 2016, MALIBU - 2013 A 2013, ONIX - 2013 A 2019, PRISMA B - 2013 A 2019, S10 B - 2012 A 2020, SONIC - 2012 A 2014, TRACKER B - 2014 A 2019, TRAILBLAZER - 2013 A 2020
9;25798301;EMBLEMA LATERAL;29;75,00;105,39;103,92;161,90;161,90;20;19;14;14;13;17;A;20/07/2026;30/07/2026;CVA149;A;109HK1;GM - Brasil;Sim;Sim;Ativo;1;S10 B - 2012 A 2020
9;25824250;ROLAMENTO LATERAL DIFERENCIAL;12;195,54;195,54;273,13;548,12;548,12;0;4;12;6;2;9;A;23/06/2026;29/06/2026;COPA16;A;110QH1;GM - Brasil;Sim;Sim;Ativo;1;S10 B - 2012 A 2020, TRAILBLAZER - 2013 A 2020
9;25824252;ROLAMENTO PINHÃO DIFERENCIAL;3;98,71;141,49;141,49;277,36;277,36;3;2;5;10;9;1;A;08/07/2026;23/07/2026;COPA16;A;108RA1;GM - Brasil;Sim;Sim;Ativo;1;S10 B - 2012 A 2020, TRAILBLAZER - 2013 A 2020
9;25936893;MAÇANETA PORTA DIANTEIRA;2;187,46;165,51;278,81;426,90;426,90;0;1;0;0;1;0;C;16/07/2026;26/06/2026;RA0717;C;108AH1;GM - Brasil;Sim;Sim;Ativo;1;CRUZE A  - 2012 A 2016, S10 B - 2012 A 2020, SONIC - 2012 A 2014, TRACKER B - 2014 A 2019, TRAILBLAZER - 2013 A 2020
9;26053326;ROLAMENTO INTERNO SEMI-EIXO;76;24,35;41,55;24,35;63,48;63,48;51;52;87;76;89;89;A;17/03/2026;03/08/2026;NMA10;A;112BB1;GM - Brasil;Sim;Sim;Ativo;1;BLAZER - 1996 A 2011, S10 A - 1995 A 2011, S10 B - 2012 A 2020, TRAILBLAZER - 2013 A 2020
9;26060073;ATUADOR ACIONADOR TRAÇÃO;9;294,48;286,52;481,14;879,20;879,20;2;0;2;8;3;6;A;02/07/2026;29/07/2026;NMA40;A;110BC2;GM - Brasil;Sim;Sim;Ativo;1;S10 B - 2012 A 2020, TRAILBLAZER - 2013 A 2020
9;26064029;RETENTOR DO DIFERENCIAL TRASEIRO NV. S-10 E TRAILBLAZER;82;54,98;43,57;43,57;143,25;143,25;1;69;25;26;23;19;A;30/07/2026;30/07/2026;JLL11;A;109AB2;GM - Brasil;Sim;Sim;Ativo;1;S10 B - 2012 A 2020, TRAILBLAZER - 2013 A 2020
9;26121018;LAMP,TAIL (BODY SI);1;595,67;595,67;798,28;1.156,73;1.156,73;0;0;0;0;0;0;D;06/01/2026;;PICPTV;D;154AA1;GM - Brasil;Não;Não;Ativo;1;
9;26121019;LAMP,TAIL (BODY SI);1;595,67;595,67;595,67;1.156,73;1.156,73;0;0;0;0;0;0;D;07/01/2026;;PICPTV;D;159HA1;GM - Brasil;Não;Não;Ativo;1;
9;26121022;LAMP,TAIL (L/GATE SI;1;649,40;649,40;649,40;1.261,08;1.261,08;0;0;0;0;0;0;D;15/01/2026;;PICPTV;D;151AB1;GM - Brasil;Não;Não;Ativo;1;
9;26121023;LAMP,TAIL (L/GATE SI;1;649,40;649,40;649,40;1.261,08;1.261,08;0;0;0;0;0;0;D;06/01/2026;;PICPTV;D;159HA1;GM - Brasil;Não;Não;Ativo;1;
9;26121028;REFLECTOR,RR BPR;1;23,41;23,41;23,41;49,71;49,71;0;0;0;0;0;0;D;15/01/2026;;PICPTV;D;112GD1;GM - Brasil;Não;Não;Ativo;1;
9;26121029;REFLECTOR,RR BPR;1;23,41;23,41;23,41;49,71;49,71;0;0;0;0;0;0;D;15/01/2026;;PICPTV;D;112BG1;GM - Brasil;Não;Não;Ativo;1;
9;26127733;LAMP,DAYTIME RUNNING;1;950,03;1.273,18;1.273,18;1.966,36;1.966,36;0;0;0;0;0;0;D;15/01/2026;;PICPTV;D;154AC1;GM - Brasil;Não;Não;Ativo;1;
9;26127735;LAMP,DAYTIME RUNNING;1;950,03;950,03;950,03;2.004,25;2.004,25;0;0;0;0;0;0;D;15/01/2026;;PICPTV;D;164RB1;GM - Brasil;Não;Não;Ativo;1;
9;26127944;MOLDING,PUBX E/GATE;1;245,85;245,85;245,85;481,82;481,82;0;0;0;0;0;0;D;06/01/2026;;PISPK2;D;162TB1;GM - Brasil;Não;Não;Ativo;1;
9;26131875;MOLDURA CJ-TRAS SUP;1;66,27;66,27;66,27;145,54;145,54;0;0;0;0;0;0;D;06/01/2026;;PISPK2;D;161WC1;GM - Brasil;Não;Não;Ativo;1;
9;26131887;MOLDURA CJ-TRAS INF;1;61,78;61,78;61,78;135,78;135,78;0;0;0;0;0;0;D;06/01/2026;27/11/2025;PISPK2;D;155CC1;GM - Brasil;Não;Não;Ativo;1;
9;26131888;MOLDURA CJ-TRAS INF;1;65,32;65,32;65,32;143,55;143,55;0;0;0;0;0;0;D;06/01/2026;;PISPK2;D;159HC1;GM - Brasil;Não;Não;Ativo;1;
9;26131903;MOLDURA CJ-INF PTA/L;1;53,33;53,33;53,33;122,77;122,77;0;0;0;0;0;0;D;06/01/2026;;PISPK2;D;153RB1;GM - Brasil;Não;Não;Ativo;1;
9;26131903;MOLDURA CJ-INF PTA/L;1;53,33;53,33;53,33;122,77;122,77;0;0;0;0;0;0;D;06/01/2026;;PISPK2;D;152RB1;GM - Brasil;Não;Não;Ativo;1;
9;26131904;MOLDURA CJ-INF PTA/L;1;53,33;53,33;53,33;120,39;120,39;0;0;0;0;0;0;D;06/01/2026;;PISPK2;D;152AA1;GM - Brasil;Não;Não;Ativo;1;
9;26131905;MOLDURA CJ-INF PTA/L;1;52,95;52,95;52,95;124,80;124,80;0;0;0;0;0;0;D;06/01/2026;;PISPK2;D;153PA1;GM - Brasil;Não;Não;Ativo;1;
9;26131906;MOLDURA CJ-INF PTA/L;1;58,77;58,77;58,77;134,87;134,87;0;0;0;0;0;0;D;06/01/2026;;PISPK2;D;900GA;GM - Brasil;Não;Não;Ativo;1;
9;26131926;MOLDURA CJ-TRAS SUP;1;78,59;78,59;78,59;161,88;161,88;0;0;0;0;0;0;D;06/01/2026;;PICPTV;D;900CB;GM - Brasil;Não;Não;Ativo;1;
9;26131927;MOLDURA CJ-TRAS SUP;1;78,59;78,59;78,59;161,88;161,88;0;0;0;0;0;0;D;06/01/2026;;PICPTV;D;900AB;GM - Brasil;Não;Não;Ativo;1;
9;26131928;MOLDURA CJ-TRAS INF;1;55,05;55,05;55,05;116,92;116,92;0;0;0;0;0;0;D;06/01/2026;;PICPTV;D;163QB1;GM - Brasil;Não;Não;Ativo;1;
9;26137056;LAMINA- INFERIOR P/C;1;237,37;237,37;237,37;517,12;517,12;0;0;0;0;0;0;D;06/01/2026;27/11/2025;PISPK2;D;600CB1;GM - Brasil;Não;Não;Ativo;1;
9;26138683;MOLDURA CJ-INF PTA/L;1;237,72;237,72;237,72;504,81;504,81;0;0;0;0;0;0;D;06/01/2026;;PICPTV;D;155DA1;GM - Brasil;Não;Não;Ativo;1;
9;26138684;MOLDURA CJ-INF PTA/L;1;237,72;237,72;237,72;501,68;501,68;0;0;0;0;0;0;D;06/01/2026;;PICPTV;D;151BC1;GM - Brasil;Não;Não;Ativo;1;
9;26138685;MOLDURA CJ-INF PTA/L;1;248,81;333,64;333,64;525,69;525,69;0;0;0;0;0;0;D;15/01/2026;;PICPTV;D;156BB1;GM - Brasil;Não;Não;Ativo;1;
9;26138998;RETENTOR-GRADE RAD;1;301,40;301,40;404,17;661,35;661,35;0;0;0;0;0;0;D;24/09/2025;;PISPK1;D;151QA1;GM - Brasil;Não;Não;Ativo;1;
9;26140590;MOLDING,RR BPR FASCI;1;55,03;55,03;55,03;344,65;344,65;0;0;0;0;0;0;D;06/01/2026;;PICPTV;D;151DA1;GM - Brasil;Não;Não;Obsoleto;1;
9;26140595;MOLDING,RR BPR FASCI;1;51,28;51,28;51,28;362,80;362,80;0;0;0;0;0;0;D;06/01/2026;;PICPTV;D;151QC1;GM - Brasil;Não;Não;Obsoleto;1;
9;26140616;MOLDURA LAMINA P/CHO;1;302,14;302,14;302,14;641,61;641,61;0;0;0;0;0;0;D;06/01/2026;;PICPTV;D;156AC1;GM - Brasil;Não;Não;Ativo;1;
9;26141139;MOLDURA LAMINA P/CHO;1;243,67;243,67;243,67;476,19;476,19;0;0;0;0;0;0;D;06/01/2026;27/11/2025;PISPK2;D;111DC1;GM - Brasil;Não;Não;Ativo;1;
9;26141140;MOLDURA LAMINA P/CHO;1;243,67;243,67;243,67;476,19;476,19;0;0;0;0;0;0;D;06/01/2026;;PISPK2;D;112AH1;GM - Brasil;Não;Não;Ativo;1;
9;26141150;COBERTURA-SUP P/CHQ;1;398,15;398,15;533,90;877,47;877,47;0;0;0;0;0;0;D;24/09/2025;;PISPK1;D;700AA1;GM - Brasil;Não;Não;Ativo;1;
9;26148657;COBERTURA-LNT NEBL D;1;53,25;53,25;71,29;107,22;107,22;0;0;0;0;0;0;D;06/01/2026;;PISPK2;D;107CG1;GM - Brasil;Não;Não;Ativo;1;
9;26148658;COBERTURA-LNT NEBL D;1;54,87;54,87;71,29;119,03;119,03;0;0;0;0;0;0;D;24/09/2025;;PISPK1;D;111SD1;GM - Brasil;Não;Não;Ativo;1;
9;26152844;FAROL CJ;1;2.122,71;2.844,71;2.756,70;4.051,21;4.051,21;0;0;0;0;0;0;D;06/01/2026;;PISPK2;D;163AB1;GM - Brasil;Não;Não;Ativo;1;
9;26155447;ESPELHO-VIS TRAS EXT;1;939,41;939,41;1.219,98;2.244,58;2.244,58;0;0;0;0;0;0;D;24/09/2025;;PISPK1;D;151PB1;GM - Brasil;Não;Não;Ativo;1;
9;26168307;EMBLEMA CJ-T/ELEVTR;1;95,43;95,43;95,43;261,74;261,74;0;0;0;0;0;0;D;06/01/2026;;PICPTV;D;110QG1;GM - Brasil;Sim;Sim;Ativo;1;
9;26172915;PLATE,L/GATE NA  (LH;1;28,45;28,45;28,45;66,41;66,41;0;0;0;0;0;0;D;06/01/2026;;PICPTV;D;113AG2;GM - Brasil;Sim;Sim;Ativo;1;
9;26173648;CAMERA,RR VIEW DRVR;1;657,89;243,74;243,74;1.699,24;1.699,24;0;0;0;0;0;0;D;24/09/2025;;PISPK1;D;113AC2;GM - Brasil;Sim;Sim;Ativo;1;
9;26173649;CAMERA,RR VIEW DRVR;1;657,89;657,89;855,72;1.699,24;1.699,24;0;0;0;0;0;0;D;24/09/2025;;PISPK1;D;112CC2;GM - Brasil;Sim;Sim;Ativo;1;
9;26177349;EMBLEMA CJ-GRADE RAD;2;106,43;127,08;128,24;248,45;248,45;0;0;0;0;0;0;D;06/01/2026;;;D;110AC1;GM - Brasil;Sim;Sim;Ativo;1;
9;26184388;FAROL CJ;1;1.576,94;1.576,94;1.576,94;3.062,27;3.062,27;0;0;0;0;0;0;D;15/01/2026;;PICPTV;D;154QA1;GM - Brasil;Não;Não;Ativo;1;
9;26184389;FAROL CJ;1;1.576,94;1.576,94;1.576,94;3.015,03;3.015,03;0;0;0;0;0;0;D;15/01/2026;;PICPTV;D;152QA1;GM - Brasil;Não;Não;Ativo;1;
9;26191333;MOLDURA-SUP COB P/CH;1;201,43;201,43;201,43;499,58;499,58;0;0;0;0;0;0;D;15/01/2026;;PICPTV;D;154BA1;GM - Brasil;Não;Não;Ativo;1;
9;26197978;COBERTURA-P/CHQ DIAN;1;384,48;515,57;515,57;816,44;816,44;0;0;0;0;0;0;D;29/12/2025;;PICPTV;D;800DB1;GM - Brasil;Não;Não;Ativo;1;
9;26197979;MOLDURA-COB P/CHQ DI;1;158,96;158,96;158,96;334,57;334,57;0;0;0;0;0;0;D;15/01/2026;;PICPTV;D;156AC1;GM - Brasil;Não;Não;Ativo;1;
9;26205251;CALOTINHA CENTRAL DAS RODAS;2;20,82;27,91;27,91;49,11;49,11;0;3;1;0;3;2;A;29/07/2026;29/06/2026;JLL23;A;113AH1;GM - Brasil;Não;Não;Ativo;1;ONIX - 2020 A 2021, TRACKER - 2021 A 2021, TRACKER - 2021 A 2021
9;26209860;LIMITADOR DE ACO DA;2;84,85;84,85;108,84;184,40;184,40;0;0;0;2;0;0;C;18/05/2026;27/04/2026;RA0567;C;105PG1;GM - Brasil;Não;Não;Ativo;1;
9;26210967;COBERTURA DO PARACHO;1;155,75;155,75;155,75;361,92;361,92;0;0;0;0;0;0;C;28/02/2026;;DD0251;C;400AB;GM - Brasil;Não;Não;Ativo;1;
9;26210982;GUIA PARA-CHOQUE TRASEIRO ESQ;1;73,98;100,82;100,51;169,17;169,17;9;4;8;4;2;8;A;02/07/2026;29/07/2026;CVA161;A;160RB1;GM - Brasil;Não;Não;Ativo;1;ONIX NOVO - 2020 A 2020
9;26211237;PAINEL ELETRICO DE C;2;67,30;67,30;76,82;154,51;154,51;1;2;2;1;0;0;A;26/06/2026;25/07/2026;CVA150;A;110BJ1;GM - Brasil;Sim;Sim;Ativo;1;
9;26211281;INTERRUPTOR VIDRO LE;4;106,27;151,65;121,72;215,71;215,71;0;1;1;1;1;3;A;01/04/2026;26/06/2026;CVA119;A;109GJ1;GM - Brasil;Sim;Sim;Ativo;1;
9;26211284;INTERRUPTOR ELETRICO;2;48,20;79,97;43,44;64,20;64,20;0;0;0;0;1;0;C;09/02/2026;31/03/2026;CVA77;C;111AC3;GM - Brasil;Não;Não;Ativo;1;
9;26211382;MODULO COMPOSTO DE C;1;281,09;281,09;387,34;558,83;558,83;0;0;0;0;0;0;D;11/02/2026;30/01/2026;RA0241;D;108AA2;GM - Brasil;Sim;Sim;Ativo;1;
9;26211391;INTERRUPTOR ELETRICO;2;396,42;364,14;354,08;521,12;521,12;0;0;1;1;0;1;B;22/05/2026;28/05/2026;;B;111AC1;GM - Brasil;Não;Não;Ativo;1;
9;26211723;LANTERNA DIURNA;8;459,84;374,55;513,34;918,45;918,45;2;4;2;1;5;3;A;09/07/2026;21/07/2026;COPA55;A;153CB1;GM - Brasil;Não;Não;Ativo;1;
9;26211724;LANTERNA DIURNA;8;372,31;374,55;372,31;918,45;918,45;7;3;2;4;2;4;A;31/07/2026;30/07/2026;JLL39;A;152RB1;GM - Brasil;Não;Não;Ativo;1;TRACKER - 2021 A 2021
9;26212145;GUIA PARA-CHOQUE DIANT ESQ;20;47,00;63,16;63,14;105,96;105,96;26;22;14;9;24;14;A;08/07/2026;31/07/2026;CVA162;A;108QH1;GM - Brasil;Não;Não;Ativo;1;ONIX NOVO - 2020 A 2020
9;26212147;GUIA PARA-CHOQUE DIANT DIR;21;49,85;47,68;47,67;112,36;112,36;22;18;15;16;20;12;A;13/07/2026;31/07/2026;CVA162;A;111PJ1;GM - Brasil;Não;Não;Ativo;1;ONIX NOVO - 2020 A 2020
9;26212165;GRADE DIANTEIRA;8;205,36;273,92;269,66;552,79;552,79;7;6;3;4;5;0;A;13/07/2026;29/07/2026;COPA47;A;200AB1;GM - Brasil;Não;Não;Ativo;1;ONIX NOVO - 2020 A 2020
9;26212166;GRADE DIANTEIRA;71;236,10;233,39;236,10;631,39;631,39;73;47;38;27;39;23;A;31/07/2026;31/07/2026;COPA01;A;210BB;GM - Brasil;Não;Não;Ativo;1;ONIX - 2020 A 2021
9;26212167;MOLDURA DA GRADE DIANTEIRA;50;262,49;250,76;250,76;587,59;587,59;33;27;20;26;18;11;A;13/07/2026;30/07/2026;COPA47;A;154SC1;GM - Brasil;Não;Não;Ativo;1;ONIX - 2020 A 2020
9;26212168;MOLDURA DA GRADE DIANTEIRA;94;300,21;291,49;291,86;680,53;680,53;48;44;33;28;39;24;A;28/07/2026;30/07/2026;COPA47;A;900KB;GM - Brasil;Não;Não;Ativo;1;ONIX NOVO - 2020 A 2020
9;26212183;PARA-BARRO DA RODA DIANTEIRA LE;31;132,06;121,56;121,56;358,27;358,27;22;17;17;13;17;11;A;30/07/2026;31/07/2026;JLL08;A;PARABA09;GM - Brasil;Não;Não;Ativo;1;ONIX - 2020 A 2020
9;26212185;PARA-BARRO DA RODA DIANTEIRA LD;33;132,02;135,31;132,02;358,27;358,27;27;19;17;20;18;15;A;28/07/2026;31/07/2026;JLL08;A;PARABA05;GM - Brasil;Não;Não;Ativo;1;ONIX NOVO - 2020 A 2020
9;26212188;FORRO CAIXA RODA TRASEIRA DIR;2;74,82;72,92;94,78;213,15;213,15;0;0;1;0;2;0;B;05/06/2026;14/05/2026;MAL52;B;163QB1;GM - Brasil;Não;Não;Ativo;1;
9;26212190;FORRO CAIXA RODA TRASEIRA;5;80,50;80,50;80,50;213,15;213,15;1;4;0;1;3;1;A;30/07/2026;09/07/2026;JLL08;A;161HB1;GM - Brasil;Não;Não;Ativo;1;ONIX - 2020 A 2021
9;26214148;RODA ARO 14 (UN);1;489,12;476,46;563,38;911,50;911,50;0;0;0;0;4;0;C;31/03/2026;31/03/2026;ZZ0260;C;RODAS;GM - Brasil;Não;Não;Ativo;1;ONIX NOVO - 2020 A 2020
9;26214152;RODA;1;726,70;720,81;940,60;1.451,53;1.451,53;3;1;2;2;0;0;A;29/06/2026;31/07/2026;COPA36;A;RODAS;GM - Brasil;Não;Não;Ativo;1;ONIX - 2020 A 2021
9;26214153;RODA;4;1.363,58;1.495,27;1.363,58;2.834,65;2.834,65;0;0;3;1;4;1;A;22/04/2026;03/07/2026;ABRR27;A;RODAS;GM - Brasil;Não;Não;Ativo;1;ONIX NOVO - 2020 A 2020
9;26214162;RODA;2;802,19;802,19;802,19;1.613,71;1.613,71;0;2;2;1;2;1;A;29/06/2026;19/06/2026;COPA36;A;RODAS;GM - Brasil;Não;Não;Ativo;1;
9;26215450;GRADE DIANTEIRA;1;820,61;790,15;1.054,38;1.819,29;1.819,29;3;0;2;0;1;3;A;13/07/2026;03/08/2026;COPA47;A;900CB;GM - Brasil;Não;Não;Ativo;1;
9;26216178;TUBO DE ALIMENTACAO;2;76,50;76,52;76,50;171,83;171,83;1;0;1;0;1;0;B;31/07/2026;23/07/2026;RA0727;B;112SA1;GM - Brasil;Não;Não;Ativo;1;
9;26216304;ISOLADOR RADIADOR;4;13,54;17,78;15,56;33,63;33,63;2;6;3;5;1;4;A;05/06/2026;28/07/2026;CVA10M;A;107CB1;GM - Brasil;Sim;Sim;Ativo;1;ONIX - 2020 A 2021, TRACKER - 2021 A 2021
9;26216361;ALTO-FALANTE;2;66,64;67,21;66,64;165,57;165,57;0;1;1;0;1;1;A;02/07/2026;23/06/2026;CVA160;A;105RA1;GM - Brasil;Sim;Sim;Ativo;1;ONIX NOVO - 2020 A 2021, TRACKER 3 - 2021 A 2021
9;26217502;RODA DE LIGA LEVE ARO 16;3;644,81;836,59;898,54;1.782,90;1.782,90;0;0;0;0;0;0;K;21/09/2023;09/08/2023;VLA002;K;RODAS;GM - Brasil;Não;Não;Ativo;1;ONIX NOVO - 2020 A 2020, ONIX - 2020 A 2020
9;26217502;RODA DE LIGA LEVE ARO 16;3;644,81;836,59;898,54;1.782,90;1.782,90;0;0;0;0;0;0;K;21/09/2023;09/08/2023;VLA002;K;VITRINE;GM - Brasil;Não;Não;Ativo;1;ONIX NOVO - 2020 A 2020, ONIX - 2020 A 2020
9;26218100;DEFLETOR SUPERIOR RADIADOR;3;93,11;88,77;88,77;210,80;210,80;17;10;7;7;7;12;A;13/07/2026;30/07/2026;CVA162;A;161ZA1;GM - Brasil;Não;Não;Ativo;1;ONIX - 2020 A 2021
9;26218103;DEFLETOR INFERIOR AR DO RADIADOR;6;121,03;162,79;121,03;273,15;273,15;7;7;4;7;5;5;A;02/06/2026;29/07/2026;PDS02;A;161HC1;GM - Brasil;Não;Não;Ativo;1;
9;26223687;BUZINA;4;117,72;121,67;149,39;272,84;272,84;1;4;1;0;1;2;A;26/06/2026;24/07/2026;CVA151;A;106DH1;GM - Brasil;Não;Não;Ativo;1;
9;26223716;PORCA BICO DA RODA;2;22,03;22,03;28,82;44,90;44,90;0;2;1;0;0;2;B;09/07/2026;29/06/2026;RA0683;B;105AG1;GM - Brasil;Sim;Sim;Ativo;1;ONIX NOVO - 2020 A 2020, TRACKER 3 - 2021 A 2021
9;26223757;DOBRADIÇA ESQUERDA CAPÔ;9;44,22;56,34;56,34;94,14;94,14;9;10;6;11;8;2;A;13/07/2026;31/07/2026;CVA161;A;106BK1;GM - Brasil;Sim;Sim;Ativo;1;ONIX - 2020 A 2021
9;26223758;DOBRADIÇA DIREITA CAPÔ;7;40,62;51,39;51,39;86,60;86,60;7;8;3;9;7;2;A;08/07/2026;31/07/2026;CVA160;A;108TG1;GM - Brasil;Sim;Sim;Ativo;1;
9;26224449;PAINEL TRASEIRO ASSOALHO TRASEIRO;1;254,19;241,89;241,89;612,20;612,20;0;0;0;0;0;0;D;11/07/2025;22/09/2025;RA0798;D;163DA1;GM - Brasil;Não;Não;Ativo;1;ONIX - 2020 A 2021
9;26224654;MOLDURA LATERAL PARA-BRISA LE;2;17,95;17,95;23,83;40,40;40,40;2;0;3;1;1;0;A;08/07/2026;14/07/2026;CVA160;A;111PA1;GM - Brasil;Não;Não;Ativo;1;
9;26224655;MOLDURA LATERAL PARA-BRISA LD;2;16,84;16,84;21,23;37,91;37,91;2;2;2;0;1;1;A;14/07/2026;14/07/2026;CVA170;A;106AH1;GM - Brasil;Não;Não;Ativo;1;
9;26224657;MOLDURA RETROVISOR DIREITO;2;41,05;41,05;41,05;89,41;89,41;2;4;2;0;3;0;A;30/07/2026;31/07/2026;CVA151;A;108DH1;GM - Brasil;Não;Não;Ativo;1;
9;26224695;EMBLEMA DA GRADE DIANTEIRA;3;131,25;112,32;112,32;275,34;275,34;12;8;5;7;5;5;A;13/07/2026;31/07/2026;CVA149;A;108RJ1;GM - Brasil;Sim;Sim;Ativo;1;ONIX - 2020 A 2020
9;26224709;EMBLEMA TAMPA TRASEIRA;9;119,74;102,87;102,87;262,48;262,48;6;6;2;5;8;6;A;30/07/2026;28/07/2026;RA0726;A;111PH1;GM - Brasil;Sim;Sim;Ativo;1;ONIX NOVO - 2020 A 2020
9;26224718;EMBLEMA TAMPA TRASEIRA;2;125,45;126,82;170,71;265,93;265,93;4;5;4;3;5;5;A;13/07/2026;24/07/2026;CVA161;A;107RG1;GM - Brasil;Sim;Sim;Ativo;1;ONIX NOVO - 2020 A 2020
9;26224719;EMBLEMA CROMADO TAMPA TRASEIRA;9;43,31;43,81;43,31;91,87;91,87;12;9;13;5;8;8;A;31/07/2026;27/07/2026;RA0728;A;109AD2;GM - Brasil;Sim;Sim;Ativo;1;ONIX - 2020 A 2021
9;26224720;PLACA TAMPA;7;23,52;24,02;28,99;50,37;50,37;6;4;8;3;5;3;A;13/07/2026;17/07/2026;CVA160;A;113DD1;GM - Brasil;Sim;Sim;Ativo;1;ONIX NOVO - 2020 A 2020
9;26224724;PLACA NOME;2;51,09;72,48;60,36;111,38;111,38;1;1;1;1;2;4;A;24/02/2026;15/07/2026;CVA94;A;113DG1;GM - Brasil;Sim;Sim;Ativo;1;ONIX NOVO - 2020 A 2020
9;26225295;DOBRADIÇA TAMPA TRASEIRA DIR;2;82,37;84,86;84,86;173,88;173,88;1;1;1;1;0;0;B;13/07/2026;23/07/2026;CVA170;B;107XH1;GM - Brasil;Sim;Sim;Ativo;1;ONIX - 2020 A 2021
9;26225296;DOBRADIÇA TAMPA TRASEIRA ESQ;5;74,48;60,23;60,23;157,22;157,22;1;1;0;1;0;0;B;13/07/2026;23/07/2026;CVA170;B;162ZB1;GM - Brasil;Sim;Sim;Ativo;1;ONIX - 2020 A 2021
9;26225760;SPOILER TETO;1;1.071,62;1.071,62;1.365,20;2.012,00;2.012,00;0;0;0;0;0;0;D;20/03/2024;21/01/2026;CICAL COBR. VENDA;D;164QC1;GM - Brasil;Não;Não;Ativo;1;ONIX HT
9;26225774;PLACA TAMPA;4;48,65;67,04;67,04;107,33;107,33;2;1;2;2;1;3;A;05/06/2026;24/07/2026;CVA16M;A;108PG1;GM - Brasil;Sim;Sim;Ativo;1;
9;26225820;ISOLADOR DO CAPÔ;1;377,96;382,02;377,96;857,80;857,80;1;0;0;1;0;1;B;02/07/2026;13/07/2026;RA0679;B;800AA1;GM - Brasil;Não;Não;Ativo;1;
9;26226059;EMBLEMA TAMPA TRASEIRA ONIX;13;43,83;34,57;34,48;91,94;91,94;12;12;5;10;7;8;A;08/07/2026;31/07/2026;CVA161;A;106PD2;GM - Brasil;Sim;Sim;Ativo;1;ONIX NOVO - 2020 A 2020
9;26226097;EMBLEMA LT TRASEIRO;10;29,88;23,72;23,72;63,20;63,20;3;3;1;6;3;4;A;08/07/2026;27/07/2026;CVA160;A;105AG1;GM - Brasil;Sim;Sim;Ativo;1;ONIX NOVO - 2020 A 2020
9;26227714;MOLDURA DA GRADE DIANTEIRA;13;244,57;329,37;329,11;469,52;469,52;10;12;8;8;11;5;A;09/07/2026;30/07/2026;CVA162;A;162AA1;GM - Brasil;Não;Não;Ativo;1;TRACKER - 2021 A 2021
9;26227735;GUIA PARA-CHOQUE DIANT ESQ;7;46,77;44,73;61,25;106,23;106,23;4;14;9;4;3;12;A;02/07/2026;29/07/2026;CVA161;A;113AG1;GM - Brasil;Não;Não;Ativo;1;TRACKER 3 - 2021 A 2021
9;26227736;GUIA PARA-CHOQUE DIANT DIR;5;45,49;43,08;60,60;103,39;103,39;12;10;8;7;5;11;A;22/06/2026;30/07/2026;CVA03M;A;109CH1;GM - Brasil;Não;Não;Ativo;1;TRACKER 3 - 2021 A 2021
9;26227753;REFORÇO PARA-CHOQUE DIANTEIRO;10;205,94;277,52;268,53;465,64;465,64;5;5;5;7;4;10;A;03/07/2026;30/07/2026;CVA161;A;162BA1;GM - Brasil;Não;Não;Ativo;1;
9;26227754;ABSORVEDOR ENERGIA DIANTEIRO;2;165,05;165,05;214,72;370,60;370,60;4;3;2;0;3;3;A;30/07/2026;22/07/2026;RA0722;A;162CC1;GM - Brasil;Não;Não;Ativo;1;
9;26227778;MOLDURA LATERAL PARA-BRISA LE;2;17,63;17,63;22,91;39,68;39,68;0;1;1;0;1;1;B;08/07/2026;22/06/2026;RA0677;B;111SA;GM - Brasil;Não;Não;Ativo;1;TRACKER 3 - 2021 A 2021
9;26227779;MOLDURA LATERAL PARA-BRISA LD;1;30,41;30,41;30,41;70,58;70,58;3;1;0;1;0;0;B;29/07/2026;29/07/2026;RA0722;B;107QD1;GM - Brasil;Não;Não;Ativo;1;TRACKER 3 - 2021 A 2021
9;26227789;MOLDURA PORTA;6;95,68;89,08;89,08;244,14;244,14;3;3;2;6;2;3;A;29/06/2026;31/07/2026;COPA37;A;154PC1;GM - Brasil;Não;Não;Ativo;1;
9;26227790;MOLDURA PORTA;17;89,58;120,28;119,18;228,92;228,92;3;7;7;4;4;3;A;29/06/2026;28/07/2026;COPA37;A;152SC1;GM - Brasil;Não;Não;Ativo;1;
9;26227791;MOLDURA PORTA;3;95,72;96,15;95,72;245,31;245,31;5;2;3;6;1;4;A;31/07/2026;30/07/2026;JLL24;A;155CA1;GM - Brasil;Não;Não;Ativo;1;
9;26227793;MOLDURA PORTA;14;93,63;126,10;128,60;239,99;239,99;3;6;3;5;4;4;A;16/07/2026;28/07/2026;COPA37;A;163AA1;GM - Brasil;Não;Não;Ativo;1;
9;26227794;MOLDURA SOLEIRA ESQUERDA;4;174,74;171,21;174,74;436,87;436,87;2;1;1;4;1;0;A;31/07/2026;21/07/2026;JLL24;A;156BB1;GM - Brasil;Não;Não;Ativo;1;
9;26227795;MOLDURA SOLEIRA DIREITA;6;193,32;196,11;196,11;493,24;493,24;4;2;3;2;3;3;A;09/07/2026;28/07/2026;COPA37;A;156BA1;GM - Brasil;Não;Não;Ativo;1;
9;26228107;DOBRADIÇA ESQUERDA CAPÔ;5;52,16;52,64;65,57;111,10;111,10;2;3;8;3;1;1;A;13/07/2026;30/07/2026;CVA161;A;112QC1;GM - Brasil;Sim;Sim;Ativo;1;
9;26228109;DOBRADIÇA DIREITA CAPÔ;7;52,02;71,73;69,05;110,03;110,03;3;2;9;3;2;3;A;05/06/2026;30/07/2026;CVA16M;A;113AA1;GM - Brasil;Sim;Sim;Ativo;1;
9;26232145;EXTENSOR PARA-CHOQUE DIANTEIRO;1;671,95;882,89;880,47;674,90;614,90;0;0;0;0;0;0;D;21/11/2025;13/10/2025;RA1186;D;500CC1;GM - Brasil;Não;Não;Ativo;1;TRACKER 3 - 2021 A 2021
9;26232598;RODA;1;326,91;422,19;326,91;602,31;602,31;0;0;1;0;1;0;C;06/05/2026;06/05/2026;ORCA TAG LOURIV;C;RODAS;GM - Brasil;Não;Não;Ativo;1;ONIX NOVO - 2020 A 2021
9;26233367;RODA;4;1.115,90;1.115,90;1.115,90;2.064,90;2.064,90;2;3;1;3;0;2;A;29/07/2026;24/07/2026;JLL37;A;RODAS;GM - Brasil;Não;Não;Ativo;1;
9;26233845;TAPETE DO PORTA MALAS;3;272,17;346,82;346,82;618,90;618,90;1;0;0;2;2;2;A;06/05/2026;14/07/2026;TPT182;A;200AB1;GM - Brasil;Não;Não;Ativo;1;
9;26233868;TAPETE DO PORTA MALAS;1;255,84;377,63;309,24;659,90;659,90;0;0;0;0;0;0;D;28/04/2025;23/01/2026;PAC172;D;200AA1;GM - Brasil;Não;Não;Ativo;1;ONIX NOVO - 2020 A 2020
9;26237210;PROTETOR PARA-CHOQUE;1;104,06;104,06;130,83;312,90;312,90;0;0;0;0;0;0;D;17/09/2025;03/12/2020;TDPL01;D;112RB2;GM - Brasil;Não;Não;Ativo;1;ONIX NOVO - 2020 A 2020
9;26237241;PARA-CHOQUE DIANTEIRO INFERIOR;11;195,06;195,06;253,40;522,64;522,64;2;5;3;4;3;4;A;31/07/2026;30/07/2026;JLL02;A;500AA1;GM - Brasil;Não;Não;Ativo;1;
9;26237255;PARA-CHOQUE TRASEIRO INFERIOR;9;1.068,86;1.070,02;1.068,86;2.867,06;2.867,06;7;7;3;6;4;2;A;31/07/2026;31/07/2026;JLL40;A;210AA;GM - Brasil;Não;Não;Ativo;1;TRACKER 3 - 2021 A 2021
9;26237262;PARA-CHOQUE TRASEIRO INFERIOR;8;544,86;546,98;544,86;1.462,11;1.462,11;4;1;2;0;1;4;A;31/07/2026;31/07/2026;JLL40;A;210AA;GM - Brasil;Não;Não;Ativo;1;
9;26237265;PARA-CHOQUE INFERIOR TRASEIRO;3;759,12;761,33;759,12;2.039,92;2.039,92;1;0;1;0;1;0;B;31/07/2026;08/07/2026;JLL40;B;156DB1;GM - Brasil;Não;Não;Ativo;1;
9;26237266;PARA-CHOQUE TRASEIRO INFERIOR;11;680,70;676,31;886,25;2.002,88;2.002,88;9;11;8;4;11;7;A;28/07/2026;30/07/2026;JLL02;A;210AA;GM - Brasil;Não;Não;Ativo;1;
9;26237856;JOGO FRISO LATERAL CROMADO;26;55,81;55,81;74,25;117,90;117,90;1;0;0;0;0;2;B;02/12/2025;22/07/2026;FRIZ20;B;159BA1;GM - Brasil;Sim;Sim;Ativo;1;ONIX NOVO - 2020 A 2020
9;26237857;KIT FRISOS LATERAIS CROMADOS;52;55,81;55,81;74,25;117,90;117,90;0;0;0;0;0;2;C;02/12/2025;04/03/2026;FRIZ20;C;159AB1;GM - Brasil;Sim;Sim;Ativo;1;ONIX - 2020 A 2020, ONIX NOVO - 2020 A 2020
9;26238244;DEFLETOR AR PARA-CHOQUE DIANTEIRO;2;70,52;67,92;114,99;160,09;160,09;2;2;2;2;1;3;A;08/07/2026;22/07/2026;CVA161;A;107RA1;GM - Brasil;Não;Não;Ativo;1;
9;26238245;DEFLETOR AR PARA-CHOQUE DIANT DIR;4;70,77;71,13;70,77;160,09;160,09;3;2;2;5;4;5;A;31/07/2026;29/07/2026;RA0728;A;108CL3;GM - Brasil;Não;Não;Ativo;1;
9;26238821;GUARNICAO DE BORRACH;3;242,01;248,86;242,01;555,73;555,73;0;0;1;1;2;1;B;07/05/2026;28/05/2026;ABRR56;B;113AB3;GM - Brasil;Não;Não;Ativo;1;
9;26240584;MOLDURA ALAVANCA CÂMBIO;8;85,17;85,17;85,17;185,49;185,49;0;0;2;3;1;0;A;02/06/2026;22/05/2026;RA0581;A;112PA1;GM - Brasil;Não;Não;Ativo;1;
9;26240857;SAÍDA AR;2;155,38;156,84;155,38;299,71;299,71;0;1;1;0;1;1;B;03/07/2026;17/06/2026;RA0677;B;106SK1;GM - Brasil;Não;Não;Ativo;1;
9;26241944;FILTRO DE AR;468;34,88;48,25;45,76;112,58;112,54;77;115;62;72;74;61;A;09/07/2026;03/08/2026;COPA55;A;114AA;GM - Brasil;Sim;Sim;Ativo;1;ONIX - 2020 A 2020, TRACKER - 2021 A 2021
9;26241945;PARAFUSO-COB CARC F/;2;4,49;4,49;4,49;12,82;12,82;0;0;0;0;0;0;D;17/11/2025;20/11/2025;DD0954;D;105AH1;GM - Brasil;Sim;Sim;Ativo;1;
9;26241947;CARCAÇA FILTRO AR;10;94,65;77,43;122,41;235,28;235,28;5;5;5;5;6;4;A;02/07/2026;29/07/2026;CVA161;A;154PA1;GM - Brasil;Sim;Sim;Ativo;1;ONIX NOVO - 2020 A 2021
9;26241948;TAMPA CARCAÇA;5;88,79;73,60;122,13;220,59;220,59;5;2;5;1;2;4;A;13/06/2026;30/07/2026;CVA16M;A;154RB1;GM - Brasil;Sim;Sim;Ativo;1;
9;26241949;TAMPA CARCAÇA;7;89,31;90,02;119,16;223,28;223,28;2;1;2;6;6;5;A;02/07/2026;30/07/2026;CVA160;A;155SA1;GM - Brasil;Sim;Sim;Ativo;1;
9;26241950;ISOLADOR DE BORRACHA;6;13,55;13,55;17,66;29,34;29,34;1;5;5;0;4;1;A;02/07/2026;13/07/2026;RA0676;A;113BD1;GM - Brasil;Não;Não;Ativo;1;
9;26243514;TUBO DE ALIMENTACAO;1;76,99;63,05;76,99;145,40;145,40;0;0;0;0;0;0;D;29/08/2024;14/08/2024;;D;111CD1;GM - Brasil;Não;Não;Ativo;1;
9;26244139;TAMPA ACABAMENTO;8;1,32;1,33;1,32;17,41;17,41;0;0;4;2;2;1;A;30/07/2026;01/06/2026;CVA160;A;108QJ1;GM - Brasil;Sim;Sim;Ativo;1;
9;26244140;TAMPA ACABAMENTO;1;1,47;1,47;1,67;28,13;28,13;0;1;0;0;1;1;C;22/05/2026;27/03/2026;CVA133;C;113GG1;GM - Brasil;Sim;Sim;Ativo;1;ONIX NOVO - 2020 A 2020, TRACKER 3 - 2021 A 2021
9;26244312;LANTERNA INDICADORA DIREÇÃO;7;61,99;62,63;81,00;119,54;119,54;10;9;6;8;10;13;A;08/07/2026;31/07/2026;CVA161;A;113CC1;GM - Brasil;Não;Não;Ativo;1;ONIX - 2020 A 2021, TRACKER - 2021 A 2021
9;26244313;LANTERNA INDICADORA DIREÇÃO;8;74,62;75,05;97,77;142,81;142,81;12;7;8;8;9;5;A;08/07/2026;31/07/2026;CVA161;A;112RC1;GM - Brasil;Não;Não;Ativo;1;ONIX NOVO - 2020 A 2020, TRACKER 3 - 2021 A 2021
9;26244940;FAROL NEBLINA ESQUERDO;7;133,34;134,16;133,34;331,18;331,18;5;3;4;2;2;0;A;30/07/2026;30/07/2026;JLL38;A;151AB1;GM - Brasil;Não;Não;Ativo;1;ONIX NOVO - 2020 A 2020
9;26244941;FAROL MILHA DIREITO;6;146,17;179,96;179,96;331,18;331,18;4;3;3;3;2;0;A;09/07/2026;27/07/2026;COPA43;A;152QB1;GM - Brasil;Não;Não;Ativo;1;OM - 2020 A 2020
9;26245911;VEDADOR GRADE ENTRADA AR CAPÔ;2;43,24;43,24;43,24;90,68;90,68;1;2;0;0;1;1;B;16/07/2026;06/07/2026;RA0717;B;107XG1;GM - Brasil;Sim;Sim;Ativo;1;
9;26248152;REFORÇO PARA-CHOQUE DIANT;22;158,78;157,72;205,90;354,98;354,98;6;12;11;10;13;9;A;29/07/2026;30/07/2026;CVA16M;A;162QC1;GM - Brasil;Não;Não;Ativo;1;ONIX NOVO - 2020 A 2020
9;26248153;ABSORVEDOR ENERGIA DIANTEIRO;20;69,48;66,40;66,37;156,24;156,24;18;16;13;17;16;10;A;08/07/2026;31/07/2026;CVA161;A;162SB1;GM - Brasil;Não;Não;Ativo;1;ONIX NOVO - 2020 A 2020
9;26248176;INSERTO TAMPA LD;1;32,52;32,52;43,29;78,04;78,04;2;2;2;2;0;0;A;02/07/2026;29/07/2026;RA0677;A;105AG1;GM - Brasil;Sim;Sim;Ativo;1;ONIX - 2020 A 2021, TRACKER - 2021 A 2021
9;26248177;INSERTO TAMPA LE;4;29,44;29,56;29,44;72,20;72,20;0;0;0;1;1;0;C;27/03/2026;13/04/2026;CVA120;C;112AA1;GM - Brasil;Sim;Sim;Ativo;1;ONIX - 2020 A 2021, TRACKER - 2021 A 2021
9;26249758;PALHETA LIMPADOR DIREITO;23;76,24;115,40;110,62;221,47;221,47;5;8;2;11;15;10;A;07/05/2026;24/07/2026;ABRR55;A;144RD1;GM - Brasil;Não;Não;Ativo;1;ONIX NOVO - 2020 A 2020, TRACKER 3 - 2021 A 2021
9;26249760;PALHETA LIMPADOR ESQUERDO;25;98,41;134,33;131,20;253,19;253,19;5;8;2;11;16;10;A;07/05/2026;24/07/2026;ABRR56;A;145PC1;GM - Brasil;Não;Não;Ativo;1;ONIX NOVO - 2020 A 2020, TRACKER 3 - 2021 A 2021
9;26249877;MOLDURA ABERTURA LD;2;12,63;12,73;12,63;28,64;28,64;1;1;0;2;0;2;B;26/06/2026;06/07/2026;CVA151;B;105AH2;GM - Brasil;Não;Não;Ativo;1;
9;26249923;ALMA PARA-CHOQUE DIANTEIRO;12;532,61;526,54;532,61;1.502,96;1.502,96;8;5;1;3;2;5;A;31/07/2026;25/07/2026;JLL42;A;162TA1;GM - Brasil;Não;Não;Ativo;1;ONIX NOVO - 2020 A 2020
9;26250787;TAMPA ACABAMENTO LE;2;62,89;62,89;62,89;155,97;155,97;0;0;0;1;0;1;B;26/05/2026;15/04/2026;RA0578;B;161DC1;GM - Brasil;Sim;Sim;Ativo;1;
9;26250789;MOLDURA BANCO DIANTEIRO ESQ;11;44,40;39,56;39,56;112,51;112,51;0;3;3;4;1;5;A;05/06/2026;29/06/2026;CVA11M;A;160TC1;GM - Brasil;Sim;Sim;Ativo;1;ONIX NOVO - 2020 A 2021
9;26250793;TAMPA ACABAMENTO;2;53,41;45,37;45,37;134,71;134,71;0;0;1;0;0;1;C;25/05/2026;26/05/2026;RA0579;C;161BC1;GM - Brasil;Sim;Sim;Ativo;1;
9;26251920;COIFA JUNTA HOMOCINÉTICA LE;1;360,24;360,24;410,04;706,44;706,44;0;0;0;0;0;0;D;13/10/2025;16/09/2025;CVC01;D;106CL1;GM - Brasil;Não;Não;Ativo;1;
9;26251948;PROTETOR COMPARTIMENTO DIANTEIRO;2;88,36;118,44;118,45;198,39;198,39;3;1;1;2;1;2;A;02/07/2026;25/07/2026;CVA161;A;161HA1;GM - Brasil;Não;Não;Ativo;1;
9;26252693;LANTERNA PLACA LICENÇA TRASEIRA;20;47,60;45,24;47,60;90,73;90,73;10;9;10;14;4;5;A;08/07/2026;30/07/2026;CVA161;A;106DB1;GM - Brasil;Não;Não;Ativo;1;ONIX - 2020 A 2021, TRACKER - 2021 A 2021
9;26255406;PARA-CHOQUE TRASEIRO INFERIOR;2;911,75;912,68;911,75;2.445,49;2.445,49;0;1;1;1;0;0;B;31/07/2026;19/06/2026;JLL40;B;500DC1;GM - Brasil;Não;Não;Ativo;1;TRACKER 3 - 2021 A 2021
9;26257911;ALOJAMENTO DO FILTRO;3;92,34;92,34;92,34;229,02;229,02;2;2;1;4;2;2;A;29/07/2026;27/07/2026;CVA170;A;151SC1;GM - Brasil;Sim;Sim;Ativo;1;
9;26258697;COXIM TRANSMISSÃO;2;233,61;305,93;307,22;535,00;535,00;2;1;0;0;1;3;A;28/04/2026;14/07/2026;CVA130;A;114 AC1;GM - Brasil;Não;Não;Ativo;1;
9;26259014;DISCO DE FREIO DIANTEIRO;22;236,83;317,92;317,88;711,26;711,26;4;10;0;5;12;7;A;08/07/2026;24/07/2026;COPA43;A;164PA1;GM - Brasil;Não;Não;Ativo;1;ONIX NOVO - 2020 A 2020
9;26260461;FORRO DA CAIXA DE RO;3;128,19;118,90;178,07;352,71;352,71;3;0;1;1;3;2;A;05/06/2026;31/07/2026;MAL52;A;PARABA29;GM - Brasil;Não;Não;Ativo;1;
9;26260462;FORRO DA CAIXA DE RO;4;67,27;62,40;62,40;188,08;188,08;2;1;1;2;2;2;A;05/06/2026;29/07/2026;LOT11M;A;160BB1;GM - Brasil;Não;Não;Ativo;1;
9;26260463;FORRO DA CAIXA DE RO;7;131,01;133,20;131,01;352,71;352,71;4;5;2;2;5;2;A;30/07/2026;30/07/2026;JLL08;A;PARABA12;GM - Brasil;Não;Não;Ativo;1;
9;26260464;FORRO DA CAIXA DE RO;8;69,84;71,03;69,84;188,08;188,08;6;1;1;3;4;3;A;30/07/2026;30/07/2026;JLL08;A;163HC1;GM - Brasil;Não;Não;Ativo;1;
9;26260818;PINÇA FREIO;2;373,79;518,23;518,23;841,28;841,28;0;0;1;1;0;0;C;22/05/2026;14/05/2026;RA0577;C;154QB1;GM - Brasil;Não;Não;Ativo;1;
9;26260823;PINCA DE FREIO DIANT.;3;400,09;407,41;518,95;916,97;916,97;0;1;2;1;0;1;B;29/06/2026;05/06/2026;CVA151;B;159CB1;GM - Brasil;Não;Não;Ativo;1;ONIX - 2020 A 2021
9;26260865;PARA-CHOQUE TRASEIRO INFERIOR;57;571,92;570,19;571,92;1.688,63;1.688,63;25;22;12;25;22;16;A;31/07/2026;31/07/2026;JLL40;A;500DA1;GM - Brasil;Não;Não;Ativo;1;ONIX NOVO - 2020 A 2020
9;26261699;MOLDURA PARA-CHOQUE DIANTEIRO;11;361,96;486,05;483,69;815,55;815,55;3;6;6;5;7;5;A;03/07/2026;24/07/2026;CVA162;A;163JB1;GM - Brasil;Não;Não;Ativo;1;
9;26262064;BANDEJA SUSPENSÃO DIANTEIRA ESQ;12;434,60;432,29;584,77;1.141,96;1.141,96;5;4;3;2;3;1;A;16/07/2026;29/07/2026;COPA05;A;163JA1;GM - Brasil;Não;Não;Ativo;1;ONIX NOVO - 2020 A 2020
9;26262065;BANDEJA SUSPENSÃO DIANTEIRA DIR;20;432,22;417,79;417,79;1.141,78;1.141,78;1;1;3;1;4;1;A;03/07/2026;24/07/2026;COPA05;A;155PB1;GM - Brasil;Não;Não;Ativo;1;ONIX NOVO - 2020 A 2020
9;26267463;CAPA ESPELHO RETROVISOR EXT DIR;3;67,04;57,46;69,43;161,67;161,67;0;0;0;1;1;0;C;25/06/2026;27/04/2026;RA0675;C;108SK1;GM - Brasil;Não;Não;Ativo;1;TRACKER 3 - 2021 A 2021
9;26267464;CAPA ESPELHO RETROVISOR EXT ESQ;1;67,04;52,90;52,90;166,93;166,93;0;1;0;0;0;0;D;17/11/2025;15/06/2026;NOVE04;D;108QL1;GM - Brasil;Não;Não;Ativo;1;TRACKER 3 - 2021 A 2021
9;26271175;REFLETOR DO PARA CHO;2;23,23;23,23;23,23;57,23;57,23;0;2;1;0;0;1;B;30/07/2026;03/07/2026;JLL38;B;112PC1;GM - Brasil;Não;Não;Ativo;1;
9;26271177;LANTERNA CJ-FR MONT;4;346,88;469,37;454,02;783,64;783,64;1;0;1;1;0;4;A;02/06/2026;31/07/2026;CVA04M;A;108RG1;GM - Brasil;Não;Não;Ativo;1;
9;26271784;DEFLETOR SUPERIOR RADIADOR;6;105,95;142,30;137,97;238,37;238,37;5;11;8;8;3;9;A;18/06/2026;30/07/2026;RA0579;A;163QB4;GM - Brasil;Não;Não;Ativo;1;
9;26271785;DEFLETOR INFERIOR AR DO RADIADOR;18;96,63;96,84;127,39;217,97;217,97;2;7;7;8;4;6;A;08/07/2026;27/07/2026;CVA161;A;160PC1;GM - Brasil;Não;Não;Ativo;1;
9;26272686;SERVO-FREIO;11;729,16;979,98;933,37;1.644,32;1.644,32;5;4;6;6;7;3;A;02/06/2026;29/07/2026;PDS02;A;200CB1;GM - Brasil;Não;Não;Ativo;1;ONIX - 2020 A 2021, TRACKER - 2021 A 2021
9;26272816;PARA-CHOQUE DIANTEIRO;5;444,72;470,81;473,34;1.037,61;1.037,61;1;0;0;0;0;1;C;10/03/2026;03/08/2026;NF 1033975;C;600CB1;GM - Brasil;Não;Não;Ativo;1;
9;26273300;CHAVE PORTA E IGNIÇÃO;3;35,78;35,89;48,10;89,01;89,01;0;1;0;0;2;0;B;13/07/2026;10/06/2026;RA0680;B;1SALA M3;GM - Brasil;Sim;Sim;Ativo;1;ONIX NOVO - 2020 A 2020, TRACKER 3 - 2021 A 2021
9;26273302;TRANSMISSIOR ANTI-FURTO;3;271,59;271,59;320,24;673,57;896,00;0;0;0;2;1;0;B;28/07/2026;28/04/2026;RA0682;B;105CG1;GM - Brasil;Sim;Sim;Ativo;1;ONIX - 2020 A 2021, TRACKER - 2021 A 2021
9;26273308;PLACA;2;74,24;106,43;106,43;168,23;168,23;1;0;0;0;0;4;B;25/03/2026;09/07/2026;CVA113;B;113BC1;GM - Brasil;Sim;Sim;Ativo;1;
9;26273309;PLACA GRADE;2;82,23;64,02;64,02;169,33;169,33;1;1;1;1;0;1;B;16/07/2026;30/07/2026;RA0717;B;105CG1;GM - Brasil;Sim;Sim;Ativo;1;
9;26273579;SENSOR ESTACIONAMENTO;2;224,78;177,74;224,78;443,80;443,80;8;3;3;6;4;7;A;26/06/2026;30/07/2026;CVA150;A;107RB1;GM - Brasil;Sim;Sim;Ativo;1;
9;26273581;SENSOR AUXILIAR;3;192,31;264,49;220,60;377,37;377,37;2;2;0;4;5;1;A;26/06/2026;22/07/2026;CVA150;A;106SD1;GM - Brasil;Sim;Sim;Ativo;1;
9;26273583;SENSOR AUXILIAR;6;229,99;229,99;263,61;451,30;451,30;0;4;2;2;0;1;A;13/07/2026;17/06/2026;CVA162;A;106QJ1;GM - Brasil;Sim;Sim;Ativo;1;ONIX NOVO - 2020 A 2020
9;26273934;SUPORTE DOCOXIM;7;37,28;71,44;60,73;119,87;119,87;2;2;2;1;2;3;A;13/07/2026;31/07/2026;COPA47;A;106PA1;GM - Brasil;Não;Não;Ativo;1;
9;26274175;TRILHO COMPARTIMENTO FRONTAL DIR;2;198,25;201,58;198,25;451,63;451,63;1;1;0;0;2;1;B;01/06/2026;24/07/2026;RA0582;B;162SA1;GM - Brasil;Não;Não;Ativo;1;ONIX NOVO - 2020 A 2020
9;26274514;PALHETA LIMPADOR TRASEIRO;1;63,75;82,58;80,37;130,38;130,38;2;0;0;1;1;0;B;18/12/2025;24/07/2026;CICA08;B;113CB1;GM - Brasil;Não;Não;Ativo;1;
9;26275295;MECANISMO DE ELEVACA;1;1.905,97;1.905,97;1.905,97;4.151,29;4.151,29;0;0;0;0;0;0;C;30/04/2026;;DD0475;C;151SB1;GM - Brasil;Não;Não;Ativo;1;
9;26275349;EMBLEMA DE PLASTICO;1;40,37;41,50;40,37;87,26;87,26;7;2;0;0;2;2;A;29/07/2026;30/07/2026;RA0724;A;108QD1;GM - Brasil;Sim;Sim;Ativo;1;
9;26275450;DEFLETOR C;4;55,69;78,87;78,87;132,33;132,33;2;0;2;2;2;3;A;02/07/2026;28/07/2026;CVA160;A;160BB1;GM - Brasil;Não;Não;Ativo;1;
9;26275490;PAINEL PARA CARROCAR;2;185,36;185,36;185,36;412,42;412,42;0;0;0;0;0;0;D;10/04/2025;27/06/2025;DD0416;D;162XA1;GM - Brasil;Não;Não;Ativo;1;
9;26275594;PAD-RR BPR FASC;2;426,98;427,63;426,98;962,48;962,48;3;2;1;2;1;2;A;29/07/2026;30/07/2026;RA0724;A;162WC;GM - Brasil;Não;Não;Ativo;1;
9;26275595;GUIA DA COBERTURA DO;6;43,56;43,58;43,56;98,09;98,09;4;1;6;4;2;3;A;01/08/2026;28/07/2026;CVA160;A;110TG1;GM - Brasil;Não;Não;Ativo;1;
9;26275596;GUIA DA COBERTURA DO;3;40,55;40,58;52,30;91,34;91,34;5;1;3;3;1;1;A;13/07/2026;28/07/2026;CVA161;A;106PH1;GM - Brasil;Não;Não;Ativo;1;
9;26275597;GUIA DA COBERTURA DO;1;41,09;41,09;41,09;92,00;92,00;0;1;0;0;0;4;B;24/03/2026;01/07/2026;CVA113;B;111BC1;GM - Brasil;Não;Não;Ativo;1;
9;26275603;FORRO DA CAIXA DE RO;5;274,96;369,01;369,01;747,98;747,98;1;2;1;5;0;4;A;05/06/2026;14/07/2026;LOT11M;A;PARABA31;GM - Brasil;Não;Não;Ativo;1;
9;26275604;FORRO DA CAIXA DE RO;3;270,52;279,15;380,96;815,96;815,96;1;0;1;2;0;0;B;05/06/2026;27/07/2026;LOT11M;B;PARABA11;GM - Brasil;Não;Não;Ativo;1;
9;26276720;FITA DE POLICLORETO;2;47,77;44,72;44,72;134,64;134,64;0;1;1;1;0;0;B;26/06/2026;11/06/2026;COPA37;B;113AD1;GM - Brasil;Sim;Sim;Ativo;1;
9;26276741;GUARNICAO DE BORRACH;1;96,16;96,16;96,16;238,35;238,35;0;0;0;0;0;1;C;25/02/2026;13/02/2026;CVA93;C;160AC1;GM - Brasil;Não;Não;Ativo;1;
9;26279997;REGULADOR VIDRO;1;331,66;438,16;438,16;744,70;744,70;0;0;2;1;1;0;B;16/06/2026;03/06/2026;RA0669;B;151BA1;GM - Brasil;Não;Não;Ativo;1;
9;26280560;ESPELHO RETROVISOR EXTERNO ESQ;1;237,65;237,65;237,65;742,17;742,17;0;0;0;1;0;1;C;17/03/2026;30/04/2026;NMA04;C;153QA1;GM - Brasil;Não;Não;Ativo;1;
9;26280561;ESPELHO RETROVISOR EXTERNO DIR;1;233,00;233,00;233,00;742,17;742,17;0;0;0;0;0;0;D;06/01/2026;21/11/2025;DZZ42;D;151PA1;GM - Brasil;Não;Não;Ativo;1;ONIX NOVO - 2020 A 2021
9;26280562;VIDRO ESPELHO RETROVISOR ESQ;4;66,93;66,93;66,93;150,64;150,64;0;1;1;3;1;0;B;13/07/2026;18/06/2026;CVA160;B;108DD1;GM - Brasil;Não;Não;Ativo;1;ONIX NOVO - 2020 A 2020
9;26280563;VIDRO ESPELHO RETROVISOR DIR;2;50,39;84,62;84,62;141,98;141,98;2;2;1;1;1;1;A;01/04/2026;30/07/2026;CVA119;A;110PJ1;GM - Brasil;Não;Não;Ativo;1;ONIX NOVO - 2020 A 2020
9;26280565;MOLDURA CARCAÇA LE;4;20,44;27,15;26,66;61,55;61,55;1;1;0;3;1;1;A;13/07/2026;23/07/2026;COPA47;A;106AD1;GM - Brasil;Não;Não;Ativo;1;ONIX NOVO - 2020 A 2020
9;26280571;TAMPA CARCAÇA;16;86,89;112,38;108,37;254,86;254,86;0;5;6;7;3;4;A;13/07/2026;29/06/2026;COPA47;A;197BC;GM - Brasil;Não;Não;Ativo;1;ONIX NOVO - 2020 A 2020
9;26280572;CAPA RETROVISOR EXT DIREITO;4;80,59;112,39;110,56;254,86;254,86;5;2;2;3;5;4;A;13/07/2026;31/07/2026;COPA47;A;150PC1;GM - Brasil;Não;Não;Ativo;1;ONIX NOVO - 2020 A 2020
9;26280577;ESPELHO RETROVISOR EXTERNO ESQ;9;270,11;377,90;377,89;856,86;856,86;1;3;3;1;4;5;A;13/07/2026;27/07/2026;COPA47;A;153SC1;GM - Brasil;Não;Não;Ativo;1;ONIX NOVO - 2020 A 2020
9;26280578;ESPELHO RETROVISOR EXTERNO DIR;9;281,72;281,72;376,64;856,86;856,86;0;1;2;2;0;2;A;09/07/2026;01/07/2026;COPA47;A;155QB1;GM - Brasil;Não;Não;Ativo;1;ONIX NOVO - 2020 A 2020
9;26280588;CAPA RETROVISOR EXT DIREITO;2;69,24;70,39;69,24;214,11;214,11;2;1;0;1;0;2;A;13/07/2026;31/07/2026;COPA47;A;112PH1;GM - Brasil;Não;Não;Ativo;1;ONIX NOVO - 2020 A 2020
9;26280589;ESPELHO RETROVISOR EXTERNO ESQ;1;367,13;368,17;368,17;1.203,42;1.203,42;1;1;0;1;0;0;B;27/01/2026;24/07/2026;NJN08;B;154BA1;GM - Brasil;Não;Não;Ativo;1;SPIN - 2019 A 2020
9;26280590;ESPELHO RETROVISOR EXTERNO DIR;1;395,00;395,00;395,00;1.201,39;1.201,39;0;2;0;0;1;0;B;03/07/2026;22/06/2026;COPA40;B;154AB1;GM - Brasil;Não;Não;Ativo;1;ONIX - 2020 A 2021
9;26280719;SENSOR AUXILIAR;5;194,27;162,70;162,70;381,21;381,21;1;3;2;0;1;3;A;08/07/2026;08/07/2026;CVA162;A;105PH1;GM - Brasil;Sim;Sim;Ativo;1;
9;26280747;INDICADOR DIREÇÃO LE;9;423,89;568,30;568,30;1.040,61;1.040,61;6;3;5;2;1;5;A;30/07/2026;30/07/2026;JLL38;A;153QA1;GM - Brasil;Não;Não;Ativo;1;TRACKER 3 - 2021 A 2021
9;26280748;INDICADOR DIREÇÃO;6;445,66;424,38;445,66;1.040,61;1.040,61;2;1;2;3;2;2;A;28/07/2026;03/08/2026;COPA43;A;152CC1;GM - Brasil;Não;Não;Ativo;1;TRACKER 3 - 2021 A 2021
9;26282722;TAMPA DO REBOQUE;2;32,82;32,87;32,82;73,80;73,80;2;1;0;1;0;2;A;31/07/2026;30/07/2026;RA0722;A;107TK1;GM - Brasil;Não;Não;Ativo;1;
9;26283543;MACANETA PACT-EXT PT;1;60,97;62,91;81,60;148,38;148,38;0;0;0;0;1;0;C;01/04/2026;12/03/2026;CVA120;C;109HB1;GM - Brasil;Sim;Sim;Ativo;1;
9;26284048;MANGUEIRA FREIO TRASEIRO ESQ;1;48,14;48,14;48,14;93,98;93,98;0;0;0;0;0;0;D;06/01/2026;20/12/2025;PFMY05;D;113AC2;GM - Brasil;Não;Não;Ativo;1;
9;26284493;ENCHIMENTO DO PAINEL;1;401,98;401,98;401,98;902,62;902,62;2;0;0;0;0;1;B;29/07/2026;20/07/2026;ZZ0760;B;162SB1;GM - Brasil;Não;Não;Ativo;1;
9;26284578;PARA-CHOQUE DIANTEIRO;59;827,19;788,44;1.073,36;2.207,98;2.207,98;35;38;22;26;26;17;A;29/07/2026;31/07/2026;JLL02;A;DEPOSITO A;GM - Brasil;Não;Não;Ativo;1;ONIX NOVO - 2020 A 2020
9;26284578;PARA-CHOQUE DIANTEIRO;59;827,19;788,44;1.073,36;2.207,98;2.207,98;35;38;22;26;26;17;A;29/07/2026;31/07/2026;JLL02;A;CAIXA 01;GM - Brasil;Não;Não;Ativo;1;ONIX NOVO - 2020 A 2020
9;26284579;PARA-CHOQUE DIANTEIRO;20;488,27;486,46;638,48;1.303,47;1.303,47;11;8;10;6;11;12;A;27/07/2026;31/07/2026;JLL02;A;CAIXA13;GM - Brasil;Não;Não;Ativo;1;ONIX NOVO - 2020 A 2020
9;26285245;ESTRUTURA DA SUSPENS;5;2.858,21;3.820,14;3.817,02;6.409,81;6.409,81;2;1;2;7;1;2;A;25/06/2026;28/07/2026;CVA03M;A;162HA1;GM - Brasil;Não;Não;Ativo;1;
9;26285349;BARRA TRANSVERSAL;6;1.627,74;1.631,70;2.184,61;3.663,82;3.663,82;3;2;2;3;4;1;A;02/07/2026;27/07/2026;CVA151;A;162DA1;GM - Brasil;Não;Não;Ativo;1;ONIX NOVO - 2020 A 2021
9;26285531;COXIM TRANSMISSÃO;5;213,10;212,64;213,10;550,12;550,12;2;2;2;0;3;1;A;13/07/2026;16/07/2026;COPA47;A;109HH1;GM - Brasil;Não;Não;Ativo;1;
9;26285535;COXIM MOTOR;1;449,77;450,80;449,78;1.014,64;1.014,64;6;2;2;1;2;2;A;06/07/2026;31/07/2026;CVA162;A;161CA1;GM - Brasil;Não;Não;Ativo;1;
9;26285789;BANDEJA SUSPENSÃO DIANTEIRA ESQ;18;366,45;356,95;478,52;1.145,01;1.145,01;3;0;4;3;0;3;A;09/07/2026;28/07/2026;COPA05;A;153SB1;GM - Brasil;Não;Não;Ativo;1;
9;26285790;BANDEJA SUSPENSÃO DIANTEIRA DIR;9;360,28;478,53;478,66;1.145,01;1.145,01;3;2;3;1;1;2;A;23/06/2026;24/07/2026;COPA05;A;155AA1;GM - Brasil;Não;Não;Ativo;1;
9;26285919;JOGO MAÇANETA;3;73,68;73,68;73,68;176,85;176,85;0;2;0;2;0;0;B;25/06/2026;16/06/2026;RA0675;B;111QC1;GM - Brasil;Sim;Sim;Ativo;1;ONIX NOVO - 2020 A 2021
9;26286219;TAPETE ASSOALHO COMP TRASEIRO;1;196,92;196,92;196,92;486,14;486,14;0;0;2;0;1;0;B;27/07/2026;05/05/2026;CVA151;B;154DB1;GM - Brasil;Sim;Sim;Ativo;1;ONIX NOVO - 2020 A 2021
9;26287383;MOTOR VENTILADOR;4;399,54;384,82;399,54;1.140,21;1.140,21;0;0;1;1;0;2;B;02/07/2026;28/05/2026;COPA43;B;153DB1;GM - Brasil;Sim;Sim;Ativo;1;
9;26287384;DEFLETOR VENTOINHA RADIADOR;1;130,98;109,88;130,98;409,72;409,72;8;3;1;0;1;4;A;03/07/2026;25/07/2026;COPA40;A;154SA1;GM - Brasil;Sim;Sim;Ativo;1;ONIX NOVO - 2020 A 2020
9;26287394;MOTOR CJ-VNTDR ARREF;1;560,83;560,83;560,83;724,49;724,49;0;0;0;0;0;0;D;28/05/2025;22/05/2026;CRVA05;D;152AC1;GM - Brasil;Sim;Sim;Ativo;1;
9;26287498;SUPORTE RADIADOR;2;7,70;7,70;8,86;27,28;27,28;0;3;0;0;0;0;C;09/07/2026;22/06/2026;RA0683;C;111QD1;GM - Brasil;Sim;Sim;Ativo;1;ONIX - 2020 A 2021, TRACKER - 2021 A 2021
9;26287499;DEFLETOR VENTOINHA RADIADOR;12;201,80;274,86;279,97;635,07;635,07;5;6;6;5;5;3;A;03/07/2026;31/07/2026;COPA43;A;163JA1;GM - Brasil;Sim;Sim;Ativo;1;ONIX NOVO - 2020 A 2020
9;26287515;PLACA NOME MOTOR;9;84,47;110,77;110,97;177,31;177,31;3;5;4;4;8;4;A;08/07/2026;31/07/2026;CVA161;A;107PJ1;GM - Brasil;Sim;Sim;Ativo;1;ONIX NOVO - 2020 A 2020
9;26287516;EMBLEMA TAMPA TRASEIRA;3;67,99;69,95;67,99;146,69;146,69;4;3;3;2;3;3;A;31/07/2026;24/07/2026;RA0728;A;107AJ1;GM - Brasil;Sim;Sim;Ativo;1;ONIX NOVO - 2020 A 2020
9;26288175;PARA-CHOQUE DIANTEIRO;13;274,47;219,57;219,57;744,55;744,55;0;1;2;5;2;2;A;02/07/2026;26/06/2026;MAL41;A;500BA1;GM - Brasil;Não;Não;Ativo;1;TRACKER 3 - 2021 A 2021
9;26288176;GRADE DIANTEIRA;13;356,29;334,66;356,29;905,38;905,38;6;6;3;10;3;5;A;31/07/2026;30/07/2026;COPA47;A;800AB1;GM - Brasil;Não;Não;Ativo;1;
9;26288180;MOLDURA PARA-CHOQUE TRASEIRO LD;4;66,65;66,64;66,65;178,15;178,15;1;2;2;1;1;0;A;31/07/2026;24/07/2026;JLL40;A;160WB1;GM - Brasil;Não;Não;Ativo;1;TRACKER 3 - 2021 A 2021
9;26288261;GUARNIÇÃO TAMPA;6;243,53;252,96;324,74;594,62;594,62;6;4;2;4;6;2;A;31/07/2026;31/07/2026;JLL10;A;160AB1;GM - Brasil;Não;Não;Ativo;1;ONIX - 2020 A 2021
9;26288275;PARA-CHOQUE TRASEIRO;8;632,94;562,49;632,94;1.720,02;1.720,02;5;3;7;5;4;3;A;29/06/2026;27/07/2026;LOT11M;A;400AB;GM - Brasil;Não;Não;Ativo;1;ONIX - 2020 A 2020
9;26288279;PARA-CHOQUE TRASEIRO;17;641,57;609,65;825,93;1.700,94;1.700,94;9;6;5;14;2;6;A;02/07/2026;31/07/2026;LOT16M;A;CAIXA12;GM - Brasil;Não;Não;Ativo;1;ONIX NOVO - 2020 A 2020
9;26288281;PARA-CHOQUE TRASEIRO;7;563,80;537,97;537,97;1.497,29;1.497,29;0;5;0;3;6;3;A;23/06/2026;01/07/2026;LOT16M;A;CAIXA09;GM - Brasil;Não;Não;Ativo;1;ONIX NOVO - 2020 A 2020
9;26288291;PARA-CHOQUE TRASEIRO;27;558,86;557,46;558,86;1.493,68;1.493,68;12;14;11;7;8;9;A;31/07/2026;31/07/2026;JLL02;A;CAIXA 10;GM - Brasil;Não;Não;Ativo;1;ONIX NOVO - 2020 A 2020
9;26288295;PARA-CHOQUE TRASEIRO;9;542,01;674,47;674,47;1.450,16;1.450,16;1;1;2;4;2;4;A;06/06/2026;17/07/2026;LOT16M;A;500BB;GM - Brasil;Não;Não;Ativo;1;ONIX NOVO - 2020 A 2020
9;26288296;PARA-CHOQUE TRASEIRO;13;625,12;610,72;625,12;1.636,40;1.636,40;6;6;7;1;1;1;A;31/07/2026;30/07/2026;JLL40;A;600AB1;GM - Brasil;Não;Não;Ativo;1;ONIX NOVO - 2020 A 2020
9;26288298;PARA-CHOQUE TRASEIRO;11;636,43;634,66;636,43;1.696,52;1.696,52;3;3;2;5;4;6;A;27/07/2026;15/07/2026;JLL02;A;600BA1;GM - Brasil;Não;Não;Ativo;1;ONIX NOVO - 2020 A 2020
9;26288302;PARA-CHOQUE TRASEIRO;7;478,80;640,52;685,93;1.277,18;1.277,18;2;0;3;0;1;1;A;03/07/2026;28/07/2026;LOT16M;A;600AC1;GM - Brasil;Não;Não;Ativo;1;
9;26288548;GUARNIÇÃO DO CAPÔ;2;57,52;77,50;75,42;106,73;106,73;1;1;1;1;0;0;B;02/03/2026;30/07/2026;CVB07;B;155CA1;GM - Brasil;Não;Não;Ativo;1;
9;26289749;ESTRUTURA DO ASSENTO;1;690,42;690,42;919,26;2.003,22;2.003,22;0;0;0;0;0;0;D;21/05/2026;09/12/2025;RA0571;D;BOX 13;GM - Brasil;Sim;Sim;Ativo;1;
9;26290297;REGULADOR VIDRO PORTA DIANT;2;344,03;344,03;344,03;772,48;772,48;0;3;2;0;1;1;A;29/07/2026;02/07/2026;CVA16M;A;113AJ1;GM - Brasil;Não;Não;Ativo;1;
9;26290728;PROTETOR CALOR ESCAPAMENTO;22;233,31;312,18;303,43;524,99;524,99;7;20;9;7;11;7;A;13/07/2026;31/07/2026;CVA162;A;163TA1;GM - Brasil;Não;Não;Ativo;1;
9;26292326;TERMINAL DE DIREÇÃO;10;180,38;241,97;180,38;580,00;580,00;6;5;2;5;2;1;A;13/07/2026;29/07/2026;COPA47;A;113DD1;GM - Brasil;Não;Não;Ativo;1;
9;26292329;BRAÇO AXIAL DIREÇÃO (JOGO);5;294,87;294,87;400,91;663,68;663,68;1;2;0;4;2;0;A;09/07/2026;21/07/2026;CVA150;A;113DC1;GM - Brasil;Não;Não;Ativo;1;
9;26292496;PORTINHOLA DE ENCHIM;2;65,31;65,31;65,31;147,00;147,00;1;0;2;0;0;0;B;16/07/2026;07/07/2026;RA0717;B;107RC1;GM - Brasil;Não;Não;Ativo;1;
9;26292544;MANGUEIRA COMPRESSOR;6;152,25;152,25;152,25;571,12;571,12;3;1;2;1;1;0;A;31/07/2026;16/07/2026;JLL46;A;160WC1;GM - Brasil;Não;Não;Ativo;1;ONIX NOVO - 2020 A 2021
9;26292570;INSERTO-GRADE R;2;185,41;185,41;185,41;343,68;343,68;0;0;1;1;1;0;B;29/06/2026;29/05/2026;CVA150;B;150PC1;GM - Brasil;Não;Não;Ativo;1;
9;26292571;INSERTO-GRADE R;2;51,61;69,17;69,17;98,61;98,61;0;0;1;1;1;0;B;29/06/2026;29/05/2026;CVA150;B;112BD1;GM - Brasil;Não;Não;Ativo;1;
9;26292573;INSERTO-GRADE R;3;269,25;270,12;351,42;516,21;516,21;1;0;2;1;0;2;A;29/06/2026;28/07/2026;CVA151;A;153AC1;GM - Brasil;Não;Não;Ativo;1;
9;26292574;INSERTO-GRADE R;4;128,09;128,09;128,09;237,44;237,44;0;0;2;1;1;1;B;29/06/2026;29/05/2026;CVA150;B;113AB1;GM - Brasil;Não;Não;Ativo;1;
9;26292575;INSERTO-GRADE R;3;127,41;172,52;163,83;238,54;238,54;0;0;2;1;1;1;B;28/04/2026;29/05/2026;RA0451;B;108DG1;GM - Brasil;Não;Não;Ativo;1;
9;26292582;COBERTURA DA ABERTUR;3;429,36;429,43;429,36;966,54;966,54;5;1;1;2;2;2;A;30/07/2026;28/07/2026;RA0723;A;164SC1;GM - Brasil;Não;Não;Ativo;1;
9;26293340;REFORCO DO PAINEL DA;1;540,36;540,36;724,40;1.176,93;1.176,93;0;0;0;0;0;0;D;02/06/2026;09/01/2026;RA0577;D;161TA1;GM - Brasil;Não;Não;Ativo;1;
9;26293813;BIELETA SUSPENSÃO DIANTEIRA;67;139,73;133,44;182,02;381,63;381,63;12;3;11;6;12;6;A;22/06/2026;31/07/2026;COPA05;A;159DC1;GM - Brasil;Não;Não;Ativo;1;
9;26294290;PLACA NOME MOTOR;7;68,51;55,82;54,46;144,79;144,79;8;7;6;4;3;2;A;14/07/2026;29/07/2026;CVA161;A;105AH1;GM - Brasil;Sim;Sim;Ativo;1;TRACKER 3 - 2021 A 2021
9;26294921;ISOLADOR RADIADOR;5;34,52;46,31;34,52;77,70;77,70;5;4;7;7;2;2;A;02/06/2026;28/07/2026;PDS02;A;107RH1;GM - Brasil;Não;Não;Ativo;1;ONIX - 2020 A 2021, TRACKER - 2021 A 2021
9;26295205;HINGE ASM-HOOD;3;21,90;22,46;21,90;47,41;47,41;1;1;1;1;2;0;A;08/07/2026;28/07/2026;CVA160;A;109AL1;GM - Brasil;Sim;Sim;Ativo;1;
9;26295206;HINGE ASM-HOOD;2;22,49;22,49;22,49;47,47;47,47;1;1;1;1;1;0;B;29/07/2026;28/07/2026;CVA170;B;111AK1;GM - Brasil;Sim;Sim;Ativo;1;
9;26295716;TIRA VEDAÇÃO;2;144,35;142,46;144,35;330,55;330,55;0;0;1;0;1;0;C;16/07/2026;06/05/2026;RA0716;C;154QB1;GM - Brasil;Não;Não;Ativo;1;ONIX NOVO - 2020 A 2020
9;26295717;TIRA SELADOR TRAVA PORTA LATERAL TRAS L.D;2;179,10;180,91;179,10;407,18;407,18;1;2;1;1;0;0;B;13/07/2026;29/07/2026;CVA170;B;163AA1;GM - Brasil;Não;Não;Ativo;1;ONIX - 2020 A 2020
9;26296684;EMBLEMA DE PLASTICO;1;48,59;49,01;48,59;102,76;102,76;6;2;1;1;2;1;A;29/07/2026;30/07/2026;RA0724;A;106AL1;GM - Brasil;Sim;Sim;Ativo;1;
9;26297141;MANGUEIRA COMPRESSOR AR CONDIC;1;202,70;278,95;278,95;502,74;502,74;1;1;0;1;0;0;B;03/07/2026;29/07/2026;RA0677;B;161CC1;GM - Brasil;Sim;Sim;Ativo;1;
9;26297168;AEROFÓLIO ESPORTIVO;1;857,00;857,00;857,00;1.924,31;1.924,31;1;1;1;1;1;0;B;28/07/2026;28/07/2026;RA0724;B;156BC1;GM - Brasil;Não;Não;Ativo;1;
9;26298703;COXIM AMORTECEDOR DIANTEIRO;4;114,57;153,57;154,77;288,26;288,26;1;0;2;2;2;2;A;05/06/2026;24/07/2026;CVA16M;A;106AD1;GM - Brasil;Não;Não;Ativo;1;
9;26299059;AMORTECEDOR COXIM TRANSMISSÃO;2;128,34;129,34;128,34;334,59;334,59;3;1;0;0;3;1;A;13/07/2026;31/07/2026;COPA47;A;113AB2;GM - Brasil;Não;Não;Ativo;1;
9;26299310;MANGUEIRA BOMBA;2;54,51;54,52;75,21;102,58;102,58;0;0;0;0;1;2;B;16/03/2026;31/03/2026;RA0395;B;111BG1;GM - Brasil;Não;Não;Ativo;1;
9;26300781;ISOLADOR SILENCIOSO;1;19,80;19,80;26,63;44,24;44,24;0;0;0;0;0;1;C;12/02/2026;20/02/2026;DD0220;C;108PD1;GM - Brasil;Não;Não;Ativo;1;
9;26301767;EMBLEMA DA GRADE DIANTEIRA;7;117,00;94,36;149,16;247,78;247,78;1;2;1;4;2;2;A;05/06/2026;10/07/2026;CVA16M;A;105QJ1;GM - Brasil;Sim;Sim;Ativo;1;TRACKER 3 - 2021 A 2021
9;26303187;JOGO DE FIOS COM CON;1;1.232,71;1.232,71;1.232,71;2.821,25;2.821,25;0;0;0;0;0;0;D;07/01/2026;22/12/2025;PFMY05;D;159AC1;GM - Brasil;Não;Não;Ativo;1;
9;26303815;SILENCIOSO DO ESCAPA;1;727,25;727,25;727,25;1.592,81;1.592,81;0;0;0;0;1;0;C;19/03/2026;11/03/2026;RA0305;C;162ZA1;GM - Brasil;Não;Não;Ativo;1;
9;26304185;ISOLADOR TUBO;3;42,33;42,33;54,81;94,52;94,52;0;1;0;2;1;1;B;28/04/2026;30/06/2026;CVA133;B;109CH1;GM - Brasil;Não;Não;Ativo;1;
9;26304639;LANTERNA PARA-CHOQUE;1;74,54;74,54;74,54;396,50;396,50;0;0;1;0;0;1;C;25/06/2026;29/05/2026;COPA17;C;111GJ1;GM - Brasil;Não;Não;Ativo;1;
9;26304847;FAROL DIANTEIRO ESQUERDO;14;2.161,34;2.893,10;2.816,14;5.297,64;5.297,64;5;5;6;7;2;7;A;09/07/2026;30/07/2026;COPA55;A;BOX 24;GM - Brasil;Não;Não;Ativo;1;TRACKER 3 - 2021 A 2021
9;26304848;FAROL DIANTEIRO DIREITO;15;2.160,29;2.251,87;2.251,87;5.297,64;5.297,64;3;10;4;7;3;6;A;09/07/2026;30/07/2026;COPA55;A;BOX 05;GM - Brasil;Não;Não;Ativo;1;TRACKER 3 - 2021 A 2021
9;26305480;ISOLADOR DO CAPÔ;2;367,08;375,84;367,08;843,92;843,92;3;0;1;2;0;1;A;02/06/2026;16/07/2026;PDS04;A;900CA1;GM - Brasil;Não;Não;Ativo;1;
9;26305817;VEDADOR DE PLASTICO;1;92,99;100,34;91,05;163,41;163,41;0;0;0;0;0;0;D;28/11/2025;27/09/2025;RA1187;D;110AG1;GM - Brasil;Sim;Sim;Ativo;1;
9;26306227;MANGUEIRA SANGRADOR;89;77,61;103,79;77,25;174,85;174,85;79;49;55;55;35;24;A;02/07/2026;01/08/2026;CVA162;A;108BA1;GM - Brasil;Não;Não;Ativo;1;
9;26306365;AMORTECEDOR DIANTEIRO ESQUERDO;3;469,11;628,13;592,51;929,07;929,07;0;1;2;1;0;0;A;29/06/2026;11/06/2026;COPA32;A;155CC1;GM - Brasil;Não;Não;Ativo;1;
9;26306366;AMORTECEDOR DIANTEIRO DIREITO;5;461,63;469,11;592,50;929,07;929,07;1;1;2;1;2;1;A;29/06/2026;24/07/2026;COPA32;A;159CB1;GM - Brasil;Não;Não;Ativo;1;
9;26306472;FAROL DIANTEIRO LADO ESQUERDO;4;1.350,54;1.350,54;1.350,54;3.917,11;3.917,11;3;2;2;0;1;1;A;29/07/2026;28/07/2026;JLL38;A;154QC1;GM - Brasil;Não;Não;Ativo;1;TRACKER 3 - 2021 A 2021
9;26306473;FAROL LADO DIREITO;6;1.350,97;1.811,61;1.811,19;3.917,11;3.917,11;2;2;3;2;1;3;A;03/07/2026;29/07/2026;COPA43;A;BOX 02;GM - Brasil;Não;Não;Ativo;1;TRACKER 3 - 2021 A 2021
9;26306657;ALMA PARA-CHOQUE TRASEIRO;7;286,42;273,63;372,60;645,57;645,57;9;5;6;8;10;4;A;29/07/2026;31/07/2026;CVA151;A;162ZA2;GM - Brasil;Não;Não;Ativo;1;
9;26306658;ALMA PARA-CHOQUE TRASEIRO;5;287,32;314,13;373,60;647,01;647,01;7;2;9;4;3;3;A;05/06/2026;28/07/2026;CVA16M;A;162TB1;GM - Brasil;Não;Não;Ativo;1;ONIX NOVO - 2020 A 2020
9;26306787;EMBLEMA TAMPA TRASEIRA;8;136,90;152,88;156,46;287,43;287,43;2;4;5;3;2;1;A;14/07/2026;29/07/2026;CVA170;A;108SA1;GM - Brasil;Sim;Sim;Ativo;1;TRACKER 3 - 2021 A 2021
9;26306791;APARELHO ELETRICO (C;2;1.965,59;1.782,29;1.965,59;4.370,40;4.370,40;0;1;0;1;0;3;B;05/05/2026;24/06/2026;ABRR45;B;BOX 10;GM - Brasil;Não;Não;Ativo;1;
9;26306808;GRADE DIANTEIRA;28;296,75;380,41;375,37;767,66;767,66;7;13;9;7;12;5;A;13/07/2026;29/07/2026;COPA47;A;DEPOSIT BB;GM - Brasil;Não;Não;Ativo;1;
9;26306808;GRADE DIANTEIRA;28;296,75;380,41;375,37;767,66;767,66;7;13;9;7;12;5;A;13/07/2026;29/07/2026;COPA47;A;400CA;GM - Brasil;Não;Não;Ativo;1;
9;26306972;PLACA;9;85,55;90,45;97,68;179,46;179,46;10;9;8;6;4;2;A;08/07/2026;30/07/2026;CVA162;A;106QK1;GM - Brasil;Sim;Sim;Ativo;1;
9;26306973;PLACA;4;54,24;54,43;61,62;114,14;114,14;1;2;3;1;1;0;A;08/07/2026;30/07/2026;CVA160;A;110PG1;GM - Brasil;Sim;Sim;Ativo;1;
9;26306974;EMBLEMA PREMIER CROMADO;1;79,47;79,60;79,47;166,93;166,93;6;3;3;2;1;1;A;29/07/2026;29/07/2026;RA0724;A;113AC1;GM - Brasil;Sim;Sim;Ativo;1;
9;26307046;TUBO EVAPORADOR;4;576,13;576,13;576,13;1.786,11;1.786,11;1;1;2;0;2;1;A;31/07/2026;24/07/2026;JLL46;A;163DC1;GM - Brasil;Sim;Sim;Ativo;1;ONIX - 2020 A 2021
9;26307248;LAMP ASM-RR COM;1;330,86;362,01;362,01;816,74;816,74;0;0;0;1;1;1;B;25/05/2026;29/04/2026;MAL22;B;153CA1;GM - Brasil;Não;Não;Ativo;1;
9;26307581;JOGO DE TAPETES PVC;85;189,74;205,90;187,17;385,90;385,90;8;4;33;12;5;6;A;17/07/2026;31/07/2026;RDS002;A;148AH1;GM - Brasil;Não;Não;Ativo;1;ONIX NOVO SEDAN  - 2020 A 2020 
9;26307582;JOGO DE TAPETES;10;201,28;205,90;209,70;385,90;385,90;18;26;3;1;13;19;A;20/07/2026;27/07/2026;RDS002;A;147AB1;GM - Brasil;Não;Não;Ativo;1;ONIX NOVO HATCHES - 2020 A 2020
9;26309061;ALMA PARA-CHOQUE DIANTEIRO;17;248,79;248,18;248,79;673,00;673,00;10;6;8;4;7;5;A;31/07/2026;31/07/2026;JLL42;A;162ZA1;GM - Brasil;Não;Não;Ativo;1;
9;26309588;FAROL DIANTEIRO ESQUERDO;29;1.071,31;1.069,43;1.071,31;3.101,80;3.101,80;9;12;10;9;7;3;A;29/07/2026;27/07/2026;JLL38;A;BOX 13;GM - Brasil;Não;Não;Ativo;1;NN  26292467
9;26309589;FAROL DIANTEIRO DIREITO;18;1.072,14;1.069,43;1.072,14;3.101,80;3.101,80;8;11;5;8;8;4;A;29/07/2026;24/07/2026;JLL38;A;BOX 15;GM - Brasil;Não;Não;Ativo;1;
9;26309663;BATENTE DE BORRACHA;3;28,42;28,74;38,03;63,69;63,69;0;0;0;0;0;0;D;12/02/2026;26/01/2026;RA0241;D;110SC1;GM - Brasil;Não;Não;Ativo;1;
9;26311855;MOLDURA DA GUARNICAO;2;51,67;51,67;51,67;132,16;132,16;0;0;1;0;1;1;B;02/06/2026;22/05/2026;RA0582;B;161TB1;GM - Brasil;Não;Não;Ativo;1;
9;26311883;AMORTECEDOR DIANTEIRO DIREITO;4;469,11;469,11;469,11;929,07;929,07;0;1;0;2;1;0;A;04/07/2026;15/06/2026;COPA32;A;153AA1;GM - Brasil;Não;Não;Ativo;1;ONIX NOVO - 2020 A 2020
9;26311884;AMORTECEDOR DIANTEIRO ESQUERDO;2;469,11;672,89;593,03;929,07;929,07;1;0;1;1;1;1;B;07/05/2026;21/07/2026;ABRR54;B;155BB1;GM - Brasil;Não;Não;Ativo;1;ONIX - 2020 A 2020
9;26312031;JOGO PASTILHAS FREIO DIANTEIRO;48;390,74;528,80;530,47;990,92;990,92;24;25;19;18;24;16;A;13/07/2026;03/08/2026;COPA43;A;198PA;GM - Brasil;Não;Não;Ativo;1;ONIX NOVO - 2020 A 2020 ACDELCO PN 19527222
9;26312796;MÓDULO SENSOR AIRBAG;2;598,35;613,45;695,98;1.172,56;1.172,56;1;1;2;0;1;0;A;26/06/2026;21/07/2026;CVA150;A;106BC1;GM - Brasil;Sim;Sim;Ativo;1;
9;26313441;LANTERNA TRASEIRA ESQUERDA;1;347,84;347,84;347,84;1.008,86;1.008,86;1;1;0;1;0;0;B;29/07/2026;29/07/2026;JLL38;B;155SC1;GM - Brasil;Não;Não;Ativo;1;TRACKER 3 - 2021 A 2021
9;26313834;LANTERNA PARA-CHOQUE;4;39,68;39,73;39,68;75,93;75,93;9;5;5;5;5;3;A;31/07/2026;30/07/2026;RA0722;A;108XC1;GM - Brasil;Não;Não;Ativo;1;
9;26314094;REVESTIMENTO BANCO;2;1.296,79;1.298,09;1.296,79;2.963,90;2.963,90;0;0;0;0;1;1;C;07/07/2026;25/03/2026;RDS002;C;155RA1;GM - Brasil;Sim;Sim;Ativo;1;ONIX - 2020 A 2020
9;26314104;DEFLETOR VENTOINHA RADIADOR;18;137,78;187,40;183,89;432,98;432,98;4;4;7;7;7;1;A;02/07/2026;31/07/2026;COPA43;A;163JB1;GM - Brasil;Sim;Sim;Ativo;1;
9;26314737;SUPORTE COXIM;6;48,14;48,14;62,57;154,75;154,75;1;3;1;0;3;1;A;20/07/2026;31/07/2026;COPA38;A;113BC1;GM - Brasil;Não;Não;Ativo;1;
9;26314792;PARA-CHOQUE TRASEIRO INFERIOR;1;420,06;540,16;549,33;1.219,57;1.219,57;7;1;4;4;3;2;A;20/07/2026;28/07/2026;LOT11M;A;500DB1;GM - Brasil;Não;Não;Ativo;1;
9;26314874;BRACKET-ECM;1;121,85;121,85;121,85;711,10;207,59;0;0;0;0;0;0;D;20/09/2023;30/03/2023;ZZ0929 NATANAEL;D;110AD1;GM - Brasil;Sim;Sim;Ativo;1;
9;26314876;BLOCO FUSIVEL COMPARTIMENTO DO MOTOR;6;210,72;269,74;277,95;411,72;411,72;0;1;2;3;2;0;A;05/06/2026;17/06/2026;CVA10M;A;108RD2;GM - Brasil;Sim;Sim;Ativo;1;ONIX - 2021 A 2021
9;26314996;SUPORTE DE MONTAGEM;4;161,02;161,02;161,02;517,76;517,76;1;1;2;2;1;0;A;29/07/2026;23/07/2026;COPA47;A;112QJ1;GM - Brasil;Não;Não;Ativo;1;
9;26315581;SUPORTE DA CAIXA DE;2;50,56;67,81;67,81;162,54;162,54;0;1;0;1;0;0;C;05/05/2026;30/06/2026;ABRR45;C;112BC1;GM - Brasil;Não;Não;Ativo;1;
9;26316402;SUPORTE DA CAIXA DE;1;119,55;106,33;143,80;294,93;294,93;0;0;0;0;0;0;D;30/10/2024;25/03/2025;NF 617956;D;109AL2;GM - Brasil;Não;Não;Ativo;1;
9;26316676;AMORTECEDOR TRASEIRO;2;404,11;410,26;404,11;788,16;788,16;0;0;2;0;0;0;C;16/06/2026;28/05/2026;RA0667;C;112DA1;GM - Brasil;Não;Não;Ativo;1;
9;26316746;HASTE DA MACANETA PA;1;3,64;3,64;3,64;8,32;8,32;0;0;0;0;0;0;D;06/01/2026;23/12/2025;PFMY05;D;112AC1;GM - Brasil;Não;Não;Ativo;1;
9;26317278;SUPORTE MAÇANETA ESQUERDA;1;31,56;42,31;42,31;75,40;75,40;0;2;1;1;0;1;B;14/07/2026;26/06/2026;CVA170;B;113GH1;GM - Brasil;Sim;Sim;Ativo;1;ONIX - 2020 A 2021, TRACKER - 2021 A 2021
9;26317279;SUPORTE MAÇANETA;4;30,08;41,31;41,31;72,66;72,66;0;4;2;2;2;3;A;02/06/2026;02/07/2026;CVA03M;A;112CD1;GM - Brasil;Sim;Sim;Ativo;1;ONIX - 2020 A 2021, TRACKER - 2021 A 2021
9;26317280;DISPOSITIVO DE PLAST;4;14,85;15,59;14,85;38,40;38,40;0;0;2;1;2;1;A;13/07/2026;27/05/2026;CVA160;A;108BH1;GM - Brasil;Sim;Sim;Ativo;1;
9;26317899;SOMBREIRA PARA CARRO;10;157,47;156,98;209,89;300,00;300,00;1;2;4;3;3;4;A;02/07/2026;16/07/2026;CVA161;A;112RA1;GM - Brasil;Não;Não;Ativo;1;
9;26317901;SOMBREIRA PARA CARRO;2;164,76;164,76;220,88;314,88;314,88;3;3;1;1;3;2;A;28/07/2026;28/07/2026;RA0723;A;105DK1;GM - Brasil;Não;Não;Ativo;1;
9;26318201;LAMP,DAYTIME RUNNING;3;170,44;169,80;170,44;442,63;442,63;3;0;1;2;3;0;A;09/07/2026;30/07/2026;COPA43;A;151RB1;GM - Brasil;Não;Não;Ativo;1;
9;26318876;ESTRUTURA ASSENTO BANCO DIANT;1;734,81;648,02;734,81;1.603,40;1.603,40;0;1;0;0;0;0;C;30/07/2026;25/06/2026;ZZ0751;C;900DA;GM - Brasil;Sim;Sim;Ativo;1;
9;26319101;SOMBREIRA PARA CARRO;10;141,92;187,04;199,98;271,22;271,22;2;5;5;4;4;6;A;29/07/2026;31/07/2026;CVA16M;A;113GA1;GM - Brasil;Não;Não;Ativo;1;
9;26320493;COIFA DIANTEIRA ESQUERDA;2;19,63;17,92;19,63;50,40;50,40;0;0;2;0;0;3;B;27/03/2026;16/06/2026;NMA29;B;108AA2;GM - Brasil;Não;Não;Ativo;1;
9;26320660;MOLDURA DA GUARNICAO;1;65,10;65,10;65,10;146,18;146,18;0;0;0;0;0;0;D;18/05/2026;27/02/2025;DD0521;D;153QB1;GM - Brasil;Não;Não;Ativo;1;
9;26321339;TUBO DO CONDENSADOR;4;219,17;219,18;219,17;536,85;536,85;2;3;3;1;1;0;A;13/07/2026;24/07/2026;CVA162;A;113BD1;GM - Brasil;Sim;Sim;Ativo;1;
9;26321818;PAINEL DA COLUNA PAR;1;479,75;479,75;562,29;1.327,25;1.327,25;0;0;0;0;0;0;D;19/01/2026;15/12/2025;PFMY05;D;162TC1;GM - Brasil;Não;Não;Ativo;1;
9;26322183;PRISIONEIRO ARMAZENAMENTO MACACO;1;4,78;4,05;5,21;7,29;7,29;0;0;1;0;0;0;D;19/11/2025;28/05/2026;CVA55;D;111AH1;GM - Brasil;Sim;Sim;Ativo;1;
9;26322617;PLACA DA COBERTURA D;3;484,47;485,47;484,47;1.092,67;1.092,67;2;0;1;3;2;0;A;02/07/2026;28/07/2026;CVA162;A;156CC1;GM - Brasil;Não;Não;Ativo;1;
9;26322618;PLACA DA COBERTURA D;6;473,34;474,59;636,61;1.068,18;1.068,18;2;1;2;3;2;3;A;02/07/2026;27/07/2026;CVA162;A;700DA1;GM - Brasil;Não;Não;Ativo;1;
9;26322628;INSERTO DA GRADE DO;2;54,02;55,87;77,60;106,76;106,76;2;0;1;0;0;1;B;20/07/2026;28/07/2026;RA0721;B;107XG1;GM - Brasil;Não;Não;Ativo;1;
9;26323259;TRIM-R/CMPT FLR;4;336,02;336,02;336,02;754,50;754,50;0;0;1;1;2;3;A;02/06/2026;07/05/2026;CVA02M;A;162AA1;GM - Brasil;Não;Não;Ativo;1;
9;26323376;TAPETE DO PORTA MALAS;4;255,00;355,18;322,04;609,90;609,90;0;0;0;0;0;0;D;10/12/2025;04/10/2025;DSOG01;D;200AA1;GM - Brasil;Não;Não;Ativo;1;ONIX - 2020 A 2020, ONIX NOVO - 2020 A 2020
9;26324975;BOOT-FRT STRUT;10;34,07;34,96;44,15;93,55;93,55;10;2;6;5;6;0;A;20/07/2026;22/07/2026;COPA06;A;111AA2;GM - Brasil;Não;Não;Ativo;1;
9;26325237;MOLDURA RODA DIANTEIRA DIREITA;1;81,47;69,57;69,57;186,02;186,02;9;12;12;9;8;11;A;24/07/2026;24/07/2026;NF 1020769 CICAL;A;900DA;GM - Brasil;Não;Não;Ativo;1;
9;26326387;RODA DE LIGA DE ALUM;1;2.298,10;2.298,10;2.298,10;4.396,42;4.396,42;1;0;0;1;0;0;C;31/07/2026;13/07/2026;RA0724;C;RODAS;GM - Brasil;Não;Não;Ativo;1;
9;26328026;MOLDURA RODA TRASEIRA ESQ;9;43,20;42,62;43,20;124,28;124,28;3;3;2;4;2;2;A;31/07/2026;30/07/2026;JLL44;A;160KC1;GM - Brasil;Não;Não;Ativo;1;
9;26328027;MOLDURA RODA TRASEIRA DIREITA;6;42,62;42,62;42,62;124,28;124,28;4;2;5;3;3;7;A;31/07/2026;24/07/2026;JLL44;A;161AA1;GM - Brasil;Não;Não;Ativo;1;
9;26328318;ACABAMENTO DA PORTA;1;222,34;222,34;222,34;499,24;499,24;0;0;0;0;0;0;C;27/07/2026;;DD0745;C;900GA;GM - Brasil;Não;Não;Ativo;1;
9;26332158;CONDENSADOR AR CONDICIONADO;6;579,13;478,45;579,13;1.843,75;1.843,75;6;2;3;0;1;2;A;02/07/2026;27/07/2026;COPA43;A;152DB1;GM - Brasil;Sim;Sim;Ativo;1;
9;26332162;CONDENSADOR AR CONDICIONADO;1;965,71;828,14;828,14;2.442,21;2.442,21;4;2;0;2;3;3;A;02/07/2026;31/07/2026;CVA162;A;163CB1;GM - Brasil;Sim;Sim;Ativo;1;
9;26332705;PARA-CHOQUE DIANTEIRO;20;652,93;630,09;652,93;1.688,30;1.688,30;6;5;6;5;8;6;A;31/07/2026;27/07/2026;JLL40;A;210AA;GM - Brasil;Não;Não;Ativo;1;TRACKER 3 - 2021 A 2021
9;26332707;PARA-CHOQUE DIANTEIRO;28;1.121,50;1.117,46;1.121,50;2.890,93;2.890,93;11;15;13;9;5;7;A;31/07/2026;03/08/2026;JLL40;A;210AA;GM - Brasil;Não;Não;Ativo;1;TRACKER - 2021 A 2021
9;26333049;BATENTE AMORTECEDOR DIANTEIRO;34;114,05;142,46;167,17;305,02;305,02;50;29;21;21;40;45;A;24/07/2026;31/07/2026;COPA40;A;114BA;GM - Brasil;Não;Não;Ativo;1;AGILE - 2010 A 2014, CELTA - 2001 A 2016, CORSA A - 1994 A 2017, CORSA B - 2002 A 2012, KADETT - 1989 A 1998, OMEGA A - 1993 A 1998, PRISMA A - 2007 A 2012, TIGRA - 1998 A 2000, VECTRA A - 1994 A 1996
9;26335043;TRAVA TAMPA;3;200,18;200,20;200,18;381,75;381,75;6;3;1;2;3;2;A;30/07/2026;29/07/2026;RA0726;A;107AA1;GM - Brasil;Não;Não;Ativo;1;
9;26335577;INSERTO DA GRADE DO;2;49,93;49,77;49,93;92,27;92,27;0;0;1;1;1;1;B;02/06/2026;29/05/2026;CVA02M;B;107AC1;GM - Brasil;Não;Não;Ativo;1;
9;26335579;INSERTO DA GRADE DO;1;47,39;47,41;62,75;87,90;87,90;1;0;1;1;1;0;B;02/06/2026;28/07/2026;CVA02M;B;113GB1;GM - Brasil;Não;Não;Ativo;1;
9;26336067;AMORTECEDOR DA SUSPE;1;506,59;679,47;679,47;1.003,30;1.003,30;1;1;0;2;1;2;A;30/04/2026;13/07/2026;ABRR21;A;151CA1;GM - Brasil;Não;Não;Ativo;1;
9;26336068;AMORTECEDOR DA SUSPE;1;488,27;506,58;488,27;1.003,30;1.003,30;0;1;0;0;0;2;B;04/07/2026;05/06/2026;COPA32;B;159KB1;GM - Brasil;Não;Não;Ativo;1;
9;26336098;BOBINA AIRBAG VOLANTE DIREÇÃO;3;248,24;248,24;310,71;558,72;558,72;0;3;0;0;2;1;A;09/07/2026;25/06/2026;CVA170;A;106AH1;GM - Brasil;Não;Não;Ativo;1;
9;26337240;FORRO CAIXA RODA TRASEIRA;1;207,24;246,70;264,28;555,25;555,25;0;2;0;0;0;1;B;23/06/2026;23/06/2026;ZZ0619;B;PARABA10;GM - Brasil;Não;Não;Ativo;1;
9;26337241;FORRO CAIXA RODA TRASEIRA;2;209,70;209,70;209,70;555,25;555,25;2;2;0;1;0;2;A;30/07/2026;20/07/2026;JLL08;A;PARABA27;GM - Brasil;Não;Não;Ativo;1;
9;26337924;CALOTA RODA;1;80,22;80,22;104,26;220,16;220,16;0;0;0;1;1;0;C;07/05/2026;16/04/2026;ABRR50;C;160AC1;GM - Brasil;Não;Não;Ativo;1;
9;26338245;VENTILADOR DO RESFRI;1;801,73;801,73;801,73;1.988,41;1.988,41;0;0;0;0;0;0;D;20/07/2026;29/01/2026;DD0725;D;151CA1;GM - Brasil;Sim;Sim;Ativo;1;
9;26338247;RADIADOR;2;681,94;930,34;681,94;1.473,08;1.473,08;0;0;0;0;0;0;K;13/08/2024;16/12/2024;GIRO91;K;155RC1;GM - Brasil;Não;Não;Substituído;1;
9;26339800;BUZINA;1;99,68;100,03;133,15;225,14;225,14;4;2;1;4;3;1;A;08/07/2026;27/07/2026;CVA161;A;106AC1;GM - Brasil;Não;Não;Ativo;1;
9;26341675;PANEL ASM-AIR I;2;483,86;676,93;746,73;1.133,82;1.133,82;1;0;0;0;0;0;D;06/01/2026;29/07/2026;PFHY01;D;156BA1;GM - Brasil;Não;Não;Ativo;1;
9;26342625;JOGO DE FIOS COM CON;1;284,31;284,31;380,93;636,98;636,98;1;1;2;0;0;1;B;20/07/2026;09/07/2026;RA0719;B;112BG1;GM - Brasil;Não;Não;Ativo;1;
9;26343577;INTERRUPTOR LIMPADOR PARA-BRISA;1;73,19;73,19;73,19;169,15;169,15;1;0;1;0;0;0;C;08/07/2026;28/07/2026;RA0677;C;107SD1;GM - Brasil;Sim;Sim;Ativo;1;
9;26344204;CALOTA RODA;8;69,31;69,31;90,10;190,26;190,26;4;1;7;0;3;1;A;28/07/2026;28/07/2026;JLL23;A;160HA1;GM - Brasil;Não;Não;Ativo;1;
9;26344409;LANTERNA TRASEIRA DIREITA;2;537,67;504,02;504,02;1.559,49;1.559,49;0;0;2;2;0;0;B;16/06/2026;26/05/2026;COPA17;B;153QA1;GM - Brasil;Não;Não;Ativo;1;
9;26344543;STEP KIT,ASST;2;1.940,07;2.204,09;2.673,12;4.124,90;4.124,90;0;0;1;0;2;0;B;26/06/2026;14/05/2026;CPGM02;B;156AB1;GM - Brasil;Não;Não;Ativo;1;TRACKER - 2021 A 2021
9;26344868;PARA-LAMA DIANTEIRO ESQUERDO;2;292,15;287,41;421,67;756,53;756,53;28;27;24;16;25;15;A;23/07/2026;31/07/2026;NF TUDO;A;950AA1;GM - Brasil;Não;Não;Ativo;1;
9;26344869;PARA-LAMA DIANTEIRO DIREITO;45;285,43;283,02;370,26;756,53;756,53;20;16;19;13;18;19;A;28/07/2026;31/07/2026;COPA55;A;950AA1;GM - Brasil;Não;Não;Ativo;1;
9;26344869;PARA-LAMA DIANTEIRO DIREITO;45;285,43;283,02;370,26;756,53;756,53;20;16;19;13;18;19;A;28/07/2026;31/07/2026;COPA55;A;DEPOSIT BB;GM - Brasil;Não;Não;Ativo;1;
9;26345469;ESPELHO RETROVISOR EXT ESQUERDO;3;531,96;531,96;674,46;1.197,29;1.197,29;2;3;1;1;3;1;A;09/07/2026;08/07/2026;CVA162;A;154RB1;GM - Brasil;Não;Não;Ativo;1;
9;26345470;MIRROR,O/S RR VIEW (;1;384,29;357,37;384,29;1.086,95;1.086,95;1;0;1;1;0;1;B;16/06/2026;15/07/2026;COPA04;B;151AC1;GM - Brasil;Não;Não;Ativo;1;
9;26345475;MIRROR,O/S RR VIEW (;3;543,34;574,21;574,21;1.669,99;1.669,99;0;1;1;1;0;3;A;13/07/2026;15/06/2026;COPA47;A;155QC1;GM - Brasil;Não;Não;Ativo;1;
9;26345476;MIRROR,O/S RR VIEW (;8;549,06;736,51;766,36;1.669,99;1.669,99;1;1;4;1;0;2;A;13/07/2026;16/07/2026;COPA47;A;153BC1;GM - Brasil;Não;Não;Ativo;1;
9;26345528;SORTIDO COMPOSTO POR;15;776,82;766,80;776,82;2.326,71;2.326,71;13;8;4;14;7;7;A;28/07/2026;20/07/2026;JLL21;A;197BA;GM - Brasil;Não;Não;Ativo;1;
9;26345830;TAMPA CJ-CMPT/TR;33;755,60;752,58;984,00;2.011,72;2.011,72;15;13;8;11;10;17;A;31/07/2026;30/07/2026;JLL41;A;210BB;GM - Brasil;Não;Não;Ativo;1;
9;26345830;TAMPA CJ-CMPT/TR;33;755,60;752,58;984,00;2.011,72;2.011,72;15;13;8;11;10;17;A;31/07/2026;30/07/2026;JLL41;A;DEPOSITO C;GM - Brasil;Não;Não;Ativo;1;
9;26347605;PAINEL LATERAL EXTERNO LE;5;1.293,45;1.285,21;1.990,50;3.435,51;3.435,51;3;1;3;1;4;1;A;31/07/2026;31/07/2026;COPA28;A;DEPOSITO A;GM - Brasil;Não;Não;Ativo;1;
9;26347607;PAINEL LATERAL EXTERNO LD;2;1.960,38;1.750,95;2.524,71;4.480,36;4.480,36;2;0;1;3;1;3;A;20/07/2026;23/07/2026;CVA151;A;DEPOSITO A;GM - Brasil;Não;Não;Ativo;1;
9;26347612;PAINEL DO TETO;2;640,09;645,64;640,09;1.449,73;1.449,73;0;0;0;0;1;0;C;23/04/2026;06/04/2026;CVA133;C;600GA1;GM - Brasil;Não;Não;Ativo;1;
9;26347695;PARA-CHOQUE TRASEIRO;30;566,80;583,93;583,93;1.284,00;1.284,00;10;23;17;14;10;11;A;14/07/2026;30/07/2026;CVA162;A;500CA1;GM - Brasil;Não;Não;Ativo;1;
9;26348019;DISPOSITIVO DE PLAST;1;173,93;253,67;253,67;372,04;372,04;0;0;0;0;0;0;D;30/10/2025;05/12/2025;CVA46;D;112DG1;GM - Brasil;Sim;Sim;Ativo;1;
9;26348460;RADIADOR;10;595,69;587,16;796,73;1.694,26;1.694,26;2;2;4;4;5;2;A;08/07/2026;27/07/2026;COPA43;A;800CA1;GM - Brasil;Não;Não;Ativo;1;
9;26348773;BRACKET ASM-ENG;1;141,69;179,32;179,32;289,87;289,87;0;3;1;1;0;0;B;29/06/2026;30/06/2026;CVA151;B;110PK1;GM - Brasil;Sim;Sim;Ativo;1;
9;26348775;SENSOR NÍVEL COMBUSTÍVEL;4;432,05;596,07;432,05;1.000,96;1.000,96;4;2;6;3;3;2;A;02/07/2026;20/07/2026;CVA162;A;151RA1;GM - Brasil;Sim;Sim;Ativo;1;
9;26353842;DEFLETOR ÁGUA PORTA DIANTEIRA;4;46,20;50,52;50,52;106,25;106,25;3;4;2;3;2;3;A;08/07/2026;29/07/2026;CVA160;A;160PB1;GM - Brasil;Não;Não;Ativo;1;
9;26353843;DEFLETOR ÁGUA PORTA DIANTEIRA;4;59,50;80,54;80,25;134,90;134,90;3;4;2;4;0;3;A;13/07/2026;31/07/2026;CVA161;A;160SB1;GM - Brasil;Não;Não;Ativo;1;
9;26353980;ESPELHO RETROVISOR EXT ESQUERDO;2;638,22;856,11;816,81;1.436,47;1.436,47;0;1;1;0;0;1;B;26/06/2026;12/06/2026;CVA150;B;164RC1;GM - Brasil;Não;Não;Ativo;1;
9;26353981;ESPELHO RETROVISOR EXT DIREITO;1;529,37;710,09;710,09;1.407,29;1.407,29;0;0;0;0;2;0;C;07/05/2026;27/03/2026;ABRR56;C;153PB1;GM - Brasil;Não;Não;Ativo;1;
9;26353982;ESPELHO RETROVISOR EXT ESQUERDO;13;349,64;413,81;413,99;694,33;694,33;5;6;7;5;4;5;A;01/06/2026;03/08/2026;PDS02;A;153SA1;GM - Brasil;Não;Não;Ativo;1;
9;26355513;JOGO PROTETOR CÁRTER;111;206,64;234,97;313,36;605,90;605,90;28;43;23;11;20;19;A;14/07/2026;31/07/2026;RDS002;A;161PA1;GM - Brasil;Não;Não;Ativo;1;
9;26355513;JOGO PROTETOR CÁRTER;111;206,64;234,97;313,36;605,90;605,90;28;43;23;11;20;19;A;14/07/2026;31/07/2026;RDS002;A;161QA1;GM - Brasil;Não;Não;Ativo;1;
9;26355515;JOGO PROTETOR CÁRTER;84;207,19;275,78;291,83;605,90;605,90;11;18;23;19;16;5;A;28/07/2026;31/07/2026;RDS002;A;162PA1;GM - Brasil;Não;Não;Ativo;1;NOVA MONTANA 23/
9;26355939;PAINEL-EXT LAT;4;2.070,67;2.070,67;2.070,67;4.649,50;4.649,50;2;2;2;2;1;2;A;20/07/2026;21/07/2026;CVA150;A;DEPOSITO A;GM - Brasil;Não;Não;Ativo;1;
9;26355942;PAINEL EXTERIOR LATERAL;2;1.438,89;1.934,84;1.877,65;3.240,74;3.240,74;1;2;2;1;2;1;A;07/07/2026;30/07/2026;RA0674;A;DEPOSITO A;GM - Brasil;Não;Não;Ativo;1;
9;26356209;JOGO DE PASTILHAS DE;50;429,38;575,71;575,08;1.139,19;1.139,19;14;13;14;13;20;11;A;13/07/2026;30/07/2026;COPA43;A;111TH1;GM - Brasil;Não;Não;Ativo;1;
9;26357381;CARPETE DO PAINEL DO;4;738,51;715,59;715,59;1.446,75;1.446,75;2;1;2;1;4;4;A;02/07/2026;29/07/2026;CVA162;A;163AC1;GM - Brasil;Não;Não;Ativo;1;
9;26358198;ACABAMENTO TAMPA TRASEIRA;1;90,58;90,58;119,73;214,53;214,53;0;0;0;0;0;0;D;06/01/2026;28/11/2025;PFHY02;D;160CB1;GM - Brasil;Não;Não;Ativo;1;
9;26358943;BARRA DE IMPACTO DO;8;635,95;861,02;835,57;1.737,51;1.737,51;3;2;3;6;5;1;A;05/06/2026;29/07/2026;MAL50;A;162ZB1;GM - Brasil;Não;Não;Ativo;1;
9;26361986;VENTILADOR CJ-RESFDR;2;418,23;418,23;418,23;1.324,03;1.324,03;4;0;2;3;0;0;A;31/07/2026;24/07/2026;COPA43;A;151PC1;GM - Brasil;Sim;Sim;Ativo;1;
9;26362448;CHICOTE CJ-FIAC;4;377,35;377,35;491,35;845,43;845,43;0;1;0;1;1;2;B;26/06/2026;05/06/2026;CVA151;B;105QC1;GM - Brasil;Não;Não;Ativo;1;
9;26362449;CHICOTE CJ-FIAC;1;218,63;298,06;296,78;498,41;498,41;0;2;0;0;1;3;B;27/03/2026;10/06/2026;CVA120;B;107HD1;GM - Brasil;Não;Não;Ativo;1;
9;26363478;MOLDURA ABERTURA RODA TRASEIRA;8;56,27;55,18;56,27;160,89;160,89;4;1;4;4;1;2;A;31/07/2026;30/07/2026;JLL44;A;154RA1;GM - Brasil;Não;Não;Ativo;1;
9;26363479;MOLDURA ABERTURA RODA TRASEIRA;11;57,93;56,61;57,93;165,08;165,08;2;4;4;2;4;4;A;31/07/2026;31/07/2026;JLL44;A;159GB1;GM - Brasil;Não;Não;Ativo;1;
9;26364102;PARA-CHOQUE TRASEIRO;2;552,21;552,49;552,21;1.476,84;1.476,84;7;2;0;1;6;1;A;01/08/2026;31/07/2026;JLL40;A;CAIXA 11;GM - Brasil;Não;Não;Ativo;1;
9;26364103;TAMPA FAROL NEBLINA DIANT LE;4;44,05;44,13;58,23;99,33;99,33;7;4;2;5;8;4;A;02/07/2026;29/07/2026;CVA160;A;160KB1;GM - Brasil;Não;Não;Ativo;1;
9;26364104;TAMPA FAROL NEBLINA DIANT LD;6;45,16;60,99;60,99;102,34;102,34;8;5;2;3;5;4;A;02/07/2026;28/07/2026;CVA160;A;161HA1;GM - Brasil;Não;Não;Ativo;1;
9;26364105;TAMPA FAROL NEBLINA DIANT LE;6;65,26;62,68;83,86;147,63;147,63;5;7;5;3;5;3;A;29/07/2026;30/07/2026;CVA160;A;160LB1;GM - Brasil;Não;Não;Ativo;1;
9;26364106;TAMPA FAROL NEBLINA DIANT LD;13;59,75;59,76;76,85;134,51;134,51;6;6;9;7;6;0;A;16/07/2026;30/07/2026;CVA160;A;160ZC1;GM - Brasil;Não;Não;Ativo;1;
9;26364107;TAMPA FAROL NEBLINA DIANT LE;3;62,60;61,32;62,60;138,03;138,03;1;1;0;0;2;1;B;28/07/2026;22/06/2026;RA0677;B;109BQ1;GM - Brasil;Não;Não;Ativo;1;
9;26364108;TAMPA ABERTURA;2;63,14;55,74;80,12;142,09;142,09;0;1;1;1;1;0;B;02/06/2026;08/06/2026;RA0582;B;161TC1;GM - Brasil;Não;Não;Ativo;1;
9;26364110;TAMPA FAROL NEBLINA DIANT LE;4;64,53;64,54;83,87;145,25;145,25;3;1;4;2;2;3;A;29/06/2026;20/07/2026;CVA150;A;161SB1;GM - Brasil;Não;Não;Ativo;1;
9;26364112;TAMPA FAROL NEBLINA DIANT LD;5;55,86;56,28;72,95;126,66;126,66;3;4;3;4;3;7;A;13/07/2026;20/07/2026;CVA160;A;160RC1;GM - Brasil;Não;Não;Ativo;1;
9;26364807;ACABAMENTO INF VIDRO LATERAL TRAS;1;378,97;519,63;516,42;870,34;870,34;2;0;0;1;0;1;B;24/02/2026;31/07/2026;CVA92;B;900JB1;GM - Brasil;Não;Não;Ativo;1;
9;26364808;PAINEL DE ACABAMENTO;1;358,04;487,96;478,66;817,30;817,30;3;0;1;0;3;1;A;09/07/2026;31/07/2026;CVA04M;A;700BB1;GM - Brasil;Não;Não;Ativo;1;
9;26366574;PAINEL ACABAMENTO;2;282,43;288,99;282,43;648,89;648,89;2;1;2;1;1;1;A;02/07/2026;29/07/2026;CVA161;A;700GA1;GM - Brasil;Não;Não;Ativo;1;
9;26367235;SUPORTE-FAROL;1;28,13;28,13;28,13;64,12;64,12;0;0;0;0;0;0;D;06/01/2026;22/12/2025;PFMY05;D;110PG1;GM - Brasil;Não;Não;Ativo;1;
9;26371541;PIPE ASM-TRANS;4;420,79;421,91;565,61;806,29;806,29;2;1;1;2;1;3;A;13/07/2026;31/07/2026;CVA162;A;162RC1;GM - Brasil;Não;Não;Ativo;1;
9;26371815;MIRROR,O/S RR VIEW (;3;309,78;309,78;309,78;871,55;871,55;0;3;2;0;1;1;A;13/07/2026;02/07/2026;COPA47;A;163CC1;GM - Brasil;Não;Não;Ativo;1;
9;26373405;SAPATA FREIO KIT-FR;1;246,61;246,61;307,42;551,97;551,97;0;0;0;0;0;0;D;30/04/2024;11/07/2024;GIRO45;D;111DA1;GM - Brasil;Não;Não;Ativo;1;
9;26376132;MODULO KIT-BBA/COMB;1;906,21;906,21;1.464,16;2.749,75;2.749,75;1;0;1;1;0;0;B;02/06/2026;31/07/2026;MAL56;B;159GC1;GM - Brasil;Não;Não;Ativo;1;
9;26376135;MODULO KIT-BBA/COMB;2;1.000,48;1.348,97;1.308,35;2.259,45;2.259,45;1;0;0;2;1;1;A;26/05/2026;30/07/2026;RA0578;A;151QB1;GM - Brasil;Não;Não;Ativo;1;
9;26376458;MOTOR CJ-VNTDR ARREF;5;526,70;428,26;676,47;1.231,11;1.231,11;3;0;2;4;4;2;A;05/05/2026;31/07/2026;CVA138;A;151DC1;GM - Brasil;Sim;Sim;Ativo;1;
9;26376708;FECHADURA DE ACO DE;2;263,08;266,57;263,08;517,20;517,20;0;0;1;0;0;0;C;11/02/2026;28/05/2026;RA0241;C;108SB2;GM - Brasil;Não;Não;Substituído;1;
9;26376774;APARELHO ELETRICO (C;1;285,80;383,37;371,47;828,95;828,95;1;1;0;3;0;0;B;05/05/2026;28/07/2026;ABRR45;B;151CC1;GM - Brasil;Não;Não;Ativo;1;
9;26376775;APARELHO ELETRICO (C;2;285,80;285,80;285,80;828,95;828,95;1;1;2;1;0;0;B;09/07/2026;08/07/2026;COPA38;B;151RB1;GM - Brasil;Não;Não;Ativo;1;
9;26377851;DEFLECTOR ASM-R;1;54,92;32,60;54,92;54,48;54,48;0;0;0;0;0;0;D;23/07/2025;30/07/2025;DD0739;D;108AL1;GM - Brasil;Não;Não;Ativo;1;
9;26378379;GUIA PARA-CHOQUE TRASEIRO;12;132,52;130,07;130,07;310,65;310,65;2;7;2;9;2;10;A;05/06/2026;27/07/2026;CVA16M;A;161QB1;GM - Brasil;Não;Não;Ativo;1;
9;26378380;GUIA PARA-CHOQUE TRASEIRO;11;111,16;154,83;154,83;259,79;259,79;7;8;3;7;9;4;A;13/07/2026;31/07/2026;CVA161;A;161RA1;GM - Brasil;Não;Não;Ativo;1;ONIX - 2020 A 2020
9;26378393;CINTA TAMPÃO PORTA-MALAS;2;23,20;23,19;23,20;52,08;52,08;4;1;0;2;1;1;A;29/07/2026;16/07/2026;RA0722;A;107BB2;GM - Brasil;Não;Não;Ativo;1;
9;26378827;PAINEL DE INSTRUMENT;1;2.871,79;2.871,79;2.871,79;6.448,35;6.448,35;1;1;0;2;0;0;B;26/06/2026;28/07/2026;CVA151;B;156DC1;GM - Brasil;Não;Não;Ativo;1;
9;26380022;SHADE ASM-LUGG;3;471,02;471,02;648,28;1.060,13;1.060,13;3;2;0;2;2;2;A;29/07/2026;28/07/2026;RA0725;A;153DC1;GM - Brasil;Não;Não;Ativo;1;ONIX - 2020 A 2021
9;26380926;LANTERNA CJ-FR MONT;1;318,21;318,21;318,21;798,28;798,28;0;0;1;0;0;0;D;18/12/2025;21/05/2026;FARO33;D;111TG1;GM - Brasil;Não;Não;Ativo;1;
9;26384440;LATCH ASM-R/CMP;2;267,21;276,41;338,56;527,05;527,05;3;2;1;2;2;2;A;26/06/2026;14/07/2026;CVA150;A;110SJ2;GM - Brasil;Não;Não;Ativo;1;
9;26387491;DISCO DE FREIO DE VE;5;247,18;247,18;245,12;740,03;740,03;4;5;1;8;1;1;A;31/07/2026;11/07/2026;COPA12;A;152BA1;GM - Brasil;Não;Não;Ativo;1;
9;26388163;TRAVA PRIMÁRIA E SECUNDÁRIA CAPÔ;3;171,80;172,55;171,80;329,02;329,02;4;4;2;3;3;3;A;13/07/2026;22/07/2026;CVA170;A;110SG1;GM - Brasil;Não;Não;Ativo;1;
9;26389059;PLACA DA COBERTURA D;1;410,08;541,74;541,74;930,97;930,97;3;1;1;1;0;1;A;26/06/2026;29/07/2026;CVA150;A;156CC1;GM - Brasil;Não;Não;Ativo;1;
9;26389060;PLACA DA COBERTURA D;2;618,03;617,39;828,03;1.389,57;1.389,57;3;3;0;1;1;0;A;14/07/2026;29/07/2026;CVA170;A;200AB1;GM - Brasil;Não;Não;Ativo;1;
9;26389878;CAMERA ASM-RR V;5;1.320,87;1.319,62;1.762,78;2.750,97;2.750,97;0;2;2;1;0;1;A;02/07/2026;26/06/2026;RA0676;A;105BH1;GM - Brasil;Sim;Sim;Ativo;1;
9;26391093;PEDALEIRA ESPORTIVA ALUMÍNIO;2;168,70;236,09;226,21;434,90;434,90;0;1;0;0;0;0;C;16/07/2026;19/06/2026;TDOA01;C;112QH1;GM - Brasil;Não;Não;Ativo;1;NOVA MONTANA 23/
9;26393725;APARELHO ELETRICO (C;1;676,62;906,25;905,56;1.656,71;1.656,71;19;9;6;14;15;6;A;02/06/2026;31/07/2026;LOT05M;A;BOX 04;GM - Brasil;Não;Não;Ativo;1;
9;26393726;APARELHO ELETRICO (C;6;707,79;729,18;729,18;1.509,53;1.509,53;9;1;14;8;2;12;A;31/07/2026;31/07/2026;ZZ0726;A;BOX 11;GM - Brasil;Não;Não;Ativo;1;
9;26393728;APARELHO ELETRICO (C;3;1.384,07;1.724,51;1.891,42;3.416,62;3.416,62;0;1;2;3;4;0;A;16/06/2026;09/06/2026;LOT17M;A;152RC1;GM - Brasil;Não;Não;Ativo;1;
9;26393730;APARELHO ELETRICO (C;17;580,45;746,88;732,93;1.110,33;1.110,33;12;7;2;2;10;0;A;31/07/2026;30/07/2026;JLL52;A;154SB1;GM - Brasil;Não;Não;Ativo;1;
9;26393731;APARELHO ELETRICO (C;3;1.226,95;1.168,78;1.692,37;3.038,75;3.038,75;4;0;1;2;2;1;A;05/05/2026;30/07/2026;ABRR45;A;154AC1;GM - Brasil;Não;Não;Ativo;1;
9;26393732;APARELHO ELETRICO (C;3;1.230,77;2.127,93;1.768,97;3.038,75;3.038,75;1;1;0;3;3;0;A;25/05/2026;24/07/2026;MAL22;A;155CA1;GM - Brasil;Não;Não;Ativo;1;
9;26397840;DEFLECTOR ASM-R;1;43,42;52,33;52,33;96,95;96,95;1;0;1;0;0;0;C;09/07/2026;24/07/2026;ZZ0669;C;107BG1;GM - Brasil;Não;Não;Ativo;1;
9;26397842;DEFLECTOR ASM-R;1;50,24;67,56;68,63;115,24;115,24;0;0;1;0;0;0;D;06/01/2026;29/05/2026;PFHY03;D;160LB1;GM - Brasil;Não;Não;Ativo;1;
9;26397843;DEFLECTOR ASM-R;3;47,34;47,37;61,56;106,60;106,60;0;1;2;0;0;1;B;29/06/2026;30/06/2026;CVA150;B;113GH1;GM - Brasil;Não;Não;Ativo;1;
9;26397844;DEFLECTOR ASM-R;2;50,78;51,36;50,78;111,86;111,86;1;1;1;0;1;2;A;08/07/2026;29/07/2026;CVA160;A;161JA1;GM - Brasil;Não;Não;Ativo;1;
9;26397845;DEFLECTOR ASM-R;4;47,12;63,34;61,45;106,29;106,29;0;3;1;1;1;4;A;13/07/2026;26/06/2026;CVA150;A;113BH1;GM - Brasil;Não;Não;Ativo;1;
9;26398000;LAMP ASM-RR COM;12;328,77;386,50;328,77;740,37;740,37;5;2;0;8;7;7;A;31/07/2026;24/07/2026;JLL52;A;160BC1;GM - Brasil;Não;Não;Ativo;1;
9;26398003;LAMP ASM-RR COM;5;628,60;1.077,88;907,02;1.724,13;1.724,13;0;0;1;2;2;1;A;05/06/2026;05/05/2026;LOT17M;A;154SA1;GM - Brasil;Não;Não;Ativo;1;
9;26401106;EVAPORATOR KIT,A/C;2;506,12;521,99;613,92;1.062,38;1.062,38;0;0;0;0;0;0;D;08/10/2025;24/09/2025;RA0994;D;153BB1;GM - Brasil;Sim;Sim;Ativo;1;
9;26402127;SAPATA FREIO KIT-FR;1;563,32;563,32;686,16;1.010,23;1.010,23;0;0;0;0;0;0;D;27/10/2025;19/02/2026;DD1062;D;159BB1;GM - Brasil;Não;Não;Ativo;1;
9;26402377;CAMERA DE TELEVISAO;9;1.278,29;1.753,22;1.745,66;2.664,79;2.664,79;1;1;3;4;2;2;A;02/06/2026;10/07/2026;CVA03M;A;1SALA M3;GM - Brasil;Sim;Sim;Ativo;1;
9;26402605;GUARNIÇÃO LATERAL CAPÔ;4;41,12;41,54;53,25;91,11;91,11;1;3;3;1;1;2;A;13/07/2026;20/07/2026;CVA160;A;106CC1;GM - Brasil;Não;Não;Ativo;1;
9;26404242;WEATHERSTRIP AS;6;266,15;260,05;266,15;611,29;611,29;3;4;1;2;0;0;A;30/07/2026;31/07/2026;JLL10;A;110QC1;GM - Brasil;Não;Não;Ativo;1;
9;26404243;WEATHERSTRIP AS;8;223,42;223,42;223,42;525,20;525,20;3;3;2;4;1;4;A;30/07/2026;29/07/2026;JLL10;A;160TB1;GM - Brasil;Não;Não;Ativo;1;
9;26404262;MOLDING ASM-BOD;1;48,78;48,78;48,78;144,16;144,16;0;0;0;0;0;0;D;25/08/2025;02/12/2025;ZZ0831;D;105AB1;GM - Brasil;Não;Não;Ativo;1;
9;26405418;CONDENSADOR AR CONDICIONADO;3;695,89;697,51;855,78;2.217,82;2.217,82;3;7;5;5;4;1;A;02/07/2026;29/07/2026;COPA38;A;152BB1;GM - Brasil;Sim;Sim;Ativo;1;
9;26406188P;CAPOTA;1;533,11;533,11;533,11;;1.485,00;0;0;0;0;0;0;D;23/07/2025;30/05/2025;NF MEGA;D;156BC1;Outros;Não;Não;Ativo;2;"
"
9;26406219;TAPETE PACT-AUX ASS;1;1.060,12;1.422,25;1.422,25;1.837,90;1.837,90;0;0;0;0;0;0;D;16/12/2025;25/11/2025;ADEZ02;D;163QA1;GM - Brasil;Sim;Sim;Ativo;1;
9;26407474;BOLSA INFLAVEL DE SE;1;904,98;904,98;904,98;2.075,76;2.075,76;0;0;0;0;0;0;D;20/10/2025;;DD1032;D;155SC1;GM - Brasil;Não;Não;Substituído;1;
9;26410996;COMPRESSOR KIT-A/C;3;1.648,25;1.689,41;1.486,42;3.318,91;3.318,91;4;1;4;1;2;2;A;01/04/2026;23/07/2026;CVA119;A;163SA1;GM - Brasil;Sim;Sim;Ativo;1;
9;26414376;LONGARINA CJ-LAT SUP;1;120,69;124,95;120,69;291,36;291,36;0;0;0;0;0;0;D;04/06/2025;29/07/2025;CICAL COB.VENDA;D;162WB1;GM - Brasil;Não;Não;Ativo;1;
9;26414610;TUBO CJ-SAIDA ;3;507,66;477,79;643,54;1.141,34;1.141,34;0;1;2;1;0;0;B;31/07/2026;30/06/2026;JLL46;B;160BA1;GM - Brasil;Não;Não;Ativo;1;
9;26422644;APARELHO ELETRICO (C;2;417,61;397,97;417,61;1.154,26;1.154,26;1;1;0;1;2;3;A;31/07/2026;31/07/2026;JLL39;A;155DB1;GM - Brasil;Não;Não;Ativo;1;
9;26422645;APARELHO ELETRICO (C;5;407,43;397,97;541,89;1.154,26;1.154,26;3;2;2;1;2;2;A;29/07/2026;31/07/2026;JLL38;A;159HB1;GM - Brasil;Não;Não;Ativo;1;
9;26425083;DEFLETOR DO PARA-CHOQUE DIANTEIRO;106;113,70;108,77;108,74;256,21;256,21;59;47;49;54;59;49;A;13/07/2026;31/07/2026;CVA162;A;150PA1;GM - Brasil;Não;Não;Ativo;1;
9;26425595;PLACA DA COBERTURA D;1;522,25;522,25;762,54;1.196,02;1.196,02;0;0;0;0;0;1;C;11/02/2026;26/02/2026;DD0204;C;156AB1;GM - Brasil;Não;Não;Ativo;1;
9;26426097;HOSE ASM-CHRG A;1;460,13;460,13;460,13;1.408,85;1.408,85;0;0;2;1;0;0;B;31/07/2026;29/05/2026;JLL46;B;164TC1;GM - Brasil;Sim;Sim;Ativo;1;
9;26426099;MANGUEIRA AR SAÍDA CHARGE-COOLER;8;227,35;227,36;227,35;638,12;638,12;0;3;4;2;1;0;A;31/07/2026;19/06/2026;JLL46;A;154RA1;GM - Brasil;Não;Não;Ativo;1;
9;26426100;TUBO DO RESFRIADOR D;7;214,77;208,26;270,95;584,57;584,57;0;4;1;1;3;1;A;31/07/2026;01/07/2026;JLL46;A;161XB1;GM - Brasil;Não;Não;Ativo;1;
9;26426102;HOSE ASM-CHRG A;3;251,77;256,61;342,56;703,08;703,08;12;8;10;7;7;8;A;22/04/2026;01/08/2026;ABRR25;A;155BA1;GM - Brasil;Não;Não;Ativo;1;
9;26426643;DOOR ASM-F/TNK;1;35,01;35,01;35,01;87,26;87,26;0;0;0;0;0;0;D;06/01/2026;09/12/2025;PFMY05;D;108SH1;GM - Brasil;Não;Não;Ativo;1;
9;26431661;LAMP ASM-CARGO;4;34,33;35,74;47,79;89,73;89,73;5;4;1;1;4;0;A;30/06/2026;30/07/2026;COPA40;A;107PA1;GM - Brasil;Não;Não;Ativo;1;
9;26431662;Tapetes de Carpete;6;160,50;183,91;248,14;523,90;523,90;0;0;0;0;0;0;D;18/07/2025;16/05/2024;5TDFDH;D;148AS1;GM - Brasil;Sim;Sim;Ativo;1;NOVA MONTANA 23/
9;26433760;PALHETA CJ-LIMP P/B;2;67,71;67,71;93,90;230,70;230,70;0;0;1;0;1;2;B;31/03/2026;07/05/2026;NMA41;B;144WD1;GM - Brasil;Não;Não;Ativo;1;
9;26433764;PALHETA CJ-LIMP P/B;5;58,56;60,98;79,25;178,23;178,23;0;0;1;1;1;2;B;25/05/2026;07/05/2026;MAL28;B;144WB1;GM - Brasil;Não;Não;Ativo;1;
9;26436497;ANTENNA ASM-RDO;1;13,24;13,79;13,24;28,97;28,97;3;2;0;4;0;2;A;08/07/2026;31/07/2026;CVA160;A;108AH1;GM - Brasil;Sim;Sim;Ativo;1;
9;26439818;Revestimento Premium do Banco;1;1.439,75;1.439,75;1.439,75;3.175,90;3.175,90;0;0;2;0;0;0;C;15/05/2026;18/05/2026;NF99783 GALI;C;150SA1;GM - Brasil;Sim;Sim;Ativo;1;NOVA MONTANA 23/
9;26441631;SENSOR INDICADOR DE;2;110,30;144,84;151,01;233,98;233,98;6;10;6;6;7;8;A;11/06/2026;24/07/2026;CVA16M;A;106QJ1;GM - Brasil;Sim;Sim;Substituído;1;
9;26441632;SENSOR PRESS#O;4;96,96;97,43;130,55;205,66;205,66;1;1;0;3;0;3;A;02/06/2026;04/07/2026;PDS04;A;112DD1;GM - Brasil;Sim;Sim;Ativo;1;
9;26443990;FAROL NEBLINA DIANTEIRO EM LED;2;1.046,34;1.046,34;1.046,34;1.953,90;1.953,90;2;0;3;1;2;0;A;23/06/2026;07/07/2026;ALDS03;A;150QC1;GM - Brasil;Não;Não;Ativo;1;NOVA MONTANA 23/
9;26450344;Câmera de ré;1;463,84;623,07;623,07;1.100,84;1.100,84;0;1;0;1;0;0;C;20/02/2024;19/06/2026;;C;1SALA B4;GM - Brasil;Sim;Sim;Ativo;1;NOVA MONTANA 23/
9;26460103;APARELHO ELETRICO (C;7;1.668,17;1.624,23;1.668,17;4.710,96;4.710,96;2;1;1;3;2;4;A;29/07/2026;14/07/2026;JLL38;A;BOX 25;GM - Brasil;Não;Não;Ativo;1;
9;26460104;APARELHO ELETRICO (C;6;1.701,36;1.624,23;2.181,27;4.710,96;4.710,96;1;2;0;3;2;0;A;29/07/2026;13/07/2026;COPA43;A;BOX 05;GM - Brasil;Não;Não;Ativo;1;
9;26460105;APARELHO ELETRICO (C;9;2.657,50;2.561,08;3.463,86;7.428,22;7.428,22;1;3;4;2;1;2;A;28/07/2026;28/07/2026;COPA43;A;BOX 26;GM - Brasil;Não;Não;Ativo;1;
9;26460106;APARELHO ELETRICO (C;8;2.799,84;3.435,36;3.610,67;7.428,22;7.428,22;3;2;2;2;1;4;A;03/07/2026;28/07/2026;COPA40;A;BOX 03;GM - Brasil;Não;Não;Ativo;1;
9;26463985;MOLDING ASM-FRT;1;370,75;497,02;482,33;946,01;946,01;0;1;1;0;0;2;B;27/07/2026;11/06/2026;JLL24;B;900HB1;GM - Brasil;Não;Não;Ativo;1;
9;26463986;MOLDING ASM-FRT;2;378,58;378,58;492,52;966,00;966,00;2;0;2;1;1;1;A;26/06/2026;31/07/2026;COPA37;A;700BA1;GM - Brasil;Não;Não;Ativo;1;
9;26463989;MOLDING ASM-FRT;11;339,40;343,25;339,40;770,73;770,73;3;1;6;5;2;6;A;31/07/2026;28/07/2026;JLL44;A;163RC1;GM - Brasil;Não;Não;Ativo;1;
9;26463990;MOLDING ASM-FRT;8;274,91;278,59;274,91;625,54;625,54;4;2;3;5;5;3;A;31/07/2026;28/07/2026;JLL44;A;900DB1;GM - Brasil;Não;Não;Ativo;1;
9;26463991;MOLDING ASM-RR;5;253,19;253,19;253,19;740,08;740,08;0;3;1;0;3;2;A;31/07/2026;03/07/2026;JLL44;A;154CB1;GM - Brasil;Não;Não;Ativo;1;
9;26463992;MOLDING ASM-RR;2;368,22;335,54;368,22;978,48;978,48;1;1;0;0;3;1;B;31/07/2026;17/07/2026;JLL44;B;161QC1;GM - Brasil;Não;Não;Ativo;1;
9;26466251;MOLDURA-ABERT GRADE;1;321,22;430,62;430,62;613,86;613,86;2;0;2;0;0;3;A;31/07/2026;28/07/2026;RA0722;A;150SC1;GM - Brasil;Não;Não;Ativo;1;
9;26466252;MOLDURA-ABERT GRADE;4;326,07;437,81;437,81;624,11;624,11;1;1;2;2;1;1;A;03/07/2026;28/07/2026;RA0677;A;154AA1;GM - Brasil;Não;Não;Ativo;1;
9;26469233;CAPO CJ;8;822,27;1.118,17;1.081,38;2.152,73;2.152,73;5;0;2;4;4;5;A;02/06/2026;28/07/2026;LOT11M;A;199AB1;GM - Brasil;Não;Não;Ativo;1;
9;26469233;CAPO CJ;8;822,27;1.118,17;1.081,38;2.152,73;2.152,73;5;0;2;4;4;5;A;02/06/2026;28/07/2026;LOT11M;A;DEPOSITO B;GM - Brasil;Não;Não;Ativo;1;
9;26615311;SENSOR CJ-VEL RODA D;15;43,01;62,44;52,09;116,21;116,21;0;0;0;0;0;0;C;02/07/2026;;CVA11M;C;110PH1;GM - Brasil;Sim;Sim;Ativo;1;
9;26692820;JOGO MAÇANETA;1;142,34;142,34;142,34;145,11;145,11;0;0;0;0;0;0;D;13/12/2024;27/12/2025;DD1218;D;106DC1;GM - Brasil;Sim;Sim;Ativo;1;ONIX - 2020 A 2021, TRACKER - 2021 A 2021
9;26692821;JOGO MAÇANETA;4;58,66;80,85;78,65;141,08;141,08;0;2;3;2;1;3;A;29/05/2026;02/07/2026;CVA02M;A;109GG1;GM - Brasil;Sim;Sim;Ativo;1;
9;26692826;ISOLADOR DA MOLDURA;2;33,04;33,79;33,04;74,87;74,87;0;0;0;1;0;0;C;09/02/2026;13/04/2026;CVA77;C;105AH1;GM - Brasil;Não;Não;Ativo;1;
9;26693770;DUTO DE SAIDA DO FIL;1;332,66;317,14;332,66;713,80;713,80;5;3;1;1;0;0;A;28/07/2026;03/08/2026;RA0722;A;151CC1;GM - Brasil;Não;Não;Ativo;1;
9;26694130;BATENTE TRAVA;2;60,31;60,31;92,43;127,31;127,31;1;3;1;1;0;1;A;02/07/2026;17/07/2026;RA0676;A;110TD1;GM - Brasil;Sim;Sim;Ativo;1;ONIX NOVO - 2020 A 2021, PRISMA - 2021 A 2021
9;26698013;MANGA DE EIXO DE VEI;2;355,72;355,72;355,72;1.000,81;1.000,81;1;2;0;1;0;2;A;27/07/2026;24/07/2026;JLL16;A;151SB1;GM - Brasil;Não;Não;Ativo;1;
9;26698015;MANGA DE EIXO DE VEI;1;321,39;321,39;321,39;904,21;904,21;2;1;1;3;0;1;A;27/07/2026;31/07/2026;JLL16;A;154BC1;GM - Brasil;Não;Não;Ativo;1;
9;26698388;CUBO RODA DIANTEIRO;5;384,22;505,53;498,39;1.029,50;1.029,50;3;0;2;2;2;1;A;13/07/2026;24/07/2026;COPA43;A;113DH1;GM - Brasil;Não;Não;Ativo;1;
9;26699751;LANTERNA DIURNA DRL LED ESQ;23;315,23;427,68;414,10;787,03;787,03;2;4;8;3;8;9;A;09/07/2026;30/07/2026;COPA55;A;151BB1;GM - Brasil;Não;Não;Ativo;1;ONIX NOVO - 2020 A 2020
9;26699752;LANTERNA DIURNA;21;317,21;318,83;317,21;787,03;787,03;5;8;5;7;6;8;A;29/07/2026;30/07/2026;JLL38;A;BOX 14;GM - Brasil;Não;Não;Ativo;1;
9;26699753;LANTERNA PARA-CHOQUE LE;16;62,39;59,98;62,39;119,85;119,85;6;9;13;9;13;9;A;03/07/2026;31/07/2026;CVA161;A;106QH2;GM - Brasil;Não;Não;Ativo;1;ONIX - 2020 A 2020
9;26699754;LANTERNA REFLETORA PARA-CHOQUE;23;57,19;54,42;54,42;109,76;109,76;6;11;14;16;11;11;A;13/07/2026;31/07/2026;CVA161;A;109HL1;GM - Brasil;Não;Não;Ativo;1;ONIX - 2020 A 2020
9;26699755;LANTERNA PARA-CHOQUE LE;14;38,68;51,85;50,32;73,91;73,91;1;1;10;3;2;4;A;28/07/2026;29/07/2026;RA0579;A;109CD1;GM - Brasil;Não;Não;Ativo;1;
9;26699756;LANTERNA PARA-CHOQUE;14;38,44;47,45;50,54;73,47;73,47;2;3;7;7;4;2;A;08/07/2026;22/07/2026;CVA161;A;110AH1;GM - Brasil;Não;Não;Ativo;1;ONIX NOVO - 2020 A 2020
9;26699832;MOLDURA GUARNIÇÃO LE;2;3,53;3,83;3,53;8,59;8,59;2;1;0;0;0;1;B;16/07/2026;31/07/2026;RA0718;B;110QD2;GM - Brasil;Não;Não;Ativo;1;ONIX NOVO - 2020 A 2021
9;26699833;MOLDURA GUARNIÇÃO LD;2;2,99;3,10;2,99;6,97;6,97;2;2;1;1;0;0;A;16/07/2026;29/07/2026;RA0716;A;107BB2;GM - Brasil;Não;Não;Ativo;1;ONIX NOVO - 2020 A 2020
9;26699845;VEDAÇÃO VIDRO PORTA TRASEIRA;1;19,67;19,67;19,67;66,14;66,14;0;0;0;0;0;0;D;18/12/2025;27/12/2025;DD1255;D;106AP1;GM - Brasil;Não;Não;Ativo;1;
9;26699852;TIRA VEDAÇÃO LE;7;117,00;115,75;150,44;274,24;274,24;1;2;2;1;2;0;A;28/07/2026;31/07/2026;JLL10;A;700DA1;GM - Brasil;Não;Não;Ativo;1;ONIX NOVO - 2020 A 2020
9;26699853;TIRA VEDAÇÃO LD;3;116,10;116,10;150,91;275,07;275,07;0;0;2;1;1;1;B;28/07/2026;29/05/2026;JLL10;B;154CC1;GM - Brasil;Não;Não;Ativo;1;ONIX NOVO - 2020 A 2020
9;26699857;GUARNIÇÃO TRASEIRA;1;13,79;13,79;13,79;37,00;37,00;0;0;0;0;0;0;D;22/12/2025;;DD1265;D;110BC1;GM - Brasil;Não;Não;Ativo;1;
9;26699865;FITA TRASEIRA LE;4;32,34;32,67;32,34;80,47;80,47;9;8;6;3;3;6;A;31/07/2026;31/07/2026;RA0728;A;113CD1;GM - Brasil;Sim;Sim;Ativo;1;ONIX - 2020 A 2021
9;26699866;FITA TRASEIRA;2;30,82;26,64;41,40;76,67;76,67;8;5;6;3;3;3;A;26/06/2026;31/07/2026;CVA149;A;113CB1;GM - Brasil;Sim;Sim;Ativo;1;ONIX - 2020 A 2020
9;26699867;FITA DIANTEIRA;5;37,52;36,04;36,04;85,18;85,18;8;6;6;2;4;3;A;21/07/2026;31/07/2026;CVA170;A;113AH1;GM - Brasil;Não;Não;Ativo;1;ONIX NOVO - 2020 A 2020
9;26699868;FITA DIANTEIRA LD;12;31,52;42,40;40,86;80,84;80,84;2;4;5;2;4;3;A;26/06/2026;30/07/2026;COPA37;A;105AC2;GM - Brasil;Não;Não;Ativo;1;ONIX NOVO - 2020 A 2020
9;26700161;FITA ESTRUTURA LE;5;50,61;50,87;50,61;125,32;125,32;10;8;8;3;2;5;A;31/07/2026;31/07/2026;RA0728;A;112AD2;GM - Brasil;Sim;Sim;Ativo;1;ONIX NOVO - 2020 A 2020
9;26700162;FITA ESTRUTURA LD;4;52,92;42,68;67,69;125,28;125,28;5;3;6;1;1;2;A;26/06/2026;31/07/2026;CVA149;A;112RD1;GM - Brasil;Sim;Sim;Ativo;1;ONIX - 2020 A 2021
9;26700166;FITA TRASEIRA;2;4,96;6,82;6,91;13,95;13,95;0;1;3;2;0;3;A;27/07/2026;17/06/2026;JLL24;A;106QK1;GM - Brasil;Sim;Sim;Ativo;1;ONIX NOVO - 2020 A 2020
9;26700212;FITA TRASEIRA;13;21,39;20,93;29,70;58,99;58,99;4;3;5;2;3;3;A;13/07/2026;28/07/2026;COPA37;A;108SA1;GM - Brasil;Sim;Sim;Ativo;1;
9;26700213;FITA TRASEIRA;5;29,92;30,32;41,66;74,70;74,70;1;4;3;0;0;2;A;14/07/2026;29/07/2026;CVA160;A;106PA1;GM - Brasil;Sim;Sim;Ativo;1;ONIX - 2020 A 2021
9;26700666;TUBO DE VACUO DO SER;1;221,76;297,29;221,75;607,25;607,25;2;0;1;0;3;1;A;29/06/2026;21/07/2026;COPA31;A;112TC1;GM - Brasil;Não;Não;Ativo;1;
9;26700803;PAINEL DE ACABAMENTO;1;1,00;1,00;1,00;10,00;10,00;0;0;0;1;0;0;C;14/04/2026;27/04/2026;DD0418;C;111GH1;GM - Brasil;Não;Não;Ativo;1;
9;26700804;PAINEL DE ACABAMENTO;2;1,01;1,01;1,01;10,00;10,00;0;0;1;1;1;0;B;26/06/2026;28/05/2026;CVA150;B;112PD1;GM - Brasil;Não;Não;Ativo;1;
9;26700805;PAINEL DE ACABAMENTO;1;0,74;0,73;0,74;6,00;6,00;0;0;0;1;0;0;C;31/07/2026;27/04/2026;ZZ0750;C;106QD1;GM - Brasil;Não;Não;Ativo;1;
9;26700806;PAINEL SUPERIOR PORTA TRASEIRA;1;0,73;0,73;0,73;10,00;10,00;0;0;1;1;0;0;C;26/06/2026;28/05/2026;CVA151;C;111CG1;GM - Brasil;Não;Não;Ativo;1;
9;26700809;FITA ESTRUTURA;2;47,68;47,74;47,68;117,62;117,62;2;1;2;3;1;1;A;29/07/2026;30/07/2026;RA0724;A;112PD3;GM - Brasil;Sim;Sim;Ativo;1;
9;26700810;FITA ESTRUTURA;3;50,56;50,63;50,56;124,75;124,75;2;3;2;2;3;1;A;28/07/2026;20/07/2026;RA0721;A;112BH1;GM - Brasil;Sim;Sim;Ativo;1;
9;26700811;FITA TRASEIRA;2;30,43;33,53;36,71;82,60;82,60;3;1;2;3;1;1;A;30/07/2026;30/07/2026;ZZ0755;A;113AH1;GM - Brasil;Sim;Sim;Ativo;1;
9;26700813;FITA DIANTEIRA;3;25,72;25,80;34,03;72,72;72,72;1;0;1;2;2;1;A;26/06/2026;30/07/2026;COPA37;A;110RB1;GM - Brasil;Sim;Sim;Ativo;1;TRACKER 3 - 2021 A 2021
9;26700814;FITA DIANTEIRA;2;26,92;41,45;41,45;74,71;74,71;2;1;2;1;0;2;A;09/03/2026;31/07/2026;CVA104;A;112CD1;GM - Brasil;Sim;Sim;Ativo;1;
9;26700815;FITA VIDRO;2;35,12;28,40;28,40;84,95;84,95;2;0;2;2;2;1;A;26/06/2026;31/07/2026;CVA151;A;111AB1;GM - Brasil;Sim;Sim;Ativo;1;
9;26700816;FITA VIDRO;3;34,51;48,15;47,17;83,76;83,76;0;1;2;1;0;2;A;16/03/2026;08/06/2026;CVA104;A;113DD2;GM - Brasil;Sim;Sim;Ativo;1;
9;26700817;FITA TRASEIRA;6;24,39;33,56;33,24;68,73;68,73;1;0;3;2;1;2;A;26/06/2026;30/07/2026;COPA37;A;110PC1;GM - Brasil;Sim;Sim;Ativo;1;
9;26700818;FITA TRASEIRA;1;23,38;24,33;23,38;68,58;68,58;2;1;2;1;0;2;A;27/07/2026;31/07/2026;JLL24;A;113CC1;GM - Brasil;Sim;Sim;Ativo;1;
9;26700827;GUARNIÇÃO PORTA TRAS ESQ;1;295,44;287,86;295,44;676,66;676,66;0;0;0;2;1;0;B;31/07/2026;27/04/2026;JLL10;B;161GB1;GM - Brasil;Não;Não;Ativo;1;
9;26700828;GUARNIÇÃO PORTA LD;3;236,52;243,77;236,52;636,02;636,02;0;0;1;1;0;2;B;17/03/2026;28/05/2026;NMA05;B;108QD2;GM - Brasil;Não;Não;Ativo;1;
9;27101654;MOLDING,F/FDR CTR;1;46,37;62,79;62,79;108,23;108,23;0;0;0;0;0;0;D;15/01/2026;;PICPTV;D;110SB3;GM - Brasil;Sim;Sim;Ativo;1;
9;27103162;FASCIA PKG,FRT BPR;1;598,47;802,52;802,52;1.493,21;1.493,21;0;0;0;0;0;0;D;29/12/2025;;PICPTV;D;600AC1;GM - Brasil;Não;Não;Ativo;1;
9;27112735;LANTERNA CJ-IND/DIR;1;62,60;62,60;62,60;147,21;147,21;0;0;0;0;0;0;D;31/01/2026;;PISPK2;D;112SC1;GM - Brasil;Não;Não;Ativo;1;
9;27112736;LANTERNA CJ-IND/DIR;1;62,60;62,60;62,60;140,75;140,75;0;0;0;0;0;0;D;06/01/2026;;PISPK2;D;110BC1;GM - Brasil;Não;Não;Ativo;1;
9;27112739;REFLECTOR,RR BPR;1;18,27;18,27;18,27;43,06;43,06;0;0;0;0;0;0;D;06/01/2026;27/11/2025;PISPK2;D;110BC1;GM - Brasil;Não;Não;Ativo;1;
9;27112740;REFLECTOR,RR BPR;1;18,49;18,49;24,03;43,63;43,63;0;0;0;0;0;0;D;24/09/2025;;PISPK1;D;107RC1;GM - Brasil;Não;Não;Ativo;1;
9;27176560;FILTRO CJ-AR COMPT P;1;19,84;27,30;27,84;44,18;44,18;2;1;0;0;0;0;B;21/05/2026;16/07/2026;GER01;B;197AD;GM - Brasil;Sim;Sim;Ativo;1;
9;28289916;VÁLVULA SOLENÓIDE CÂNISTER;7;392,95;394,37;496,13;887,62;887,62;3;6;3;1;4;7;A;08/07/2026;30/07/2026;CVA162;A;105DC1;GM - Brasil;Não;Não;Ativo;1;
9;39026959;DEFLETOR AR RADIADOR;2;248,25;248,25;248,25;474,42;474,42;2;1;2;0;0;0;B;31/07/2026;28/07/2026;RA0728;B;160HB1;GM - Brasil;Não;Não;Ativo;1;CRUZE B - 2017 A 2019
9;39028878;CONTROLE AR CONDICION E AQUECEDOR;2;1.048,52;1.057,62;1.048,52;2.072,57;2.072,57;1;1;0;0;0;1;C;09/07/2026;08/06/2026;RA0674;C;111SG2;GM - Brasil;Sim;Sim;Ativo;1;CRUZE - 2016 A 2017, CRUZE - 2018 A 2019
9;39048550;PORTA DIANTEIRA ESQUERDA;4;1.935,79;1.948,61;2.546,04;3.919,88;3.919,88;2;2;0;1;2;0;A;31/07/2026;23/07/2026;JLL43;A;199AG1;GM - Brasil;Não;Não;Ativo;1;CRUZE - 2016 A 2017, CRUZE - 2018 A 2019
9;39048551;PORTA DIANTEIRA DIREITA;2;1.948,61;1.948,61;1.948,61;3.919,88;3.919,88;1;0;2;0;1;1;B;24/07/2026;15/07/2026;JLL06;B;199AG1;GM - Brasil;Não;Não;Ativo;1;CRUZE B - 2017 A 2019
9;39048551;PORTA DIANTEIRA DIREITA;2;1.948,61;1.948,61;1.948,61;3.919,88;3.919,88;1;0;2;0;1;1;B;24/07/2026;15/07/2026;JLL06;B;DEPOSITO C;GM - Brasil;Não;Não;Ativo;1;CRUZE B - 2017 A 2019
9;39067009;ABSORVEDOR ENERGIA DIANTEIRO;2;135,54;135,54;176,11;259,30;259,30;1;0;0;1;0;1;B;28/04/2026;24/07/2026;CVA133;B;162QA1;GM - Brasil;Não;Não;Ativo;1;CRUZE - 2017 A 2017, CRUZE - 2018 A 2019
9;39068025;SENSOR ESTACIONAMENTO TRASEIRO;1;215,49;325,48;315,70;464,38;464,38;0;0;0;0;0;1;C;17/03/2026;03/03/2026;RA0300;C;110PG1;GM - Brasil;Sim;Sim;Ativo;1;CRUZE - 2016 A 2017, CRUZE NOVO - 2018 A 2021
9;39077114;BATENTE AMORTECEDOR DIANTEIRO;9;45,83;61,77;63,11;147,43;147,43;2;0;0;0;0;0;D;02/12/2025;08/07/2026;COX58;D;113AB1;GM - Brasil;Não;Não;Ativo;1;
9;39090811;SENSOR PARA MEDICAO;1;33,58;33,58;33,58;92,82;92,82;0;0;0;0;0;0;D;21/01/2026;05/12/2025;RA1278;D;110QD1;GM - Brasil;Sim;Sim;Ativo;1;
9;39102793;PALHETA LIMPADOR;2;127,99;170,51;190,89;367,27;367,27;1;0;1;0;0;1;B;18/02/2026;13/07/2026;NFV34;B;144RG1;GM - Brasil;Não;Não;Ativo;1;
9;39102794;PALHETA LIMPADOR;8;127,01;170,88;165,21;317,87;317,87;1;0;1;0;0;1;B;18/02/2026;13/07/2026;NFV34;B;145SC1;GM - Brasil;Não;Não;Ativo;1;CRUZE B - 2017 A 2019
9;39103778;ALMA PARA-CHOQUE DIANTEIRO;1;1.090,06;1.090,06;1.090,06;2.394,44;2.394,44;1;1;1;0;0;3;A;31/07/2026;28/07/2026;JLL42;A;162WA1;GM - Brasil;Não;Não;Ativo;1;CRUZE B - 2017 A 2019
9;39103796;JOGO PASTILHAS FREIO DIANTEIRO;4;331,24;439,92;446,24;922,67;922,67;1;2;1;0;0;2;A;09/07/2026;14/07/2026;COPA55;A;198CC1;GM - Brasil;Não;Não;Ativo;1;CRUZE B - 2017 A 2019
9;39122801;DEFLETOR SUPERIOR RADIADOR;2;107,02;105,39;137,11;201,40;201,40;0;0;0;1;0;1;C;31/07/2026;07/04/2026;RA0722;C;160LA2;GM - Brasil;Não;Não;Ativo;1;
9;39123504;TAMPÃO DO ASSOALHO;2;7,58;10,17;10,17;14,50;14,50;0;0;0;0;0;0;C;05/06/2026;28/01/2026;RECAL3;C;112AB1;GM - Brasil;Não;Não;Ativo;1;CRUZE - 2019 A 2021
9;39126490;RESERVATÓRIO PARA-BRISA;2;88,04;88,80;88,04;187,44;187,44;1;1;0;1;0;0;B;16/07/2026;07/07/2026;RA0717;B;105RA1;GM - Brasil;Sim;Sim;Ativo;1;CRUZE - 2012 A 2019
9;39136804;PARA-CHOQUE DIANTEIRO;1;4.561,66;4.639,62;4.561,66;8.568,55;8.568,55;1;0;0;0;0;0;C;16/07/2026;20/07/2026;DD0653;C;GERAL;GM - Brasil;Não;Não;Ativo;1;CRUZE - 2017 A 2017, CRUZE - 2018 A 2019
9;39138069;ALETA RADIADOR;1;137,10;170,24;176,50;262,01;262,01;0;0;0;1;0;0;C;09/07/2026;15/04/2026;RA0683;C;161TB1;GM - Brasil;Não;Não;Ativo;1;
9;39162457;SUPORTE RADIADOR LD;3;50,68;51,04;50,68;103,82;103,82;3;2;2;3;3;2;A;05/06/2026;31/07/2026;CVA16M;A;109BA1;GM - Brasil;Sim;Sim;Ativo;1;CRUZE - 2018 A 2021
9;39229261;SOMBREIRA PARA CARRO;1;52,32;52,32;52,32;116,43;116,43;0;0;0;0;0;0;D;02/05/2025;;ZZ0452;D;113GH1;GM - Brasil;Não;Não;Ativo;1;
9;40009317;TUBO-RETN COMBU;4;459,85;459,85;598,25;1.464,67;1.464,67;0;2;2;0;2;1;A;29/07/2026;02/07/2026;JLL20;A;110AH1;GM - Brasil;Não;Não;Ativo;1;
9;40009375;COBERTURA DO COLETOR;1;274,05;274,05;274,05;719,34;719,34;0;0;0;0;0;0;D;10/09/2025;11/09/2025;DD0915;D;164RA1;GM - Brasil;Não;Não;Ativo;1;
9;40009423;SENSOR DE TEMPERATUR;1;360,85;348,12;360,85;729,93;729,93;0;0;0;1;0;0;C;29/07/2026;22/04/2026;ZZ0742;C;111DA1;GM - Brasil;Sim;Sim;Ativo;1;
9;40009577;COLETOR CJ-ADM;2;3.192,32;3.689,07;3.192,32;7.057,44;7.057,44;1;0;1;1;0;0;B;02/06/2026;14/07/2026;CVA04M;B;164QA1;GM - Brasil;Não;Não;Ativo;1;
9;42333357;MOLDURA GRADE DIANTEIRA;1;531,84;531,84;531,84;1.224,54;1.224,54;0;0;0;0;0;0;D;06/01/2026;19/12/2025;PFMY05;D;152AA1;GM - Brasil;Não;Não;Ativo;1;CRUZE - 2015 A 2016
9;42343937;REPARO ALAVANCA AUTOMATICA;11;113,03;113,20;113,03;209,85;209,85;3;2;3;3;10;5;A;02/06/2026;27/07/2026;CVA11M;A;107RH3;GM - Brasil;Não;Não;Ativo;1;TRACKER B - 2014 A 2019
9;42353809;EMBLEMA DA GRADE DIANTEIRA;3;443,25;450,86;443,25;945,35;945,35;3;0;2;3;2;2;A;30/07/2026;28/07/2026;CVA162;A;108RC1;GM - Brasil;Sim;Sim;Ativo;1;TRACKER 2 - 2017 A 2020
9;42359124;MOLDURA GRADE DIANTEIRA;1;1.147,12;1.274,76;1.147,12;2.436,14;2.436,14;1;0;0;0;0;1;C;22/06/2026;16/07/2026;DD0616;C;155AC1;GM - Brasil;Não;Não;Ativo;1;CRUZE A  - 2012 A 2016
9;42403110;FILTRO DE COMBUSTÍVEL;10;112,92;152,90;156,35;278,65;278,65;0;2;2;2;1;2;A;13/07/2026;02/07/2026;COPA46;A;105RG1;GM - Brasil;Não;Não;Ativo;1;TRACKER B - 2014 A 2019
9;42422779;RESERVATÓRIO ÁGUA DO RADIADOR;2;202,96;293,27;290,17;426,25;426,25;1;0;0;0;1;1;B;04/04/2026;27/07/2026;RA0313;B;153CA1;GM - Brasil;Não;Não;Ativo;1;TRACKER 2 - 2017 A 2020
9;42488474;GUIA PARA-CHOQUE DIANT ESQ;1;217,19;217,19;217,19;402,61;402,61;0;0;0;0;0;0;D;06/07/2026;07/07/2026;DD0655;D;110DH1;GM - Brasil;Não;Não;Ativo;1;TRACKER B - 2014 A 2019
9;42522058;DEFLETOR AR PARA-CHOQUE DIANTEIRO;2;197,88;201,42;197,88;452,27;452,27;1;1;1;0;0;1;B;13/07/2026;30/07/2026;RA0680;B;160XA1;GM - Brasil;Não;Não;Ativo;1;
9;42522220;LATCH ASM-HOOD;1;351,64;351,64;472,77;721,47;721,47;0;0;0;0;0;0;D;06/01/2026;19/12/2025;PFMY05;D;111AC3;GM - Brasil;Não;Não;Ativo;1;
9;42539740;MOLA BOTÃO ALAVANCA CÂMBIO AUT;3;7,39;7,39;7,39;15,29;15,29;0;0;0;1;2;1;B;24/03/2026;20/04/2026;CVA113;B;113AD1;GM - Brasil;Sim;Sim;Ativo;1;COBALT - 2013 A 2018, ONIX - 2014 A 2018, PRISMA - 2014 A 2018, SPIN - 2013 A 2021
9;42540162;PARA-CHOQUE DIANTEIRO;1;2.401,97;2.401,97;3.311,25;4.887,69;4.887,69;0;0;0;1;0;0;D;03/12/2025;29/04/2026;NOVE15;D;500DB1;GM - Brasil;Não;Não;Ativo;1;TRACKER B - 2014 A 2019
9;42550374;MOLDURA INF PARA-CHOQUE DIANT;2;2.198,12;2.100,46;2.100,46;4.200,71;4.200,71;2;1;2;0;1;0;A;16/07/2026;30/07/2026;RA0717;A;153RA1;GM - Brasil;Não;Não;Ativo;1;
9;42566753;JOGO PASTILHAS FREIO DIANTEIRO;5;513,01;712,90;721,10;1.298,09;1.298,09;0;0;0;0;0;0;D;03/10/2025;12/09/2025;BST36;D;107PL1;GM - Brasil;Não;Não;Ativo;1;TRACKER B - 2014 A 2019
9;42571881;MOLDURA DA GRADE DIANTEIRA;1;423,25;567,40;685,94;823,01;823,01;0;0;0;0;0;0;D;31/01/2026;28/11/2025;DD0160;D;152BB1;GM - Brasil;Não;Não;Ativo;1;
9;42576061;DEFLETOR DE AR DO RA;1;93,21;93,21;93,21;172,78;172,78;0;1;0;0;0;0;C;16/06/2026;22/06/2026;DD0602;C;106BA1;GM - Brasil;Não;Não;Ativo;1;
9;42607160;MACANETA DE PLASTICO;2;39,97;56,04;55,61;83,90;83,90;0;2;0;0;0;1;C;02/07/2026;19/06/2026;RA0677;C;107AC1;GM - Brasil;Sim;Sim;Ativo;1;
9;42609708;PLACA NOME LD;1;36,43;47,72;48,29;76,38;76,38;2;0;0;1;0;0;B;29/07/2026;31/07/2026;RA0724;B;113AC2;GM - Brasil;Sim;Sim;Ativo;1;
9;42629292;MOLDURA DA GRADE DIANTEIRA;2;996,42;1.335,79;1.309,29;1.904,20;1.904,20;1;3;0;0;2;0;A;14/07/2026;30/07/2026;CVA170;A;900DA;GM - Brasil;Não;Não;Ativo;1;
9;42666882;CAPÔ DO MOTOR;8;2.253,10;2.256,06;2.253,10;4.311,43;4.311,43;1;5;2;2;2;1;A;02/07/2026;13/07/2026;COPA26;A;DEPOSITO C;GM - Brasil;Não;Não;Ativo;1;CRUZE - 2017 A 2023
9;42666882;CAPÔ DO MOTOR;8;2.253,10;2.256,06;2.253,10;4.311,43;4.311,43;1;5;2;2;2;1;A;02/07/2026;13/07/2026;COPA26;A;950AA1;GM - Brasil;Não;Não;Ativo;1;CRUZE - 2017 A 2023
9;42679310;FAROL NEBLINA DIANTEIRO;5;243,44;420,10;423,28;596,94;596,94;1;3;0;1;1;0;B;03/07/2026;07/07/2026;COPA40;B;112CJ2;GM - Brasil;Não;Não;Ativo;1;CRUZE - 2020 A 2021
9;42679642;PARA-CHOQUE DIANTEIRO;2;5.481,92;5.481,92;7.092,06;12.471,69;12.471,69;0;1;1;0;1;0;B;16/06/2026;02/07/2026;LOT11M;B;500AC1;GM - Brasil;Não;Não;Ativo;1;CRUZE - 2020 A 2021
9;42679643;PARA-CHOQUE DIANTEIRO;3;5.544,69;5.544,69;5.544,69;10.596,17;10.596,17;1;0;3;0;0;0;B;31/07/2026;30/07/2026;RA0729;B;500AC1;GM - Brasil;Não;Não;Ativo;1;
9;42680775;FAROL DIANTEIRO ESQUERDO;1;2.186,54;2.184,46;2.186,54;5.463,76;5.463,76;0;3;0;1;1;0;B;02/07/2026;02/07/2026;COPA40;B;BOX 20;GM - Brasil;Não;Não;Ativo;1;CRUZE - 2018 A 2021
9;42680777;FAROL DIANTEIRO ESQUERDO;12;2.002,45;2.017,07;2.017,07;4.919,71;4.919,71;4;5;4;3;4;2;A;29/07/2026;28/07/2026;JLL38;A;BOX 18;GM - Brasil;Não;Não;Reativado;1;CRUZE - 2016 A 2017, CRUZE - 2018 A 2021
9;42680778;FAROL DIANTEIRO DIREITO;12;2.006,31;2.006,31;2.006,31;4.919,71;4.919,71;4;2;7;4;2;3;A;29/07/2026;28/07/2026;JLL38;A;BOX 21;GM - Brasil;Não;Não;Ativo;1;CRUZE - 2016 A 2017, CRUZE - 2018 A 2021
9;42695041;RESFRIADOR ADMISSÃO INTERCOOLER;1;2.679,32;2.701,71;3.368,05;5.163,08;5.163,08;2;1;1;1;0;2;A;26/06/2026;28/07/2026;CVA151;A;154PC1;GM - Brasil;Não;Não;Ativo;1;CRUZE - 2019 A 2021
9;42695042;RADIADOR;3;1.084,76;1.068,47;1.068,47;2.756,27;2.756,27;0;0;1;0;0;0;C;30/10/2025;08/05/2026;OTT29;C;155DB1;GM - Brasil;Não;Não;Ativo;1;CRUZE  - 2019 A 2021
9;42695043;CONDENSADOR AR CONDICIONADO;1;1.050,19;1.052,56;1.361,00;2.520,31;2.520,31;0;0;1;1;0;1;B;17/10/2025;13/05/2026;LTGY14;B;154PA1;GM - Brasil;Não;Não;Ativo;1;CRUZE - 2016 A 2017, CRUZE - 2018 A 2021
9;42705813;BRAÇO BARRA ESTABILIZADORA DIANT;1;53,48;71,69;69,58;160,58;160,58;2;1;0;0;2;1;A;07/05/2026;30/07/2026;ABRR47;A;107TJ1;GM - Brasil;Não;Não;Ativo;1;
9;42705814;LIGACAO CJ-EIXO ESTA;4;53,48;71,69;69,58;160,58;160,58;1;1;0;0;2;1;B;07/05/2026;25/07/2026;ABRR47;B;109GD1;GM - Brasil;Não;Não;Ativo;1;
9;42708377;PARA-LAMA DIANTEIRO ESQUERDO;4;906,85;890,89;906,85;2.026,82;2.026,82;1;3;0;0;1;0;B;29/07/2026;24/07/2026;COPA55;B;800AA1;GM - Brasil;Não;Não;Ativo;1;
9;42709518;PALHETA LIMPADOR TRASEIRO;12;45,91;63,06;59,83;113,47;113,47;2;3;0;7;1;4;A;01/04/2026;30/07/2026;NMA41;A;144QD1;GM - Brasil;Não;Não;Ativo;1;ONIX NOVO - 2020 A 2021
9;42709519;BRAÇO LIMPADOR VIDRO TRASEIRO;1;104,59;107,39;104,59;204,96;204,96;1;1;1;1;0;0;B;24/06/2026;29/07/2026;RA0673;B;112PG1;GM - Brasil;Não;Não;Ativo;1;ONIX NOVO - 2020 A 2021
9;42737706;LANTERNA CJ-NEBL DIA;1;300,23;300,23;300,23;573,00;573,00;1;0;0;0;4;0;B;14/07/2026;08/07/2026;CVA170;B;144QG1;GM - Brasil;Não;Não;Ativo;1;
9;42738853;CONTROLE TRANSMISSÃO AUTOMÁTICA;1;1.186,52;1.186,52;1.713,43;2.516,92;2.516,92;0;0;0;0;0;0;D;07/01/2026;10/12/2025;CICA02;D;155BC1;GM - Brasil;Não;Não;Ativo;1;
9;42742991;GRADE DIANTEIRA;2;1.432,76;1.321,22;1.321,22;2.695,14;2.695,14;0;0;0;0;0;0;D;28/11/2025;21/11/2025;RA1190;D;900JB1;GM - Brasil;Não;Não;Ativo;1;
9;42756025;ASSENTO MOLA CAPÔ;3;18,34;24,44;20,67;37,96;37,96;0;1;0;0;3;0;B;04/04/2026;24/06/2026;RA0313;B;105AH1;GM - Brasil;Sim;Sim;Ativo;1;
9;42796684;TUBO DO RESFRIADOR D;1;1.065,30;1.053,83;1.065,30;2.013,91;2.013,91;4;4;1;2;3;0;A;31/07/2026;31/07/2026;CVA150;A;161GA1;GM - Brasil;Não;Não;Ativo;1;
9;42797197;PROTETOR DE VISAO DO;2;217,79;217,79;217,79;490,17;490,17;1;0;1;0;4;1;B;14/07/2026;08/07/2026;CVA170;B;151CB1;GM - Brasil;Não;Não;Ativo;1;
9;42797199;VEDADOR DE BORRACHA;3;60,21;61,67;60,21;117,63;117,63;0;0;0;0;3;0;C;28/04/2026;31/03/2026;CVA133;C;108CD1;GM - Brasil;Não;Não;Ativo;1;
9;42798054;DEFLETOR DE AR DO RA;3;261,45;261,56;261,45;588,67;588,67;6;0;4;1;6;5;A;16/07/2026;31/07/2026;CVA150;A;161ZC1;GM - Brasil;Não;Não;Ativo;1;
9;42798055;DEFLETOR DE AR DO RA;2;126,95;126,95;179,01;285,74;285,74;1;0;2;0;1;2;A;02/06/2026;17/07/2026;PDS04;A;160RC1;GM - Brasil;Não;Não;Ativo;1;
9;42798056;DEFLETOR DE AR DO RA;1;71,84;71,84;71,84;161,69;161,69;1;1;0;0;1;1;B;29/06/2026;16/07/2026;CVA151;B;161SC1;GM - Brasil;Não;Não;Ativo;1;
9;42798057;DEFLETOR DE AR DO RA;2;71,13;71,84;93,38;161,69;161,69;1;1;1;0;2;3;A;30/07/2026;16/07/2026;CVA151;A;112BL1;GM - Brasil;Não;Não;Ativo;1;
9;42798675;MOLDURA-ABERT GRADE;2;1.904,76;1.904,76;1.904,76;3.640,08;3.640,08;0;2;1;0;0;0;B;29/07/2026;22/06/2026;RA0719;B;163BA1;GM - Brasil;Não;Não;Ativo;1;
9;42799954;TUBO DO RESFRIADOR D;1;625,98;625,98;914,00;1.161,62;1.161,62;0;0;0;0;2;2;B;02/06/2026;19/06/2026;CVA02M;B;160ZB1;GM - Brasil;Não;Não;Ativo;1;
9;42800933;GRADE DIANTEIRA;4;1.253,83;1.253,83;1.253,83;2.398,66;2.398,66;1;3;2;0;0;0;A;14/07/2026;31/07/2026;CVA170;A;155DA1;GM - Brasil;Não;Não;Ativo;1;
9;42801231;SUPORTE-LIC DIANT;2;94,61;126,07;126,81;238,30;238,30;2;1;0;1;5;4;A;25/04/2026;16/07/2026;CVA130;A;107QJ1;GM - Brasil;Sim;Sim;Ativo;1;
9;42801252;INSERTO DA GRADE DO;2;869,97;1.116,37;1.116,38;1.591,43;1.591,43;0;0;1;0;1;0;B;05/05/2026;26/05/2026;CVA138;B;153RC1;GM - Brasil;Não;Não;Ativo;1;
9;42801253;INSERTO DA GRADE DO;1;878,99;762,60;762,60;1.524,63;1.524,63;0;1;0;0;2;0;B;02/04/2026;26/06/2026;CVA129;B;155RA1;GM - Brasil;Não;Não;Ativo;1;
9;42801254;INSERTO APLICADO NA;2;88,89;88,89;88,89;169,87;169,87;0;0;2;0;1;1;B;02/06/2026;13/05/2026;CVA04M;B;112SJ1;GM - Brasil;Não;Não;Ativo;1;
9;42801264;INSERTO APLICADO NA;1;90,20;120,92;123,83;207,67;207,67;2;0;1;1;2;1;A;28/04/2026;17/07/2026;ABRR36;A;153PC1;GM - Brasil;Não;Não;Ativo;1;
9;42801265;INSERTO APLICADO NA;3;190,02;239,59;239,59;341,56;341,56;1;0;0;0;4;1;B;28/04/2026;16/07/2026;CVA130;B;700GA1;GM - Brasil;Não;Não;Ativo;1;
9;42801266;INSERTO DA GRADE DO;2;188,93;253,24;247,44;344,44;344,44;2;0;0;1;4;1;A;05/05/2026;17/07/2026;CVA138;A;153QC1;GM - Brasil;Não;Não;Ativo;1;
9;42801267;INSERTO APLICADO NA;2;93,13;93,13;93,13;214,44;214,44;0;0;0;0;2;0;C;28/04/2026;16/03/2026;ABRR36;C;154PB1;GM - Brasil;Não;Não;Ativo;1;
9;42801268;INSERTO DA GRADE DO;2;718,91;647,80;1.084,20;1.491,54;1.491,54;0;0;0;0;1;2;B;28/04/2026;16/03/2026;ABRR36;B;162AC1;GM - Brasil;Não;Não;Ativo;1;
9;42801273;MOLDURA-LNT NEBL DIA;2;147,07;147,07;147,07;331,01;331,01;1;2;0;0;5;0;A;08/07/2026;16/07/2026;CVA160;A;112BB1;GM - Brasil;Não;Não;Ativo;1;
9;42801282;PROTETOR DA COBERTUR;2;161,44;216,42;216,42;362,50;362,50;0;1;1;1;1;0;B;29/06/2026;30/06/2026;CVA151;B;111SD1;GM - Brasil;Não;Não;Ativo;1;
9;42807394;FORRO DA CAIXA DE RO;12;107,85;107,87;107,84;242,47;242,47;6;3;11;7;7;4;A;13/07/2026;27/07/2026;CVA161;A;PARABA26;GM - Brasil;Não;Não;Ativo;1;
9;42807587;PARA LAMA PARA CARRO;14;324,52;325,99;422,89;732,77;732,77;2;3;5;3;7;4;A;02/07/2026;16/07/2026;CVA16M;A;950AA1;GM - Brasil;Não;Não;Ativo;1;
9;42807588;PARA LAMA PARA CARRO;4;325,40;326,06;441,32;732,90;732,90;5;1;6;2;3;2;A;02/07/2026;31/07/2026;CVA11M;A;700AB1;GM - Brasil;Não;Não;Ativo;1;
9;42807594;SUPORTE DA TRAVA DO;6;76,90;77,12;98,31;173,54;173,54;2;3;1;2;4;3;A;08/07/2026;27/07/2026;CVA161;A;162TC1;GM - Brasil;Não;Não;Ativo;1;
9;42812214;SENSOR CJ-VEL RODA D;4;128,66;172,45;172,45;252,47;252,47;1;4;1;5;2;4;A;29/07/2026;06/07/2026;CVA138;A;112BC1;GM - Brasil;Sim;Sim;Ativo;1;
9;42816975;REFORCO DA GRADE DIA;6;109,69;110,08;109,69;247,42;247,42;0;2;2;2;3;1;A;13/07/2026;23/06/2026;CVA160;A;162RA1;GM - Brasil;Não;Não;Ativo;1;
9;42819198;PAINEL DA CAIXA DE R;1;591,13;591,13;749,81;1.581,82;1.581,82;2;0;0;3;2;1;A;11/05/2026;16/07/2026;ABRR54;A;163DA1;GM - Brasil;Não;Não;Ativo;1;
9;42819823;BATERIA CJ;2;605,37;605,37;805,34;1.538,95;1.538,95;1;1;1;0;2;0;A;24/07/2026;06/07/2026;CVA170;A;198CB1;GM - Brasil;Sim;Sim;Ativo;1;
9;42821906;PARA LAMA PARA CARRO;1;310,37;310,37;375,69;630,40;630,40;0;0;0;0;0;1;D;09/06/2025;26/02/2026;DD0606;D;700BB1;GM - Brasil;Não;Não;Ativo;1;
9;42822973;DEFLETOR-VENT RAD;1;245,44;329,22;326,51;608,71;608,71;0;0;0;0;2;0;C;05/05/2026;16/03/2026;CVA138;C;155RA1;GM - Brasil;Sim;Sim;Ativo;1;
9;52015095;ALMOFADA ASSENTO;2;152,97;162,81;152,97;403,80;403,80;0;0;0;0;0;0;D;18/06/2026;30/09/2025;RA0670;D;160JC1;GM - Brasil;Sim;Sim;Ativo;1;S10 NOVA CAB ESTEND S10 NOVA CAB DUPLA
9;52016150;BOTÃO ALAVANCA CONTROLE TRANSM AUT;2;245,32;247,60;245,32;555,97;555,97;0;1;0;1;2;0;B;16/06/2026;05/06/2026;RA0669;B;107AK1;GM - Brasil;Não;Não;Ativo;1;S-10 - 2012 A 2020, TRAIBLAZER - 2013 A 2021
9;52016651;CAIXA RESSONADOR SAIDA FILTRO DE AR;9;245,09;245,09;324,07;607,85;607,85;5;5;7;4;3;2;A;02/06/2026;30/07/2026;CVA03M;A;113QC;GM - Brasil;Sim;Sim;Ativo;1;COBALT - 2012 A 2020, SPIN - 2013 A 2020
9;52016718;LANTERNA PLACA;28;25,21;25,21;25,21;54,53;54,53;28;9;27;44;36;35;A;22/06/2026;03/08/2026;MAL23;A;110RJ3;GM - Brasil;Não;Não;Ativo;1;S10 B - 2012 A 2020
9;52016723;EMBLEMA DA GRADE DIANTEIRA;1;97,21;98,28;97,21;206,08;206,08;1;1;0;3;0;0;B;24/06/2026;29/07/2026;RA0674;B;108PG1;GM - Brasil;Sim;Sim;Ativo;1;CELTA - 2001 A 2016, PRISMA A - 2007 A 2012
9;52016909;DUTO ADMISSÃO AR DO MOTOR;6;214,56;210,33;214,56;473,40;473,40;3;8;3;3;3;2;A;31/07/2026;10/07/2026;CVA170;A;153RC1;GM - Brasil;Não;Não;Ativo;1;COBALT - 2012 A 2020
9;52017221;LAMEIRO TRASEIRO ESQUERDO;39;59,76;80,19;82,05;147,90;147,90;18;21;21;35;27;20;A;26/06/2026;29/07/2026;CPGM02;A;160GB2;GM - Brasil;Não;Não;Ativo;1;S10 B - 2012 A 2020
9;52017222;LAMEIRO TRASEIRO DIREITO;40;59,54;59,78;59,54;147,90;147,90;20;21;21;38;28;20;A;31/07/2026;29/07/2026;CPGM02;A;162WB1;GM - Brasil;Não;Não;Ativo;1;S10 B - 2012 A 2020
9;52018510;GUARNIÇÃO TAMPA;1;242,03;242,03;315,55;509,70;509,70;0;1;1;0;0;1;B;30/07/2026;18/06/2026;JLL10;B;150SC1;GM - Brasil;Não;Não;Ativo;1;COBALT - 2012 A 2020
9;52018704;ALÇA APOIO DIREITA TRASEIRA TETO;1;39,59;45,90;45,90;82,96;82,96;1;0;0;0;1;1;B;19/03/2026;17/07/2026;RA0304;B;107AL1;GM - Brasil;Sim;Sim;Ativo;1;COBALT - 2012 A 2020, ONIX - 2013 A 2019, PRISMA B - 2013 A 2019
9;52018705;ALÇA APOIO DIREITA TRASEIRA TETO;2;39,50;39,50;39,50;83,19;83,19;3;0;2;1;0;1;A;29/07/2026;17/07/2026;RA0724;A;112AJ1;GM - Brasil;Sim;Sim;Ativo;1;COBALT - 2012 A 2020, ONIX - 2013 A 2019, PRISMA B - 2013 A 2019
9;52019470;PARA-BARRO DA RODA DIANTEIRA LE;1;67,26;67,26;86,50;178,08;178,08;0;1;0;0;2;0;B;30/07/2026;23/06/2026;JLL08;B;160DC1;GM - Brasil;Não;Não;Ativo;1;SPIN - 2013 A 2020
9;52019504;RESERVATÓRIO ÁGUA DO RADIADOR;2;42,02;62,84;42,01;167,48;167,48;0;1;2;2;4;2;A;04/04/2026;27/06/2026;CVA129;A;111BC1;GM - Brasil;Não;Não;Ativo;1;CORSA A - 1994 A 2017
9;52021262;BUCHA BARRA ESTABILIZADORA;14;11,46;17,23;16,59;35,28;35,28;0;0;2;8;9;0;B;01/04/2026;12/05/2026;NMA38;B;105RB1;GM - Brasil;Não;Não;Ativo;1;ASTRA B - 1999 A 2011, CORSA B - 2002 A 2012, MERIVA - 2002 A 2012, MONTANA A - 2004 A 2011, VECTRA C - 2006 A 2011, ZAFIRA - 2001 A 2012
9;52023160;MOLDURA SUPERIOR CROMADA;8;415,83;557,46;567,53;957,43;957,43;1;6;3;1;1;2;A;13/07/2026;14/07/2026;COPA47;A;159DC1;GM - Brasil;Não;Não;Ativo;1;S10 B - 2012 A 2020, TRAILBLAZER - 2013 A 2020
9;52023161;MOLDURA COBERTURA;4;399,90;399,92;399,90;764,27;764,27;2;3;1;0;2;4;A;02/07/2026;27/07/2026;CVA162;A;155AB1;GM - Brasil;Não;Não;Ativo;1;S10 B - 2012 A 2020, TRAILBLAZER - 2013 A 2020
9;52023361;DECALQUE PORTA DIANTEIRA ESQ;1;130,90;130,90;130,90;334,90;334,90;0;0;0;0;0;0;D;02/02/2026;20/01/2026;DD0162;D;144WC1;GM - Brasil;Sim;Sim;Ativo;1;SPIN - 2015 A 2018
9;52024019;PARA-CHOQUE INFERIOR TRAS;3;582,66;596,44;582,66;1.356,93;1.356,93;0;0;0;1;0;0;C;05/06/2026;22/04/2026;LOT11M;C;154BC1;GM - Brasil;Não;Não;Ativo;1;TRAILBLAZER - 2013 A 2021
9;52026044;CONEXÃO T DA MANGUEIRA RADIADOR;4;46,60;64,36;64,17;115,98;115,98;5;1;4;1;6;1;A;02/06/2026;09/07/2026;PDS02;A;112QB1;GM - Brasil;Sim;Sim;Ativo;1;S-10 - 2014 A 2021, TRAIBLAZER - 2014 A 2021
9;52027598;TAMPA ACABAMENTO LE;1;5,29;5,29;5,29;13,09;13,09;0;0;0;0;0;0;D;09/03/2026;20/10/2016;DD0271;D;112TG1;GM - Brasil;Sim;Sim;Ativo;1;TRAILBLAZER
9;52027604;BICO DO LAVADOR VIDRO TRASEIRO;4;17,14;17,14;21,33;40,97;12,37;0;0;0;0;0;0;D;27/08/2025;30/09/2025;DD0859;D;107DC1;GM - Brasil;Sim;Sim;Ativo;1;SPIN - 2013 A 2020, TRAILBLAZER - 2013 A 2020
9;52027611;RODA ESTEPE ARO 15;1;460,72;460,72;460,72;1.034,50;1.034,50;0;1;0;0;0;0;C;25/06/2026;11/06/2026;RA0674;C;RODAS;GM - Brasil;Não;Não;Ativo;1;AGILE - 2010 A 2014, MONTANA NOVA - 2011 A 2017, ONIX - 2013 A 2016, PRISMA - 2013 A 2016
9;52027637;VIGA IMPACTO PARA-CHOQUE DIANTEIRO;4;316,46;324,83;324,83;696,79;696,79;0;0;0;1;0;2;B;07/05/2026;24/04/2026;ABRR56;B;162TA1;GM - Brasil;Não;Não;Ativo;1;COBALT - 2012 A 2020
9;52027911;GRADE DIANTEIRA INFERIOR;6;67,04;65,81;86,48;178,04;178,04;1;1;2;2;1;1;A;21/07/2026;24/07/2026;COPA55;A;163QB3;GM - Brasil;Não;Não;Ativo;1;COBALT - 2012 A 2020
9;52028401;MOLDURA PORTA;15;89,47;85,50;119,95;228,27;228,27;1;0;7;2;2;2;A;29/06/2026;28/07/2026;COPA37;A;162XC1;GM - Brasil;Não;Não;Ativo;1;S-10 - 2012 A 2021, TRAILBLAZER - 2013 A 2021
9;52028402;FRISO LATERAL PORTA DIANTEIRA ESQ;3;89,47;89,46;116,39;228,27;228,27;4;2;3;1;2;2;A;26/06/2026;28/07/2026;COPA29;A;800CA1;GM - Brasil;Não;Não;Ativo;1;S10 B - 2012 A 2020, TRAILBLAZER - 2013 A 2020
9;52028403;FRISO PORTA TRASEIRA DIREITA;8;94,72;94,72;123,23;241,68;241,68;2;0;5;2;1;3;A;16/07/2026;28/07/2026;COPA29;A;160RB1;GM - Brasil;Não;Não;Ativo;1;S-10 - 2012 A 2021
9;52028404;MOLDURA PORTA LE;2;94,39;94,72;122,50;241,68;241,68;2;0;3;0;2;2;A;04/04/2026;28/07/2026;NMA49;A;160JC2;GM - Brasil;Não;Não;Ativo;1;S-10 - 2012 A 2021
9;52028405;MOLDURA PORTA LD;1;74,40;74,40;74,40;189,83;189,83;0;0;0;1;0;0;C;01/04/2026;13/04/2026;DD0369;C;113GG1;GM - Brasil;Não;Não;Ativo;1;TRAILBLAZER - 2013 A 2020
9;52030248;ISOLANTE CAPÔ;5;238,48;243,92;256,87;589,68;589,68;1;0;0;0;2;1;B;28/03/2026;10/07/2026;CVA118;B;164TC1;GM - Brasil;Não;Não;Ativo;1;S10 B - 2012 A 2020, TRAILBLAZER - 2013 A 2020
9;52030692;TUBO SAÍDA;1;265,60;265,60;345,54;516,45;516,45;0;0;0;0;0;1;C;19/02/2026;06/02/2026;RA0244;C;110BD1;GM - Brasil;Não;Não;Ativo;1;COBALT - 2013 A 2020, ONIX - 2014 A 2019, PRISMA - 2014 A 2019, SPIN - 2013 A 2021
9;52030712;PAINEL TETO;2;202,69;202,69;202,69;455,13;455,13;1;1;1;0;0;0;B;20/07/2026;07/07/2026;RA0722;B;600GA1;GM - Brasil;Não;Não;Ativo;1;
9;52030881;MANGUEIRA SAÍDA RADIADOR;4;39,18;39,72;51,67;148,30;148,30;2;1;4;0;3;2;A;29/07/2026;30/07/2026;JLL20;A;112CD1;GM - Brasil;Não;Não;Ativo;1;AGILE - 2010 A 2014, CELTA - 2001 A 2016, CORSA A - 1994 A 2017, CORSA B - 2002 A 2012, MONTANA B - 2011 A 2020, PRISMA A - 2007 A 2012, TIGRA - 1998 A 2000
9;52031529;VEDADOR LD;1;87,82;87,82;87,82;188,12;188,12;0;0;0;0;0;0;D;17/11/2025;31/01/2026;DD1121;D;109HD2;GM - Brasil;Sim;Sim;Ativo;1;
9;52032817;EMBLEMA DA GRADE DIANTEIRA;2;120,10;113,81;156,34;238,64;238,64;0;1;1;1;0;0;B;16/06/2026;17/06/2026;RA0667;B;106RB1;GM - Brasil;Sim;Sim;Ativo;1;COBALT - 2012 A 2020
9;52032950;DISCO FREIO DIANTEIRO;1;247,50;267,04;454,21;664,76;664,76;0;0;0;0;0;1;D;31/10/2025;02/03/2026;OTT40;D;111CA1;GM - Brasil;Não;Não;Ativo;1;CORSA NOVO - 2003 A 2012, MERIVA - 2003 A 2012, MONTANA - 2004 A 2011, MONTANA NOVA - 2011 A 2020
9;52033870;AIRBAG VOLANTE DE DIREÇÃO;2;1.373,92;1.847,73;1.847,73;2.633,55;2.633,55;0;0;0;2;0;0;C;28/04/2026;16/04/2026;CVA133;C;151CC1;GM - Brasil;Não;Não;Ativo;1;S-10 - 2012 A 2021, TRAIBLAZER - 2013 A 2021
9;52033888;ABSORVEDOR ENERGIA DIANT DIR;1;1.253,16;1.253,16;1.253,16;2.966,22;2.966,22;0;0;0;0;0;0;D;26/05/2025;09/05/2018;XZZZA;D;162TC1;GM - Brasil;Não;Não;Ativo;1;
9;52034295;GUIA PARA-CHOQUE DIANT ESQ;3;19,68;19,74;19,68;36,60;36,60;1;1;2;1;1;0;A;08/07/2026;24/07/2026;CVA160;A;108PL1;GM - Brasil;Não;Não;Ativo;1;COBALT - 2012 A 2020
9;52034296;GUIA PARA-CHOQUE DIANT DIR;1;19,62;19,74;19,62;36,60;36,60;4;3;2;1;1;1;A;26/06/2026;24/07/2026;CVA150;A;109AG2;GM - Brasil;Não;Não;Ativo;1;COBALT - 2012 A 2020
9;52035294;PARA-BARRO DA RODA DIANTEIRA LE;2;71,89;69,72;69,72;203,11;203,11;0;1;1;0;0;1;B;05/06/2026;02/07/2026;LOT11M;B;161CA1;GM - Brasil;Não;Não;Ativo;1;SPIN - 2013 A 2020
9;52035453;RESERVATÓRIO ÁGUA DO RADIADOR;3;65,68;81,20;65,68;152,87;152,87;7;4;3;1;7;1;A;13/07/2026;30/07/2026;CVA161;A;111TD1;GM - Brasil;Não;Não;Ativo;1;
9;52036118;SAÍDA AR PAINEL INSTRUMENTO;1;110,39;110,39;110,39;257,15;257,15;0;0;0;0;0;0;D;02/02/2026;23/01/2026;RA0124;D;107HG1;GM - Brasil;Não;Não;Ativo;1;ONIX - 2013 A 2019, PRISMA B - 2013 A 2019
9;52036892;BATENTE AMORTECEDOR TRASEIRO;2;42,70;42,70;42,70;138,34;138,34;1;0;0;2;2;2;B;29/07/2026;10/07/2026;COPA40;B;107PG1;GM - Brasil;Não;Não;Ativo;1;COBALT - 2012 A 2020
9;52037199;PROTETOR ESTRIBO;2;22,21;22,06;22,21;51,18;51,18;1;0;0;1;1;0;B;16/07/2026;07/07/2026;RA0717;B;160XA1;GM - Brasil;Não;Não;Ativo;1;COBALT - 2012 A 2020, ONIX - 2013 A 2019, PRISMA B - 2013 A 2019
9;52037217;PARA-BARRO RODA DIANT DIR;2;54,31;48,75;48,75;143,83;143,83;1;2;0;0;4;0;A;31/03/2026;03/08/2026;NMA37;A;164RA1;GM - Brasil;Não;Não;Ativo;1;COBALT - 2012 A 2020
9;52037220;PARA-BARRO RODA DIANT ESQ;2;51,49;69,04;69,04;143,83;143,83;1;0;1;0;2;2;A;05/06/2026;22/07/2026;LOT11M;A;161RB1;GM - Brasil;Não;Não;Ativo;1;COBALT - 2012 A 2020
9;52037371;MANGUEIRA ENTRADA AR QUENTE;2;81,60;81,60;81,60;182,82;182,82;0;0;1;1;1;1;B;07/07/2026;29/05/2026;RA0670;B;161GB1;GM - Brasil;Não;Não;Ativo;1;CELTA - 2001 A 2016, PRISMA A - 2007 A 2012
9;52037594;GUIA PARA-CHOQUE DIANT DIR;8;50,63;50,63;50,63;113,95;113,95;3;2;6;1;5;0;A;02/07/2026;14/07/2026;RA0677;A;110AA1;GM - Brasil;Não;Não;Ativo;1;S10 B - 2012 A 2020, TRAILBLAZER - 2013 A 2020
9;52037595;GUIA PARA-CHOQUE DIANT ESQ;3;50,53;50,63;50,53;113,95;113,95;6;3;3;0;7;1;A;29/07/2026;23/07/2026;RA0725;A;107QK;GM - Brasil;Não;Não;Ativo;1;S10 B - 2012 A 2020, TRAILBLAZER - 2013 A 2020
9;52037800;MOLDURA CROMADA GRADE;8;377,62;360,84;360,84;869,46;869,46;2;5;1;2;1;2;A;13/07/2026;31/07/2026;COPA47;A;163BB1;GM - Brasil;Não;Não;Ativo;1;ONIX - 2013 A 2019, PRISMA B - 2013 A 2019
9;52038200;PROTETOR PAINEL LD;2;129,72;131,50;169,69;295,98;295,98;4;3;3;2;1;3;A;29/06/2026;29/07/2026;CVA151;A;160TA1;GM - Brasil;Não;Não;Ativo;1;ONIX - 2013 A 2019, PRISMA B - 2013 A 2019
9;52038401;ATUADOR TAMPA COMPARTIMENTO TRAS;1;43,88;42,72;59,35;128,38;128,38;0;0;0;0;0;1;D;14/07/2025;25/02/2026;RA0799;D;112AG1;GM - Brasil;Sim;Sim;Ativo;1;ONIX - 2013 A 2019, SPIN - 2015 A 2018
9;52038497;VEDADOR;1;65,02;65,02;65,02;123,57;123,57;0;1;0;0;0;0;C;29/07/2026;17/06/2026;DD0729;C;GERAL;GM - Brasil;Não;Não;Ativo;1;S10 B - 2012 A 2020, TRAILBLAZER - 2013 A 2020
9;52039979;ACABAMENTO PORTA DIANT L.E;1;739,38;1.095,36;1.095,36;3.218,54;3.218,54;0;0;0;0;0;0;K;;15/08/2023;;K;163JA1;GM - Brasil;Não;Não;Obsoleto;1;COBALT - 2013 A 2014
9;52041047;BATENTE AMORTECEDOR DIANTEIRO;13;36,94;36,94;48,06;119,67;119,67;2;2;5;3;6;4;A;20/07/2026;17/07/2026;COPA55;A;110AJ1;GM - Brasil;Não;Não;Ativo;1;ONIX - 2013 A 2019, PRISMA B - 2013 A 2019
9;52041099;GRADE DIANTEIRA;1;61,56;53,57;99,43;166,55;166,55;0;0;1;1;0;0;C;18/06/2026;25/05/2026;COPA01;C;112DA1;GM - Brasil;Não;Não;Ativo;1;COBALT - 2012 A 2020
9;52042044;JOGO DE TAPETE PVC;26;219,34;225,90;283,41;423,90;423,90;21;15;30;9;22;12;A;17/07/2026;31/07/2026;RDS002;A;148AR1;GM - Brasil;Não;Não;Ativo;1;S10 B - 2012 A 2020 PN 52189765
9;52042045;JOGO DE TAPETES GENUÍNO;2;171,59;157,95;171,59;423,90;423,90;0;1;3;4;0;4;A;15/05/2026;18/06/2026;NF TUDO;A;148AD1;GM - Brasil;Não;Não;Ativo;1;TRAILBLAZER - 2013 A 2021
9;52042048;JOGO DE TAPETES;19;196,47;211,90;196,47;389,90;389,90;7;6;9;4;6;8;A;17/07/2026;27/07/2026;RDS002;A;148AJ1;GM - Brasil;Não;Não;Ativo;1;SPIN - 2013 A 2020
9;52042049;JOGO DE TAPETES PVC;21;168,02;168,02;114,89;385,90;385,90;0;4;6;1;5;1;A;07/07/2026;16/06/2026;CPSO02;A;148AG1;GM - Brasil;Não;Não;Ativo;1;ONIX - 2013 A 2019, PRISMA B - 2013 A 2019
9;52042106;COXIM DO CAPO L.D;1;54,83;54,83;54,83;109,66;109,66;0;0;0;0;0;0;D;06/01/2026;23/12/2025;PFMY05;D;111DG1;GM - Brasil;Não;Não;Ativo;1;S10 B - 2012 A 2020, TRAILBLAZER - 2013 A 2020
9;52042563;CALOTA DA RODA;15;43,91;43,91;43,91;142,00;142,00;8;7;4;2;6;11;A;29/07/2026;30/07/2026;JLL23;A;160JA1;GM - Brasil;Não;Não;Ativo;1;ONIX - 2013 A 2019, PRISMA B - 2013 A 2019
9;52042749;SENSOR DE ESTACIONAMENTO;22;169,30;225,51;190,98;391,90;391,90;12;9;13;11;22;7;A;08/07/2026;31/07/2026;CVA162;A;108BG1;GM - Brasil;Sim;Sim;Ativo;1;COBALT - 2012 A 2020, ONIX - 2013 A 2019, PRISMA B - 2013 A 2019, S10 B - 2012 A 2020, TRAILBLAZER - 2013 A 2020
9;52043231;ABSORVEDOR ENERGIA TRASEIRO;2;242,40;243,59;242,40;659,01;659,01;1;0;1;1;1;1;B;31/07/2026;30/07/2026;JLL42;B;700DA1;GM - Brasil;Não;Não;Ativo;1;PRISMA B - 2013 A 2019
9;52046258;CAIXA DO FILTRO DE AR DO MOTOR;1;169,19;169,19;169,19;419,63;419,63;2;3;0;0;0;1;A;29/07/2026;29/07/2026;DD0623;A;159AC1;GM - Brasil;Sim;Sim;Ativo;1;S10 B - 2012 A 2020, TRAILBLAZER - 2013 A 2020
9;52046839;FORRO CAIXA RODA TRASEIRA DIR;1;41,93;41,93;54,52;111,05;111,05;0;1;1;0;1;0;B;30/07/2026;26/06/2026;JLL08;B;161PB1;GM - Brasil;Não;Não;Ativo;1;PRISMA B - 2013 A 2019
9;52047306;MOLDURA GRADE DIANTEIRA;13;475,55;454,42;454,42;1.094,94;1.094,94;1;6;1;2;1;5;A;13/07/2026;17/07/2026;COPA47;A;163CA1;GM - Brasil;Não;Não;Ativo;1;ONIX - 2013 A 2019, PRISMA B - 2013 A 2019
9;52047312;GRADE DIANTEIRA;5;82,07;110,09;108,75;222,58;222,58;5;5;2;1;0;4;A;13/07/2026;03/08/2026;COPA47;A;160GC1;GM - Brasil;Não;Não;Ativo;1;ONIX - 2013 A 2019, PRISMA B - 2013 A 2019
9;52047313;GRADE DIANTEIRA;10;56,74;55,94;75,13;151,36;151,36;3;2;2;3;5;4;A;09/07/2026;28/07/2026;COPA55;A;150SC1;GM - Brasil;Não;Não;Ativo;1;ONIX - 2013 A 2019, PRISMA B - 2013 A 2019
9;52048089;FRISO DO TETO LE ONIX 2016 2017 2018;3;59,48;64,44;59,48;145,05;145,05;0;1;3;0;0;1;B;26/06/2026;30/06/2026;RA0667;B;161BC1;GM - Brasil;Não;Não;Ativo;1;ONIX - 2013 A 2019
9;52048090;MOLDURA ACABAMENTO LD;5;66,06;67,59;66,06;152,13;152,13;0;0;2;0;1;2;A;26/06/2026;01/06/2026;RA0669;A;163WC1;GM - Brasil;Não;Não;Ativo;1;ONIX - 2013 A 2019
9;52048247;VEDADOR LD;11;12,36;13,10;17,02;29,46;29,46;3;7;1;7;13;4;A;02/07/2026;20/07/2026;CVA160;A;108PC2;GM - Brasil;Não;Não;Ativo;1;ONIX - 2013 A 2019, PRISMA B - 2013 A 2019
9;52048248;VEDADOR;5;12,56;17,56;17,02;29,46;29,46;3;9;2;8;5;5;A;02/06/2026;20/07/2026;PDS04;A;106PJ1;GM - Brasil;Não;Não;Ativo;1;ONIX - 2013 A 2019, PRISMA B - 2013 A 2019
9;52049414;GUIA PARA-CHOQUE TRASEIRO ESQ;3;35,58;35,76;46,51;66,27;66,27;3;0;0;3;3;0;A;20/07/2026;31/07/2026;CVA151;A;112QD1;GM - Brasil;Não;Não;Ativo;1;COBALT - 2012 A 2020
9;52049415;GUIA PARA-CHOQUE TRASEIRO DIR;1;35,22;34,68;35,22;66,27;66,27;3;1;0;3;0;0;A;29/07/2026;31/07/2026;RA0726;A;160TB1;GM - Brasil;Não;Não;Ativo;1;COBALT - 2012 A 2020
9;52049759;RESERVATÓRIO DIREÇÃO;2;135,26;135,26;135,26;259,10;259,10;1;1;1;1;1;1;A;13/07/2026;08/07/2026;CVA170;A;107AL1;GM - Brasil;Não;Não;Ativo;1;ONIX - 2013 A 2019, PRISMA B - 2013 A 2019
9;52051204;VEDADOR LE;31;12,98;13,05;12,98;29,38;29,38;1;8;14;12;13;22;A;02/07/2026;03/08/2026;CVA160;A;107DC1;GM - Brasil;Não;Não;Ativo;1;COBALT - 2012 A 2020
9;52051205;MOLDURA LATERAL PARA-BRISA LD;32;12,99;13,05;12,99;29,38;29,38;1;8;15;13;12;22;A;13/07/2026;03/08/2026;CVA160;A;112BG1;GM - Brasil;Não;Não;Ativo;1;COBALT - 2012 A 2020
9;52051214;PARA-LAMA DIANTEIRO ESQUERDO;1;506,77;497,35;647,04;1.329,48;1.329,48;1;1;0;0;1;1;B;03/07/2026;24/07/2026;COPA40;B;900BB1;GM - Brasil;Não;Não;Ativo;1;ONIX - 2013 A 2019, PRISMA B - 2013 A 2019
9;52051635;PARA-CHOQUE TRASEIRO;1;405,37;405,37;405,37;1.083,57;1.083,57;1;0;1;3;0;0;B;31/07/2026;08/07/2026;JLL40;B;400AA1;GM - Brasil;Não;Não;Ativo;1;COBALT - 2012 A 2020
9;52052155;BARRA DE AMARRACAO P;1;663,86;663,86;663,86;1.793,56;1.793,56;0;0;0;0;0;0;C;29/06/2026;;DD0634;C;162RB1;GM - Brasil;Não;Não;Ativo;1;
9;52052738;MOLDURA BANCO MOTORISTA LE S10 B 2012 2013 2014;2;127,52;125,57;127,52;310,71;310,71;0;1;2;0;0;0;B;28/07/2026;02/07/2026;RA0716;B;161GA1;GM - Brasil;Sim;Sim;Ativo;1;S10 B - 2012 A 2020, TRAILBLAZER - 2013 A 2020
9;52053554;MOLDURA ACABAMENTO LD;2;58,88;58,37;58,88;131,06;131,06;2;0;0;0;0;0;B;20/07/2026;30/07/2026;RA0721;B;161CC1;GM - Brasil;Não;Não;Ativo;1;PRISMA - 2013 A 2021
9;52053648;ALMA PARA-CHOQUE DIANTEIRO;1;414,87;383,31;383,31;968,57;968,57;2;4;2;2;3;1;A;06/06/2026;31/07/2026;MAL50;A;162ZA1;GM - Brasil;Não;Não;Ativo;1;ONIX - 2013 A 2019, PRISMA B - 2013 A 2019
9;52053753;FECHADURA DO CAPÔ;3;318,52;318,52;318,52;607,35;607,35;0;0;0;1;1;0;C;09/07/2026;10/04/2026;RA0682;C;110BK1;GM - Brasil;Não;Não;Ativo;1;ONIX - 2013 A 2019, PRISMA B - 2013 A 2019
9;52053805;BUCHA BARRA ESTABILIZADORA DIANT;2;25,40;25,44;25,41;81,97;81,97;28;4;0;18;12;4;A;13/07/2026;31/07/2026;COPA47;A;108DG1;GM - Brasil;Não;Não;Ativo;1;S10 B - 2012 A 2020
9;52053806;MOLDURA ACABAMENTO CHURRASQUEIRA;14;66,91;66,91;66,91;127,86;127,86;37;46;35;15;15;12;A;13/07/2026;03/08/2026;CVA170;A;106SC1;GM - Brasil;Não;Não;Ativo;1;S10 B - 2012 A 2020, TRAILBLAZER - 2013 A 2020
9;52053807;PAINEL GRADE LD;4;66,39;89,71;66,39;127,86;127,86;15;6;9;4;6;10;A;03/07/2026;03/08/2026;CVA161;A;107GB1;GM - Brasil;Não;Não;Ativo;1;S10 B - 2012 A 2020, TRAILBLAZER - 2013 A 2020
9;52054042;ALÇA DO TETO (PQP);4;97,73;97,73;124,13;337,90;337,90;1;5;4;1;3;4;A;08/07/2026;15/07/2026;CVA161;A;107XC1;GM - Brasil;Sim;Sim;Ativo;1;S10 B - 2012 A 2020, TRAILBLAZER - 2013 A 2020
9;52054243;EMBLEMA PORTA E TAMPA;25;30,92;41,18;39,03;77,44;77,44;4;16;11;9;7;8;A;08/07/2026;27/07/2026;CVA161;A;110QH1;GM - Brasil;Sim;Sim;Ativo;1;S10 B - 2012 A 2020
9;52055306;PARA-CHOQUE TRASEIRO;3;630,28;653,37;630,28;1.467,09;1.467,09;0;4;0;0;0;1;B;29/07/2026;29/06/2026;ZZ0741;B;500BC1;GM - Brasil;Não;Não;Ativo;1;ONIX - 2013 A 2019
9;52055376;GUARNIÇÃO TAMPA;1;443,36;677,48;595,31;961,85;961,85;0;0;0;0;0;1;C;18/03/2026;19/02/2026;NMA05;C;162HC1;GM - Brasil;Não;Não;Ativo;1;COBALT - 2012 A 2020
9;52055791;PARA-CHOQUE TRASEIRO;5;975,75;976,17;975,75;2.197,09;2.197,09;2;0;4;1;1;2;A;20/07/2026;03/08/2026;LOT11M;A;600BB1;GM - Brasil;Não;Não;Ativo;1;PRISMA B - 2013 A 2019
9;52056625;TUBO ENTRADA;13;55,09;52,47;71,74;123,90;123,90;5;4;5;9;7;13;A;08/07/2026;29/07/2026;CVA161;A;105BJ1;GM - Brasil;Não;Não;Ativo;1;ONIX - 2013 A 2019, PRISMA B - 2013 A 2019
9;52056627;FILTRO DO AR CONDICIONADO;12;15,33;22,28;21,72;48,95;48,95;1;1;6;3;0;4;A;13/07/2026;18/07/2026;COPA46;A;145WC1;GM - Brasil;Sim;Sim;Ativo;1;ASTRA A - 1995 A 1996, CALIBRA - 1994 A 1995, MONTANA B - 2011 A 2020, TIGRA - 1998 A 2000
9;52057329;MOLDURA PORTA LD;1;67,18;67,18;67,18;161,16;161,16;0;0;0;0;1;0;C;18/03/2026;01/04/2026;DD0334;C;112CL1;GM - Brasil;Sim;Sim;Ativo;1;COBALT - 2012 A 2020
9;52057353;MOLDURA PORTA;1;37,45;37,45;37,45;105,57;105,57;0;0;0;0;1;0;C;19/03/2026;01/04/2026;DD0334;C;153BB1;GM - Brasil;Sim;Sim;Ativo;1;COBALT - 2012 A 2020
9;52057724;RETENTOR ROLAMENTO;2;104,97;104,97;104,97;259,42;259,42;1;1;0;1;2;0;B;18/06/2026;09/07/2026;RA0672;B;106RA0;GM - Brasil;Sim;Sim;Ativo;1;S-10 - 2012 A 2021, TRAIBLAZER - 2013 A 2021
9;52057725;ARRUELA DIREITA EIXO TRASEIRO;2;138,91;138,91;138,91;295,84;295,84;0;1;0;0;0;0;C;10/06/2026;18/06/2026;CICAL THIAGO;C;GERAL;GM - Brasil;Sim;Sim;Ativo;1;S10 B - 2012 A 2020
9;52057793;ISOLADOR MOLA LD;9;46,22;46,09;59,87;122,96;122,96;6;2;6;3;2;5;A;13/07/2026;01/08/2026;COPA47;A;106QD1;GM - Brasil;Não;Não;Ativo;1;S10 B - 2012 A 2020, TRAILBLAZER - 2013 A 2020
9;52057875;BOBINA AIRBAG VOLANTE DIREÇÃO;2;270,50;272,84;270,50;520,26;520,26;1;2;0;1;1;0;B;20/07/2026;09/07/2026;RA0719;B;112QB1;GM - Brasil;Não;Não;Ativo;1;S-10 - 2012 A 2021, TRAILBLAZER - 2013 A 2021
9;52058045;MOLDURA GUARNIÇÃO PARA-BRISA;1;22,76;22,76;22,76;118,91;118,91;0;0;0;1;0;0;D;06/01/2026;16/04/2026;PFHY03;D;109BP1;GM - Brasil;Não;Não;Ativo;1;
9;52058050;MOLDURA;1;57,79;57,79;57,79;120,98;120,98;1;0;0;0;0;0;C;24/02/2026;11/07/2026;ZX1027;C;153CB1;GM - Brasil;Não;Não;Ativo;1;
9;52058207;PARA-CHOQUE DIANTEIRO;31;462,68;460,92;462,68;1.365,00;1.365,00;11;19;8;11;7;6;A;31/07/2026;31/07/2026;JLL02;A;CAIXA03;GM - Brasil;Não;Não;Ativo;1;ONIX - 2013 A 2019, PRISMA B - 2013 A 2019
9;52059021;GRADE DIANTEIRA;15;44,21;58,26;57,93;117,57;117,57;2;5;1;4;6;1;A;13/07/2026;17/07/2026;COPA47;A;160KA1;GM - Brasil;Não;Não;Ativo;1;ONIX - 2013 A 2019, PRISMA B - 2013 A 2019
9;52059023;GRADE DIANTEIRA;1;47,65;49,45;49,17;129,21;129,21;5;6;1;1;0;3;A;13/07/2026;03/08/2026;COPA47;A;160TA1;GM - Brasil;Não;Não;Ativo;1;ONIX - 2013 A 2019, PRISMA B - 2013 A 2019
9;52060331;TAMPA ABERTURA;1;327,63;390,66;462,73;871,57;871,57;0;0;0;0;0;1;C;16/03/2026;26/02/2026;RA0395;C;109CP1;GM - Brasil;Não;Não;Ativo;1;S-10 - 2012 A 2020, TRAIBLAZER - 2013 A 2021
9;52060351;MÓDULO BOMBA COMBUSTÍVEL;3;998,61;998,61;998,61;3.033,30;3.033,30;1;0;2;0;0;3;A;28/07/2026;08/07/2026;JLL21;A;152DA1;GM - Brasil;Não;Não;Ativo;1;S-10 - 2014 A 2020
9;52062131;PARA-CHOQUE DIANTEIRO;3;536,64;503,76;503,76;1.434,36;1.434,36;3;2;4;2;2;2;A;20/07/2026;03/08/2026;LOT11M;A;600DA1;GM - Brasil;Não;Não;Ativo;1;COBALT - 2012 A 2020
9;52063073;PARA-SOL LE;1;177,90;238,49;237,47;339,97;339,97;2;2;2;3;1;1;A;05/06/2026;31/07/2026;CVA11M;A;108TK1;GM - Brasil;Não;Não;Ativo;1;COBALT - 2012 A 2020, ONIX - 2013 A 2019, PRISMA B - 2013 A 2019
9;52064520;PARA-CHOQUE TRASEIRO;1;438,41;438,41;438,41;1.295,93;1.295,93;0;0;1;0;0;0;D;28/03/2026;02/06/2026;DD0372;D;500BC1;GM - Brasil;Não;Não;Ativo;1;SPIN - 2013 A 2013
9;52066552;COXIM SUPERIOR AMORTECEDOR DIANTEIRO;1;123,13;161,44;164,55;398,48;398,48;10;6;6;3;5;3;A;13/07/2026;01/08/2026;COPA47;A;112AA1;GM - Brasil;Não;Não;Ativo;1;S10 B - 2012 A 2020, TRAILBLAZER - 2013 A 2020
9;52066553;CALCO SUPERIOR MOLA S10 B 2015 2016 2017;7;37,32;37,32;48,54;120,91;120,91;8;1;6;3;2;5;A;13/07/2026;01/08/2026;COPA47;A;106RH1;GM - Brasil;Não;Não;Ativo;1;S10 B - 2012 A 2020
9;52066754;DOBRADIÇA TAMPA TRASEIRA ESQ;9;65,80;49,43;49,43;139,77;139,77;0;2;2;3;4;3;A;29/06/2026;16/06/2026;CVA149;A;105RJ1;GM - Brasil;Sim;Sim;Ativo;1;PRISMA B - 2013 A 2019
9;52066755;DOBRADIÇA TAMPA TRASEIRA DIR;8;66,21;58,36;58,36;139,77;139,77;0;3;2;2;3;3;A;01/07/2026;16/06/2026;DD0646;A;107XC1;GM - Brasil;Sim;Sim;Ativo;1;PRISMA B - 2013 A 2019
9;52067494;PARA-CHOQUE DIANTEIRO;2;1.734,95;1.734,95;1.734,95;3.960,40;3.960,40;0;0;0;0;0;0;D;23/06/2025;08/07/2025;ZZ0641;D;500AA1;GM - Brasil;Não;Não;Ativo;1;TRAILBLAZER - 2013 A 2020
9;52068151;FAROL DIANTEIRO DIREITO;6;1.438,03;1.926,45;1.926,45;4.119,24;4.119,24;0;0;0;0;0;1;D;12/08/2025;11/02/2026;ATG02;D;200CA;GM - Brasil;Não;Não;Ativo;1;AGILE - 2010 A 2014
9;52068673;DEGRAL CENTRAL PARACHOQUE TRASEIRO;5;239,10;239,19;310,82;538,36;538,36;5;5;2;3;4;4;A;09/07/2026;23/07/2026;CVA162;A;900AB;GM - Brasil;Não;Não;Ativo;1;S10 B - 2012 A 2020
9;52068675;MOLDURA PARA-CHOQUE TRASEIRO;16;271,70;259,35;356,59;611,52;611,52;5;5;5;3;10;7;A;03/07/2026;31/07/2026;CVA162;A;700GB1;GM - Brasil;Não;Não;Ativo;1;S10 B - 2012 A 2020
9;52068735;DECALQUE PORTA TRASEIRA DIR;1;42,21;42,21;56,15;114,93;114,93;0;0;0;0;0;0;D;06/01/2026;09/12/2025;PFMY05;D;105CH1;GM - Brasil;Sim;Sim;Ativo;1;ONIX - 2015 A 2016
9;52072108;RECIPIENTE E DESIDRATADOR;1;96,22;96,22;96,22;238,64;238,64;0;0;0;1;1;0;C;18/05/2026;30/04/2026;RA0567;C;112PD1;GM - Brasil;Sim;Sim;Ativo;1;
9;52072621;PARA-BARRO DA RODA DIANTEIRA LD;6;64,09;81,72;64,09;178,08;178,08;0;1;1;0;1;0;B;05/06/2026;08/06/2026;LOT11M;B;163CB1;GM - Brasil;Não;Não;Ativo;1;COBALT - 2012 A 2020
9;52073044;MANGUEIRA AR;4;282,39;291,25;282,39;555,36;555,36;0;1;1;2;0;2;A;13/07/2026;08/06/2026;CVA161;A;160SB1;GM - Brasil;Não;Não;Ativo;1;S10 B - 2012 A 2020, TRAILBLAZER - 2013 A 2020
9;52073386;DEFLETOR AR RADIADOR DIR;13;32,90;44,21;43,91;74,19;74,19;1;4;8;4;2;2;A;05/06/2026;29/07/2026;CVA10M;A;161DB1;GM - Brasil;Não;Não;Ativo;1;S10 B - 2012 A 2020, TRAILBLAZER - 2013 A 2020
9;52073387;DEFLETOR AR RADIADOR ESQ;12;32,94;44,21;43,83;74,19;74,19;1;3;9;5;1;1;A;05/06/2026;29/07/2026;CVA10M;A;163DC1;GM - Brasil;Não;Não;Ativo;1;S10 B - 2012 A 2020, TRAILBLAZER - 2013 A 2020
9;52073390;DEFLETOR AR RADIADOR DIR;6;41,14;41,14;53,47;92,59;92,59;3;4;5;3;0;1;A;14/07/2026;27/07/2026;CVA170;A;161RB1;GM - Brasil;Não;Não;Ativo;1;S10 B - 2012 A 2020, TRAILBLAZER - 2013 A 2020
9;52073582;LUZ FREIO BRAKE LIGHT;71;101,92;101,92;101,92;295,61;295,61;15;45;14;9;11;7;A;29/07/2026;31/07/2026;JLL38;A;107TL2;GM - Brasil;Não;Não;Ativo;1;PRISMA B - 2013 A 2019
9;52073801;ISOLADOR DO CAPÔ;3;306,36;411,99;404,97;741,58;741,58;0;0;1;0;2;2;B;28/04/2026;21/05/2026;CVA130;B;900CA1;GM - Brasil;Não;Não;Ativo;1;S10 B - 2012 A 2020, TRAILBLAZER - 2013 A 2020
9;52074067;TRAVESSA DO SUPORTE;1;597,21;597,21;597,21;1.415,54;1.415,54;0;0;0;0;0;0;D;23/10/2025;;DD1053;D;162RB1;GM - Brasil;Não;Não;Ativo;1;
9;52074298;MOLDURA CROMADA SUPERIOR GRADE;25;257,05;258,11;257,05;594,28;594,28;4;8;6;8;3;3;A;28/07/2026;27/07/2026;COPA47;A;163WC1;GM - Brasil;Não;Não;Ativo;1;S10 B - 2012 A 2020, TRAILBLAZER - 2013 A 2020
9;52074299;MOLDURA GRADE DIANTEIRA;24;508,19;679,40;679,40;1.166,88;1.166,88;6;7;7;7;6;2;A;13/07/2026;30/07/2026;COPA47;A;700CA1;GM - Brasil;Não;Não;Ativo;1;S10 B - 2012 A 2020, TRAILBLAZER - 2013 A 2020
9;52074751;SUPORTE INTERRUPTOR;3;8,51;8,51;8,51;16,24;16,24;2;0;2;0;1;1;B;02/06/2026;21/07/2026;PDS04;B;111RG2;GM - Brasil;Sim;Sim;Obsoleto;1;S10 B - 2012 A 2020, TRAILBLAZER - 2013 A 2020
9;52074803;BRAÇO SUPORTE LE;7;84,60;115,87;112,14;193,75;193,75;2;1;0;2;8;2;A;28/04/2026;30/07/2026;CVA133;A;113GC1;GM - Brasil;Não;Não;Ativo;1;S10 B - 2012 A 2020, TRAILBLAZER - 2013 A 2020
9;52074804;BRAÇO SUPORTE PARA-CHOQUE LD;10;86,28;115,86;111,22;193,75;193,75;1;5;0;4;4;2;A;08/07/2026;31/07/2026;CVA161;A;108CJ2;GM - Brasil;Não;Não;Ativo;1;S-10 - 2016 A 2021, TRAIBLAZER - 2016 A 2021
9;52074851;PLACA DO EMBLEMA GRADE DIANTEIRA;10;103,74;104,06;132,39;233,64;233,64;1;3;3;7;2;1;A;02/07/2026;27/07/2026;CVA162;A;161SB1;GM - Brasil;Não;Não;Ativo;1;S10 B - 2012 A 2020, TRAILBLAZER - 2013 A 2020
9;52077397;AMORTECEDOR TRASEIRO;2;208,91;213,13;277,02;479,70;479,70;1;1;2;0;2;0;B;16/07/2026;09/07/2026;RA0718;B;111GL1;GM - Brasil;Não;Não;Ativo;1;ONIX - 2013 A 2019, PRISMA B - 2013 A 2019
9;52079348;MACANETA DE PLASTICO;1;55,36;55,36;55,36;147,44;147,44;0;0;0;0;1;0;C;28/02/2026;30/03/2026;ZZ0247;C;112CH1;GM - Brasil;Sim;Sim;Ativo;1;
9;52079619;TAMPA ABERTURA;1;457,96;457,96;457,96;1.028,31;1.028,31;1;0;1;0;0;0;C;18/05/2026;28/07/2026;RA0572;C;113CJ1;GM - Brasil;Não;Não;Ativo;1;S-10 - 2015 A 2021, TRAIBLAZER - 2017 A 2021
9;52079812;COBERTURA-FURO ACES;2;35,57;35,57;35,57;79,86;79,86;0;0;0;0;0;0;D;03/12/2025;;ZXXX  ADMEIR;D;111QC1;GM - Brasil;Não;Não;Obsoleto;1;
9;52081103;DECALQUE PORTA TRASEIRA DIR;1;27,03;27,03;27,03;66,58;66,58;0;0;0;0;0;0;D;06/01/2026;22/12/2025;PFMY05;D;108XH1;GM - Brasil;Sim;Sim;Ativo;1;ONIX EFFECT   2012   2016 P/ VEIC BRANCO
9;52081684;MOLDURA ABERTURA LE;4;86,52;75,49;86,52;220,13;220,13;0;1;1;2;1;1;B;31/07/2026;10/06/2026;JLL44;B;108SL1;GM - Brasil;Não;Não;Ativo;1;SPIN - 2013 A 2020
9;52081686;MOLDURA ABERTURA LD;2;84,54;77,03;84,54;224,63;224,63;0;1;0;0;1;1;B;31/07/2026;10/06/2026;JLL44;B;112BL1;GM - Brasil;Não;Não;Ativo;1;SPIN - 2015 A 2021
9;52082243;COXIM SUP AMORTECEDOR TRAS ESQ;8;78,23;104,78;106,42;253,65;253,65;4;7;1;3;3;2;A;13/07/2026;18/07/2026;COPA47;A;114 AC1;GM - Brasil;Não;Não;Ativo;1;COBALT - 2012 A 2020, ONIX - 2013 A 2019, PRISMA B - 2013 A 2019, SONIC - 2012 A 2014, SPIN - 2013 A 2020
9;52082244;COXIM SUP AMORTECEDOR TRAS DIR;9;74,80;75,95;74,80;246,05;246,05;3;3;1;3;3;4;A;20/07/2026;18/07/2026;COPA55;A;106PG1;GM - Brasil;Não;Não;Ativo;1;COBALT - 2012 A 2020, ONIX - 2013 A 2019, PRISMA B - 2013 A 2019, SONIC - 2012 A 2014
9;52082553;MANGUEIRA ENTRADA AR QUENTE;2;62,29;83,46;62,29;139,55;139,55;1;0;2;1;1;1;B;28/04/2026;15/07/2026;CVA133;B;113AJ1;GM - Brasil;Não;Não;Ativo;1;CORSA A - 1994 A 2017
9;52082900;GUIA PARA-CHOQUE TRASEIRO ESQ;2;59,42;63,79;59,42;143,57;143,57;1;1;0;2;0;0;B;29/07/2026;21/07/2026;RA0725;B;108DH1;GM - Brasil;Não;Não;Ativo;1;COBALT - 2016 A 2020
9;52082902;GUIA PARA-CHOQUE TRASEIRO LD;3;63,79;63,79;63,79;143,57;143,57;0;0;1;0;0;1;B;16/06/2026;29/05/2026;PDS04;B;107RL1;GM - Brasil;Não;Não;Ativo;1;COBALT - 2016 A 2020
9;52083119;PARA-LAMA DIANTEIRO ESQUERDO;7;458,58;465,36;605,71;1.244,00;1.244,00;1;1;0;1;2;4;A;16/07/2026;25/07/2026;COPA55;A;900GB;GM - Brasil;Não;Não;Ativo;1;COBALT - 2012 A 2020
9;52083120;PARA-LAMA DIANTEIRO DIREITO;11;430,73;436,27;430,73;1.204,84;1.204,84;0;5;0;6;3;2;A;09/07/2026;30/06/2026;COPA55;A;800BB1;GM - Brasil;Não;Não;Ativo;1;COBALT - 2012 A 2020
9;52083336;MOLDURA DA GRADE DIANTEIRA;2;335,67;450,00;435,05;753,73;753,73;0;1;1;0;0;1;B;16/06/2026;18/06/2026;COPA01;B;155AB1;GM - Brasil;Não;Não;Ativo;1;COBALT - 2012 A 2020
9;52083337;MOLDURA DA GRADE DIANTEIRA;1;381,98;381,98;496,94;857,70;857,70;1;0;0;0;0;1;C;03/07/2026;25/07/2026;COPA01;C;150PB1;GM - Brasil;Não;Não;Ativo;1;COBALT - 2012 A 2020
9;52083339;GRADE DO RADIADOR INFERIOR;6;97,17;96,53;127,06;261,14;261,14;1;2;1;1;0;1;B;13/07/2026;25/07/2026;COPA47;B;160ZB1;GM - Brasil;Não;Não;Ativo;1;COBALT - 2012 A 2020
9;52083344;MOLDURA DO FAROL MILHA LE;1;28,58;28,75;38,54;62,63;62,63;2;2;0;0;0;0;C;03/07/2026;21/07/2026;RA0677;C;160TB1;GM - Brasil;Não;Não;Ativo;1;COBALT - 2012 A 2020
9;52083345;INSERTO MOLDURA LE;2;72,95;100,33;100,33;180,52;180,52;0;0;0;1;0;0;C;02/06/2026;23/04/2026;CVA04M;C;112DC1;GM - Brasil;Sim;Sim;Ativo;1;COBALT - 2012 A 2020
9;52083347;MOLDURA DO FAROL MILHA LD;2;27,75;27,75;27,75;62,29;62,29;3;1;0;0;2;0;B;29/07/2026;21/07/2026;RA0725;B;112DB1;GM - Brasil;Não;Não;Ativo;1;COBALT - 2012 A 2020
9;52083348;INSERTO MOLDURA LD;17;81,29;81,29;81,29;182,54;182,54;12;13;11;8;6;1;A;03/07/2026;28/07/2026;RA0677;A;111TA1;GM - Brasil;Não;Não;Ativo;1;COBALT - 2012 A 2020
9;52083445;RESERVATÓRIO PARA-BRISA;1;217,98;217,98;299,79;459,04;459,04;2;4;1;1;4;0;A;03/07/2026;29/07/2026;RA0677;A;160BA1;GM - Brasil;Sim;Sim;Ativo;1;S10 B - 2012 A 2020, TRAILBLAZER - 2013 A 2020
9;52083727;CONDENSADOR AR CONDICIONADO;6;719,35;984,19;946,49;2.273,96;2.273,96;3;3;1;3;4;4;A;02/07/2026;31/07/2026;COPA43;A;163TB1;GM - Brasil;Sim;Sim;Ativo;1;COBALT - 2012 A 2020, ONIX - 2013 A 2019, PRISMA B - 2013 A 2019
9;52083730;VENTOINHA DO RADIADOR;3;769,65;619,85;619,85;2.280,40;2.280,40;1;1;0;1;1;3;A;03/07/2026;30/07/2026;COPA40;A;152PC1;GM - Brasil;Sim;Sim;Ativo;1;COBALT - 2012 A 2020, ONIX - 2013 A 2019, PRISMA B - 2013 A 2019, SPIN - 2013 A 2020
9;52084229;PARA-LAMA DIANTEIRO DIREITO;1;368,81;352,42;352,42;985,89;985,89;1;0;0;1;1;1;B;14/05/2026;06/07/2026;ABRR56;B;900DB1;GM - Brasil;Não;Não;Ativo;1;COBALT - 2012 A 2020
9;52084232;PARA-LAMA DIANTEIRO ESQUERDO;1;337,64;534,44;460,14;949,21;949,21;1;1;0;0;2;0;B;30/04/2026;14/07/2026;ABRR01;B;700DB1;GM - Brasil;Não;Não;Ativo;1;COBALT - 2012 A 2020
9;52084237;CAPÔ DO MOTOR;2;1.251,11;1.251,11;1.753,45;3.384,61;3.384,61;0;1;0;2;0;0;B;22/07/2026;05/06/2026;JLL01;B;199AC1;GM - Brasil;Não;Não;Ativo;1;COBALT - 2012 A 2020
9;52084275;SUPORTE SENSOR ESTACIONAMENTO;4;10,04;13,87;13,50;25,17;25,17;0;1;0;0;5;2;A;26/06/2026;16/06/2026;CVA151;A;106PK1;GM - Brasil;Sim;Sim;Ativo;1;S-10 - 2014 A 2020, S-10 - 2015 A 2020
9;52084276;SUPORTE SENSOR;3;11,97;12,06;16,24;29,92;29,92;0;1;0;2;4;2;A;02/07/2026;16/06/2026;CVA160;A;105RG1;GM - Brasil;Sim;Sim;Ativo;1;S-10 - 2014 A 2020
9;52084512;TUBO DIANTEIRO;1;540,99;540,99;540,99;1.209,06;1.209,06;0;0;1;0;0;0;C;16/07/2026;22/05/2026;DD0715;C;162SC1;GM - Brasil;Não;Não;Ativo;1;ONIX - 2013 A 2019, PRISMA B - 2013 A 2019
9;52084684;PIVÔ BANDEJA SUSPENSÃO;3;390,20;399,20;390,20;762,89;762,89;0;0;0;0;0;0;D;25/06/2026;15/01/2026;RA0673;D;111RH1;GM - Brasil;Não;Não;Ativo;1;S-10 - 2017 A 2021, TRAIBLAZER - 2017 A 2021
9;52084702;BANDEJA BATERIA;2;119,93;160,78;160,78;269,30;269,30;3;1;1;4;1;0;A;02/06/2026;28/07/2026;PDS02;A;159BC1;GM - Brasil;Não;Não;Ativo;1;COBALT - 2012 A 2020, ONIX - 2013 A 2019, PRISMA B - 2013 A 2019
9;52084725;MANGUEIRA SAÍDA;3;279,74;266,32;279,74;634,79;634,79;1;1;0;1;2;2;A;31/07/2026;17/07/2026;JLL46;A;161TC1;GM - Brasil;Não;Não;Ativo;1;S-10 - 2017 A 2021, TRAILBLAZER - 2017 A 2021
9;52084873;PARABARRO DIANTEIRO ESQUERDO;31;96,38;97,63;96,38;258,51;258,51;17;15;21;8;3;12;A;30/07/2026;31/07/2026;JLL08;A;PARABA17;GM - Brasil;Não;Não;Ativo;1;ONIX - 2013 A 2019, PRISMA B - 2013 A 2019
9;52084876;DEFLETOR PNEU DIANTEIRO DIR;2;14,83;14,67;14,83;34,03;34,03;1;0;1;0;0;1;B;28/07/2026;17/07/2026;RA0723;B;105CA1;GM - Brasil;Não;Não;Ativo;1;ONIX - 2013 A 2019, PRISMA B - 2013 A 2019
9;52085280;PLACA ESTRUTURA SUSPENSÃO DIANT;13;168,16;169,14;212,35;380,69;380,69;2;3;4;9;5;11;A;13/07/2026;20/07/2026;CVA161;A;161ZA2;GM - Brasil;Não;Não;Ativo;1;S-10 - 2017 A 2021, TRAILBLAZER - 2017 A 2021
9;52085394;APOIO PÉ;4;121,49;130,00;121,49;292,60;292,60;1;1;2;0;3;2;A;02/07/2026;28/07/2026;CVA160;A;108CB1;GM - Brasil;Não;Não;Ativo;1;
9;52085583;DEFLETOR INFERIOR RADIADOR;24;64,75;61,78;61,78;146,08;146,08;16;21;18;13;12;9;A;20/07/2026;03/08/2026;CVA150;A;160JB1;GM - Brasil;Não;Não;Ativo;1;ONIX - 2013 A 2019, PRISMA B - 2013 A 2019
9;52085587;DEFLETOR SUPERIOR RADIADOR;23;46,44;44,38;44,38;104,65;104,65;15;25;15;10;13;7;A;13/07/2026;03/08/2026;CVA162;A;160WA1;GM - Brasil;Não;Não;Ativo;1;ONIX - 2013 A 2019, PRISMA B - 2013 A 2019
9;52085665;GUIA PARA-CHOQUE DIANT DIR;29;58,19;78,06;77,91;130,96;130,96;5;17;8;12;10;6;A;13/07/2026;31/07/2026;CVA149;A;107CA1;GM - Brasil;Não;Não;Ativo;1;S10 B - 2012 A 2020, TRAILBLAZER - 2013 A 2020
9;52085667;GUIA PARA-CHOQUE DIANT ESQ;29;57,94;55,55;77,93;130,96;130,96;9;11;19;6;9;12;A;02/07/2026;31/07/2026;CVA162;A;111CH1;GM - Brasil;Não;Não;Ativo;1;S10 B - 2012 A 2020, TRAILBLAZER - 2013 A 2020
9;52085789;CALOTA DA RODA;14;47,00;47,00;61,12;141,85;141,85;6;8;8;3;3;4;A;28/07/2026;31/07/2026;JLL23;A;161RC1;GM - Brasil;Não;Não;Ativo;1;ONIX - 2013 A 2019, PRISMA B - 2013 A 2019
9;52085790;CALOTA DA RODA;4;51,29;86,25;61,09;160,62;160,62;0;0;0;4;1;1;B;07/05/2026;06/04/2026;ABRR50;B;160ZA2;GM - Brasil;Não;Não;Ativo;1;ONIX - 2013 A 2019, PRISMA B - 2013 A 2019
9;52086045;DEFLETOR AR;1;73,40;73,40;73,40;163,32;163,32;0;0;0;0;0;0;D;08/09/2025;09/09/2025;DD0904;D;900AB;GM - Brasil;Não;Não;Ativo;1;
9;52086341;DEFLETOR ÁGUA PORTA DIANTEIRA;2;57,79;58,13;75,63;126,60;126,60;0;0;2;1;1;1;B;02/06/2026;29/05/2026;CVA02M;B;160AC1;GM - Brasil;Não;Não;Ativo;1;S10 B - 2012 A 2020, TRAILBLAZER - 2013 A 2020
9;52086342;DEFLETOR ÁGUA PORTA DIANTEIRA;6;56,03;56,04;56,03;125,81;125,81;0;1;3;1;3;2;A;09/07/2026;18/06/2026;CVA160;A;161WB1;GM - Brasil;Não;Não;Ativo;1;S-10 - 2017 A 2021, TRAIBLAZER - 2017 A 2021
9;52086605;TUBO CONDENSADOR DO AR CONDIC;19;91,32;91,33;122,19;223,71;223,71;3;5;6;9;7;10;A;11/06/2026;28/07/2026;CVA16M;A;160ZC2;GM - Brasil;Sim;Sim;Ativo;1;S-10 - 2014 A 2021
9;52087649;PAINEL ACABAMENTO;18;95,42;156,09;125,52;261,89;261,89;6;8;8;2;4;6;A;30/07/2026;20/07/2026;JLL07;A;161ZB1;GM - Brasil;Não;Não;Ativo;1;PRISMA B - 2013 A 2019
9;52088191;RADIADOR;3;1.034,78;1.083,38;1.262,46;2.802,74;2.802,74;0;1;0;0;1;2;B;02/04/2026;26/06/2026;NMA49;B;BOX 14;GM - Brasil;Não;Não;Ativo;1;S-10 - 2015 A 2021
9;52088224;DEFLETOR INFERIOR RADIADOR;2;75,95;75,95;75,95;170,94;170,94;0;0;1;1;1;0;B;28/07/2026;27/05/2026;RA0724;B;160AB1;GM - Brasil;Não;Não;Ativo;1;SPIN - 2014 A 2018
9;52088321;SENSOR NÍVEL COMBUSTÍVEL;1;548,74;548,74;548,74;1.360,94;1.360,94;1;0;0;0;0;1;C;28/07/2026;15/07/2026;RA0724;C;108RC1;GM - Brasil;Sim;Sim;Ativo;1;S10 B - 2012 A 2020
9;52088360;INTERRUPTOR AJUSTE BANCO DIANT LE;3;25,54;25,54;25,54;62,91;62,91;0;2;1;0;1;0;B;13/07/2026;02/07/2026;RA0680;B;110RG1;GM - Brasil;Sim;Sim;Ativo;1;S-10 - 2020 A 2020, TRAIBLAZER - 2020 A 2020
9;52089236;DEFLETOR INFERIOR RADIADOR;13;186,74;247,55;186,74;421,31;421,31;6;13;4;5;8;6;A;03/07/2026;31/07/2026;RA0677;A;160LC1;GM - Brasil;Não;Não;Ativo;1;COBALT - 2012 A 2020, ONIX - 2013 A 2019, PRISMA B - 2013 A 2019
9;52089992;PROTETOR POEIRA RODA DIANT LE;1;2,73;2,73;2,73;6,83;6,83;0;0;0;0;0;0;D;06/01/2026;09/12/2025;PFMY05;D;107GH1;GM - Brasil;Não;Não;Ativo;1;
9;52090237;CABO ESQ ABERTURA DO CAPÔ;2;63,87;63,87;63,87;118,40;118,40;0;0;0;2;0;1;B;30/04/2026;24/04/2026;RA0452;B;108SB2;GM - Brasil;Não;Não;Ativo;1;S-10 - 2012 A 2016, TRAILBLAZER - 2013 A 2016
9;52090369;FAROL DIANTEIRO ESQUERDO;4;478,74;681,18;649,88;1.472,88;1.472,88;1;4;1;0;1;1;A;09/07/2026;24/07/2026;COPA55;A;BOX 14;GM - Brasil;Não;Não;Ativo;1;ONIX - 2013 A 2019, PRISMA B - 2013 A 2019
9;52090370;FAROL DIANTEIRO DIREITO;3;584,64;591,68;584,64;1.716,11;1.716,11;1;2;1;0;0;1;B;31/07/2026;14/07/2026;JLL38;B;BOX 10;GM - Brasil;Não;Não;Ativo;1;ONIX - 2013 A 2019, PRISMA B - 2013 A 2019
9;52090371;FAROL ESQUERDO CROMADO;8;449,17;602,52;583,84;1.302,79;1.302,79;3;3;2;1;2;3;A;09/07/2026;27/07/2026;COPA55;A;154DA1;GM - Brasil;Não;Não;Ativo;1;ONIX - 2013 A 2019, PRISMA B - 2013 A 2019
9;52090372;FAROL DIREITO;8;449,17;449,17;583,81;1.302,79;1.302,79;3;2;1;0;2;4;A;02/07/2026;31/07/2026;COPA43;A;BOX 11;GM - Brasil;Não;Não;Ativo;1;ONIX - 2013 A 2019, PRISMA B - 2013 A 2019
9;52090675;EMBLEMA TAMPA TRASEIRA;2;17,91;17,91;17,91;44,16;44,16;0;1;0;0;1;1;B;18/05/2026;17/06/2026;RA0573;B;109AB1;GM - Brasil;Sim;Sim;Ativo;1;S10 B - 2012 A 2020
9;52091574;MAÇANETA TAMPA TRASEIRA;4;177,24;187,88;177,24;395,64;395,64;1;2;2;1;3;3;A;02/06/2026;20/07/2026;CVA02M;A;112DH1;GM - Brasil;Sim;Sim;Ativo;1;
9;52091613;COLETOR SAÍDA;6;44,77;44,77;44,77;125,94;125,94;3;2;6;1;1;1;A;31/07/2026;28/07/2026;JLL46;A;113QA;GM - Brasil;Não;Não;Ativo;1;CELTA - 2001 A 2016, CORSA A - 1994 A 2017, CORSA PICK-UP - 1994 A 2017, CORSA WAGON - 1994 A 2017, PRISMA A - 2007 A 2012
9;52091614;COLETOR SAÍDA;5;38,09;38,09;38,09;142,87;142,87;1;0;2;1;5;1;A;31/07/2026;29/07/2026;JLL46;A;112BH1;GM - Brasil;Não;Não;Ativo;1;AGILE - 2010 A 2014, CELTA - 2001 A 2016, MONTANA B - 2011 A 2020, PRISMA A - 2007 A 2012
9;52092352;MOLDURA INFERIOR PARACHOQUE;1;342,00;342,00;342,00;767,93;767,93;2;0;1;1;0;0;B;31/07/2026;31/07/2026;RA0724;B;900BB1;GM - Brasil;Não;Não;Ativo;1;ONIX - 2013 A 2019
9;52092357;MOLDURA DA GRADE DIANTEIRA;13;406,30;394,42;394,42;1.096,78;1.096,78;9;10;6;3;5;3;A;13/07/2026;30/07/2026;COPA47;A;700CA1;GM - Brasil;Não;Não;Ativo;1;ONIX - 2017 A 2019, PRISMA - 2017 A 2019
9;52092362;GRADE DIANTEIRA INFERIOR;34;109,32;105,58;105,58;295,99;295,99;18;22;13;9;12;9;A;13/07/2026;03/08/2026;COPA47;A;163SC1;GM - Brasil;Não;Não;Ativo;1;ONIX - 2013 A 2019, PRISMA B - 2013 A 2019
9;52092363;TAMPA FAROL NEBLINA DIANT ESQ;10;25,48;25,48;33,11;57,34;57,34;1;7;5;0;1;5;A;13/07/2026;10/07/2026;CVA170;A;109DG1;GM - Brasil;Não;Não;Ativo;1;ONIX - 2013 A 2019, PRISMA B - 2013 A 2019
9;52092364;MOLDURA FAROL MILHA LD;5;25,48;25,48;25,48;57,34;57,34;2;8;2;0;1;3;A;29/07/2026;10/07/2026;CVA170;A;108DD2;GM - Brasil;Não;Não;Ativo;1;ONIX - 2013 A 2019, PRISMA B - 2013 A 2019
9;52092365;TAMPA ABERTURA LE;6;19,39;19,45;25,30;42,36;42,36;4;1;6;4;2;3;A;13/07/2026;30/07/2026;CVA160;A;111GH2;GM - Brasil;Não;Não;Ativo;1;ONIX - 2013 A 2019, PRISMA B - 2013 A 2019
9;52092366;TAMPA ABERTURA LD;3;15,45;18,55;15,45;41,64;41,64;3;0;3;1;2;2;A;28/07/2026;21/07/2026;RA0725;A;111AK3;GM - Brasil;Não;Não;Ativo;1;ONIX - 2013 A 2019, PRISMA B - 2013 A 2019
9;52094052;MOLDURA PARA-LAMA TRAS LE;3;78,17;74,31;78,17;216,68;216,68;2;1;0;0;1;1;B;31/07/2026;31/07/2026;JLL44;B;161WB1;GM - Brasil;Não;Não;Ativo;1;ONIX - 2013 A 2019
9;52094053;MOLDURA PARA-LAMA TRAS LD;4;85,83;83,37;83,37;216,68;216,68;1;0;1;2;2;0;A;05/05/2026;31/07/2026;ABRR45;A;161TA1;GM - Brasil;Não;Não;Ativo;1;ONIX - 2013 A 2019
9;52094760;FAROL DIANTEIRO ESQUERDO;2;804,71;804,71;1.046,42;2.334,00;2.334,00;0;1;3;0;1;1;A;25/05/2026;23/06/2026;MAL22;A;BOX 23;GM - Brasil;Não;Não;Ativo;1;COBALT - 2012 A 2020
9;52094761;FAROL DIANTEIRO DIREITO;1;804,71;804,71;804,71;2.334,00;2.334,00;0;0;1;0;1;1;B;16/06/2026;03/08/2026;COPA17;B;154DA1;GM - Brasil;Não;Não;Ativo;1;COBALT - 2012 A 2020
9;52094764;FAROL DIANTEIRO ESQUERDO;3;793,46;986,12;1.025,57;2.282,21;2.282,21;1;1;0;1;0;0;B;24/01/2026;07/07/2026;NJN12;B;BOX 23;GM - Brasil;Não;Não;Ativo;1;COBALT - 2012 A 2020
9;52094765;FAROL DIANTEIRO DIREITO;3;790,51;764,29;764,29;2.282,21;2.282,21;2;1;1;1;1;1;A;02/07/2026;29/07/2026;COPA43;A;BOX 08;GM - Brasil;Não;Não;Ativo;1;COBALT - 2012 A 2020
9;52095237;FAROL DIANTEIRO ESQUERDO;3;1.154,25;1.350,57;1.154,25;3.356,11;3.356,11;0;2;0;0;1;1;B;18/02/2026;02/07/2026;NFV35;B;BOX 25;GM - Brasil;Não;Não;Ativo;1;S10 B - 2012 A 2020, TRAILBLAZER - 2013 A 2020
9;52095238;FAROL DIREITO;3;836,08;837,01;836,08;2.427,68;2.427,68;1;2;1;2;1;0;A;29/06/2026;08/07/2026;COPA38;A;BOX 17;GM - Brasil;Não;Não;Ativo;1;S10 B - 2012 A 2020, TRAILBLAZER - 2013 A 2020
9;52095268;BATENTE AMORTECEDOR TRASEIRO;96;21,64;21,40;21,64;57,23;57,23;42;70;26;42;78;60;A;16/07/2026;31/07/2026;COPA55;A;106PB1;GM - Brasil;Não;Não;Ativo;1;S10 B - 2012 A 2020
9;52095290;SUPORTE MANGUEIRA;4;28,02;28,02;28,02;58,77;58,77;1;1;3;3;3;0;A;26/06/2026;17/07/2026;CVA150;A;108GH1;GM - Brasil;Sim;Sim;Ativo;1;S-10 - 2014 A 2021, TRAILBLAZER - 2014 A 2021
9;52095311;ARTICULADOR CAIXA DIREÇÃO;3;226,87;293,65;294,91;619,37;619,37;1;2;1;2;2;0;A;13/07/2026;31/07/2026;COPA47;A;106PK1;GM - Brasil;Não;Não;Ativo;1;S10 B - 2012 A 2020, TRAILBLAZER - 2013 A 2020
9;52095423;FAROL LD MÁSCARA NEGRA;1;768,47;768,47;768,47;2.158,09;2.158,09;2;0;0;0;1;0;C;03/07/2026;13/07/2026;COPA40;C;BOX 09;GM - Brasil;Não;Não;Ativo;1;SPIN - 2013 A 2020
9;52095427;FAROL DIANTEIRO DIREITO;1;806,12;806,12;1.047,42;2.338,09;2.338,09;0;1;0;0;1;0;C;02/07/2026;18/06/2026;COPA40;C;BOX 09;GM - Brasil;Não;Não;Ativo;1;COBALT - 2012 A 2020
9;52095625;PROTETOR CAÇAMBA;1;11,47;11,47;11,47;24,34;24,34;0;0;0;0;1;0;D;17/03/2026;13/11/2018;DD0326;D;112CC2;GM - Brasil;Não;Não;Ativo;1;S-10 - 2017 A 2021
9;52096409;EMBLEMA TAMPA TRASEIRA;4;114,26;118,98;135,81;249,49;249,49;1;2;2;0;1;4;A;26/06/2026;29/07/2026;CVA150;A;107QA1;GM - Brasil;Sim;Sim;Ativo;1;ONIX - 2013 A 2019
9;52096865;VENTILADOR MOTOR;1;577,36;586,49;577,36;1.989,85;1.989,85;0;0;0;0;0;0;D;28/08/2025;08/06/2026;ATG70;D;153QB1;GM - Brasil;Sim;Sim;Ativo;1;COBALT - 2012 A 2020, ONIX - 2013 A 2019, PRISMA B - 2013 A 2019, SONIC - 2012 A 2014, TRACKER B - 2014 A 2019
9;52096886;PARA-BARRO DA RODA DIANTEIRA LE;15;135,98;135,98;135,98;360,08;360,08;9;10;7;9;4;0;A;30/07/2026;31/07/2026;JLL08;A;PARABA24;GM - Brasil;Não;Não;Ativo;1;ONIX - 2013 A 2019, PRISMA B - 2013 A 2019
9;52096890;PARABARRO TRASEIRO LE;10;39,32;40,37;39,32;106,64;106,64;2;6;2;2;3;4;A;30/07/2026;09/07/2026;JLL08;A;160PB1;GM - Brasil;Não;Não;Ativo;1;ONIX - 2013 A 2019
9;52096966;BRAÇO SUPORTE PARA-CHOQUE DIR;2;37,31;37,19;37,31;83,70;83,70;4;4;1;0;4;4;A;28/07/2026;31/07/2026;RA0722;A;144PC2;GM - Brasil;Não;Não;Ativo;1;ONIX - 2017 A 2021, PRISMA - 2017 A 2021
9;52096969;BRAÇO SUPORTE LE;2;36,10;36,96;36,10;83,18;83,18;2;4;1;1;3;2;A;28/07/2026;31/07/2026;RA0722;A;106RG1;GM - Brasil;Não;Não;Ativo;1;ONIX - 2013 A 2019, PRISMA B - 2013 A 2019
9;52097725;BLOCO DE FUSÍVEIS FRONTAL;3;662,73;662,73;662,73;1.317,52;1.317,52;0;0;0;0;0;0;D;18/02/2026;02/02/2026;RA0244;D;109HA1;GM - Brasil;Sim;Sim;Ativo;1;52069313
9;52097757;PORTA DIANTEIRA L.E;2;2.764,18;2.764,18;2.764,18;7.134,15;7.134,15;1;0;0;1;2;0;B;31/07/2026;14/07/2026;JLL43;B;199AA1;GM - Brasil;Não;Não;Ativo;1;COBALT - 2012 A 2020
9;52097760;PORTA DIANTEIRA L.D;5;2.258,13;2.258,13;2.258,13;5.828,08;5.828,08;1;2;0;0;3;0;A;31/07/2026;08/07/2026;JLL43;A;199AB1;GM - Brasil;Não;Não;Ativo;1;COBALT - 2012 A 2020
9;52097760;PORTA DIANTEIRA L.D;5;2.258,13;2.258,13;2.258,13;5.828,08;5.828,08;1;2;0;0;3;0;A;31/07/2026;08/07/2026;JLL43;A;DEPOSITO C;GM - Brasil;Não;Não;Ativo;1;COBALT - 2012 A 2020
9;52097767;PORTA PARA CARROCARI;1;3.151,85;3.257,77;4.147,12;8.119,67;8.119,67;0;0;0;0;2;0;C;18/03/2026;01/04/2026;DD0334;C;199AC1;GM - Brasil;Não;Não;Ativo;1;COBALT trz ld
9;52098251;LÂMPADA H27;1;124,44;167,89;237,67;327,90;327,90;0;0;0;0;1;0;D;14/11/2024;20/03/2026;VVN104;D;108QG2;GM - Brasil;Sim;Sim;Ativo;1;COBALT - 2016 A 2019, ONIX - 2015 A 2019, PRISMA - 2015 A 2019, S-10 - 2017 A 2021, SPIN - 2016 A 2020, TRAILBLAZER - 2017 A 2021
9;52098292;CHAVE INTERRUPTOR FAROL;2;173,03;172,79;188,55;291,44;291,44;2;0;1;0;0;0;B;09/03/2026;31/07/2026;CVA109;B;198PD;GM - Brasil;Não;Não;Ativo;1;COBALT - 2012 A 2020, ONIX - 2013 A 2019, PRISMA B - 2013 A 2019, S10 B - 2012 A 2020, SPIN - 2013 A 2020, TRAILBLAZER - 2013 A 2020
9;52098294;INTERRUPTOR FAROL;1;299,84;299,84;299,84;469,68;299,36;0;0;0;0;0;0;D;13/10/2025;22/09/2025;;D;110DB1;GM - Brasil;Não;Não;Ativo;1;
9;52098705;TRILHO DIANTEIRO;1;175,69;175,69;175,69;296,93;296,93;0;0;0;0;0;0;D;21/11/2025;28/11/2025;DD1134;D;162QA1;GM - Brasil;Não;Não;Ativo;1;
9;52098895;PROTETOR PAINEL LD;2;38,19;36,32;36,32;86,23;86,23;2;2;0;1;2;1;A;29/06/2026;21/07/2026;CVA150;A;161GA1;GM - Brasil;Não;Não;Ativo;1;COBALT - 2012 A 2020
9;52099031;EMBLEMA DA GRADE DIANTEIRA;1;143,81;118,52;117,07;301,98;301,98;5;3;1;2;3;3;A;08/07/2026;03/08/2026;CVA161;A;107QJ1;GM - Brasil;Sim;Sim;Ativo;1;ONIX - 2013 A 2019, PRISMA B - 2013 A 2019
9;52099310;MOLDURA ACABAMENTO BANCO DIANT;6;64,98;64,98;64,98;160,77;160,77;0;2;4;3;2;1;A;13/07/2026;27/06/2026;CVA170;A;160QA1;GM - Brasil;Sim;Sim;Ativo;1;S-10 - 2017 A 2020, TRAILBLAZER - 2017 A 2020
9;52099526;EMBLEMA TAMPA TRASEIRA;2;47,55;38,15;38,15;121,65;121,65;1;0;2;0;0;3;A;08/07/2026;31/07/2026;CVA160;A;111AG1;GM - Brasil;Sim;Sim;Ativo;1;ONIX - 2013 A 2019
9;52099740;MANGUEIRA ENTRADA AR QUENTE;5;80,56;109,87;106,78;306,20;306,20;0;0;0;3;1;0;B;07/05/2026;20/04/2026;ABRR45;B;160KC1;GM - Brasil;Não;Não;Ativo;1;MONTANA B - 2011 A 2020
9;52100013;GUIA DO CABO DO FREIO DE MAO;2;2,75;3,03;2,75;6,80;6,80;0;0;0;1;0;1;C;28/04/2026;14/04/2026;CVA133;C;109CK1;GM - Brasil;Não;Não;Ativo;1;S10 B - 2012 A 2020, TRAILBLAZER - 2013 A 2020
9;52100125;MANGUEIRA ENTRADA AR QUENTE;6;149,99;204,77;199,00;342,42;342,42;2;2;1;0;4;2;A;27/03/2026;29/07/2026;CVA118;A;161GC1;GM - Brasil;Não;Não;Ativo;1;
9;52100212;FILTRO DE COMBUSTÍVEL;259;163,42;133,27;134,82;490,50;490,50;48;59;61;51;66;103;A;13/07/2026;31/07/2026;COPA46;A;114PB;GM - Brasil;Sim;Sim;Ativo;1;S10 B - 2012 A 2020, TRAILBLAZER - 2013 A 2020
9;52100320;GUIA PARA-CHOQUE DIANT ESQ;6;60,38;81,26;81,26;136,37;136,37;3;7;4;3;3;3;A;13/07/2026;31/07/2026;RA0677;A;110PD2;GM - Brasil;Não;Não;Ativo;1;ONIX - 2013 A 2019, PRISMA B - 2013 A 2019
9;52100322;GUIA PARA-CHOQUE DIANT DIR;2;60,33;81,28;81,28;136,37;136,37;3;8;3;4;4;4;A;13/07/2026;31/07/2026;CVA161;A;107PG1;GM - Brasil;Não;Não;Ativo;1;ONIX - 2013 A 2019, PRISMA B - 2013 A 2019
9;52100786;JUNTA TAMPA DIFERENCIAL;3;72,98;72,23;72,98;262,63;262,63;2;3;5;5;5;2;A;16/06/2026;03/08/2026;MAL54;A;110DK1;GM - Brasil;Sim;Sim;Ativo;1;S-10 - 2021 A 2021, TRAILBLAZER - 2021 A 2021
9;52101146;TAMPA TRASEIRA;1;1.591,77;1.591,77;1.591,77;3.574,16;3.574,16;0;0;0;0;0;0;D;02/07/2026;24/07/2025;DD0625;D;210BB;GM - Brasil;Não;Não;Ativo;1;COBALT - 2012 A 2020
9;52101498;FORRO CAIXA RODA TRASEIRA;14;127,75;158,90;127,75;345,65;345,65;1;4;4;5;7;5;A;06/06/2026;13/07/2026;MAL52;A;PARABA23;GM - Brasil;Não;Não;Ativo;1;S10 B - 2012 A 2020
9;52101499;FORRO CAIXA RODA TRASEIRA ESQ;9;122,66;114,53;122,66;334,77;334,77;2;5;3;1;5;5;A;06/06/2026;31/07/2026;MAL52;A;PARABA08;GM - Brasil;Não;Não;Ativo;1;S10 B - 2012 A 2020
9;52101538;EMBLEMA TAMPA TRASEIRA;2;121,71;121,92;121,71;255,64;255,64;3;2;3;1;3;1;A;13/07/2026;29/07/2026;CVA160;A;106RD1;GM - Brasil;Sim;Sim;Ativo;1;PRISMA B - 2013 A 2019
9;52101539;EMBLEMA TAMPA TRASEIRA;2;119,40;94,98;94,98;254,93;254,93;1;0;1;2;0;2;A;29/05/2026;27/07/2026;CVA10M;A;106QG1;GM - Brasil;Sim;Sim;Ativo;1;ONIX - 2013 A 2019
9;52101541;FILTRO DO AR CONDICIONADO;506;15,96;13,28;21,89;50,75;50,75;129;159;136;121;120;105;A;13/07/2026;03/08/2026;COPA46;A;198PG;GM - Brasil;Sim;Sim;Ativo;1;S10 B - 2012 A 2020, TRAILBLAZER - 2013 A 2020
9;52101541;FILTRO DO AR CONDICIONADO;506;15,96;13,28;21,89;50,75;50,75;129;159;136;121;120;105;A;13/07/2026;03/08/2026;COPA46;A;114PB;GM - Brasil;Sim;Sim;Ativo;1;S10 B - 2012 A 2020, TRAILBLAZER - 2013 A 2020
9;52101881;ANEL RETENTOR;8;27,81;38,79;37,42;62,61;62,61;4;1;6;2;2;3;A;02/07/2026;31/07/2026;RA0676;A;144DB1;GM - Brasil;Sim;Sim;Ativo;1;COBALT - 2012 A 2020, ONIX - 2013 A 2019, PRISMA B - 2013 A 2019
9;52101932;SUPORTE CJ-SUPT COXI;1;265,29;265,29;265,29;594,37;594,37;0;0;0;0;0;0;C;16/07/2026;;DD0709;C;112CH1;GM - Brasil;Não;Não;Ativo;1;
9;52102242;FILTRO DO AR CONDICIONADO;157;16,33;16,99;16,33;51,38;51,38;32;44;49;32;40;24;A;31/07/2026;30/07/2026;JLL47;A;113PC;GM - Brasil;Sim;Sim;Ativo;1;COBALT - 2012 A 2020, CRUZE A  - 2012 A 2016, ONIX - 2013 A 2019, PRISMA B - 2013 A 2019, TRACKER B - 2014 A 2019
9;52102732;CANISTER;1;184,90;184,90;184,90;482,92;482,92;0;0;0;0;0;0;D;30/12/2025;30/12/2025;DD1285;D;151DB1;GM - Brasil;Sim;Sim;Ativo;1;AGILE - 2010 A 2014, CELTA - 2001 A 2016, CORSA A - 1994 A 2017, CORSA PICK-UP - 1994 A 2017, CORSA WAGON - 1994 A 2017, MONTANA B - 2011 A 2020, PRISMA A - 2007 A 2012
9;52102775;PARABARRO DIANTEIRO DIREITO;23;66,52;67,70;84,32;178,82;178,82;3;13;11;6;9;15;A;31/07/2026;29/07/2026;JLL08;A;PARABA02;GM - Brasil;Não;Não;Ativo;1;ONIX - 2013 A 2019, PRISMA B - 2013 A 2019
9;52102776;PARABARRO DIANTEIRO ESQUERDO;19;58,32;58,86;58,32;155,48;155,48;6;12;12;3;4;19;A;30/07/2026;20/07/2026;JLL08;A;PARABA01;GM - Brasil;Não;Não;Ativo;1;ONIX - 2013 A 2019, PRISMA B - 2013 A 2019
9;52102807;PAINEL SUPERIOR DIANTEIRO;13;360,97;360,97;360,97;990,79;990,79;2;4;2;4;3;4;A;30/07/2026;30/07/2026;JLL03;A;163DA1;GM - Brasil;Não;Não;Ativo;1;ONIX - 2013 A 2019, PRISMA B - 2013 A 2019
9;52102925;ALMA PARA-CHOQUE DIANTEIRO;10;253,96;252,26;253,96;684,07;684,07;2;5;2;2;2;2;A;31/07/2026;22/07/2026;JLL42;A;162RB1;GM - Brasil;Não;Não;Ativo;1;COBALT - 2012 A 2020
9;52102932;ABSORVEDOR ENERGIA DIANT DIR;1;718,85;687,33;937,73;1.611,04;1.611,04;1;0;0;0;0;0;D;21/11/2025;31/07/2026;RA1186;D;107DD1;GM - Brasil;Não;Não;Ativo;1;SPIN - 2013 A 2020
9;52103390;SUPORTE BRAÇO;4;74,17;110,43;73,11;218,98;218,98;0;0;0;0;0;0;D;16/12/2025;27/11/2025;DZZ24;D;144QD1;GM - Brasil;Não;Não;Ativo;1;S10 B - 2012 A 2020
9;52103396;BRAÇADEIRA;2;27,71;39,47;27,71;78,95;78,95;0;1;0;0;0;0;D;02/12/2025;02/07/2026;RA1191;D;144TB1;GM - Brasil;Sim;Sim;Ativo;1;S10 B - 2012 A 2020
9;52103839;MANGUEIRA AR CONDICIONADO;1;389,92;389,92;389,92;1.140,21;1.140,21;0;0;0;0;0;0;D;06/01/2026;23/12/2025;PFMY05;D;110DC1;GM - Brasil;Sim;Sim;Ativo;1;
9;52103878;PARA-BARRO RODA DIANTEIRA DIR;14;140,61;141,39;140,61;374,38;374,38;9;10;7;6;4;6;A;27/07/2026;31/07/2026;JLL08;A;PARABA21;GM - Brasil;Não;Não;Ativo;1;ONIX - 2013 A 2019, PRISMA B - 2013 A 2019
9;52104021;DEFLETOR SUPERIOR RADIADOR;4;58,78;59,90;58,78;134,82;134,82;5;2;1;1;2;2;A;30/07/2026;25/07/2026;RA0723;A;160DA1;GM - Brasil;Não;Não;Ativo;1;COBALT - 2012 A 2020
9;52104559;DEFLETOR AGUA PORTA DIANTEIRA LE;1;64,74;64,74;64,74;148,47;148,47;0;0;0;0;0;0;D;27/10/2025;28/11/2025;DD1055;D;161SB1;GM - Brasil;Não;Não;Ativo;1;S10 B - 2012 A 2020, TRAILBLAZER - 2013 A 2020
9;52104614;MANGUEIRA SAÍDA;2;275,95;275,56;377,55;603,62;603,62;0;0;0;0;0;0;D;28/11/2025;24/11/2025;RA1190;D;107QC1;GM - Brasil;Não;Não;Ativo;1;S10 B - 2012 A 2020, TRAILBLAZER - 2013 A 2020
9;52104896;PARA-BARRO DA RODA DIANTEIRA LD;7;66,19;62,77;90,34;191,87;191,87;0;1;2;2;2;1;A;06/06/2026;03/08/2026;MAL52;A;155SB1;GM - Brasil;Não;Não;Ativo;1;COBALT - 2012 A 2020
9;52104897;PARA-BARRO DA RODA DIANTEIRA LE;6;68,46;65,65;91,12;191,87;191,87;2;2;1;3;4;4;A;06/06/2026;24/07/2026;MAL52;A;164QB1;GM - Brasil;Não;Não;Ativo;1;COBALT - 2012 A 2020
9;52104976;PARA-LAMA DIANTEIRO ESQUERDO;37;434,02;408,43;408,43;1.152,15;1.152,15;12;16;17;13;12;8;A;09/07/2026;30/07/2026;COPA55;A;950AA1;GM - Brasil;Não;Não;Ativo;1;ONIX - 2013 A 2019, PRISMA B - 2013 A 2019
9;52104977;PARA-LAMA DIANTEIRO DIREITO;23;435,79;533,55;571,50;1.152,15;1.152,15;15;9;10;8;11;12;A;09/07/2026;31/07/2026;COPA55;A;950AA1;GM - Brasil;Não;Não;Ativo;1;ONIX - 2013 A 2019, PRISMA B - 2013 A 2019
9;52104977;PARA-LAMA DIANTEIRO DIREITO;23;435,79;533,55;571,50;1.152,15;1.152,15;15;9;10;8;11;12;A;09/07/2026;31/07/2026;COPA55;A;DEPOSIT BB;GM - Brasil;Não;Não;Ativo;1;ONIX - 2013 A 2019, PRISMA B - 2013 A 2019
9;52105021;EMBLEMA TAMPA TRASEIRA;2;208,76;209,66;239,32;439,62;439,62;1;1;2;2;2;1;A;26/06/2026;31/07/2026;CVA151;A;105AK1;GM - Brasil;Sim;Sim;Ativo;1;S10 B - 2012 A 2020
9;52106108;BARRA SANTO ANTONIO;1;1.611,06;2.871,09;2.871,09;4.008,90;4.008,90;0;0;0;0;0;0;D;23/07/2025;27/05/2025;ACDS31;D;156BB1;GM - Brasil;Não;Não;Ativo;1;S10 B - 2012 A 2020
9;52106137;DEFLETOR AR PARA-CHOQUE DIANTEIRO;2;139,37;141,40;139,37;317,51;317,51;2;1;0;2;0;2;A;29/07/2026;21/07/2026;RA0725;A;161JB1;GM - Brasil;Não;Não;Ativo;1;SPIN - 2017 A 2021
9;52106250;APARELHO ELETRICO (C;1;707,40;707,40;918,68;2.044,22;2.044,22;0;0;0;0;0;0;D;22/06/2026;28/11/2025;DD0625;D;BOX 11;GM - Brasil;Não;Não;Ativo;1;
9;52106426;GUIA PARA-CHOQUE DIANT ESQ;22;57,02;54,25;54,25;128,00;128,00;13;17;13;12;14;13;A;14/07/2026;31/07/2026;CVA170;A;108AD1;GM - Brasil;Não;Não;Ativo;1;ONIX - 2013 A 2019, PRISMA B - 2013 A 2019
9;52106428;GUIA PARACHOQUE DIANTEIRO DIREITO;11;56,21;53,68;53,68;126,44;126,44;20;14;10;10;17;14;A;31/07/2026;31/07/2026;RA0723;A;110AC1;GM - Brasil;Não;Não;Ativo;1;ONIX - 2013 A 2019, PRISMA B - 2013 A 2019
9;52106575;ESPELHO RETROVISOR EXTERNO ESQ;5;863,34;866,60;863,34;2.303,27;2.303,27;2;0;0;0;2;2;B;02/04/2026;23/07/2026;NMA49;B;159HC1;GM - Brasil;Não;Não;Ativo;1;S-10 - 2017 A 2021, TRAIBLAZER - 2017 A 2021
9;52106576;ESPELHO RETROVISOR EXTERNO DIR;5;918,63;919,72;1.280,21;2.303,27;2.303,27;0;1;2;1;0;2;A;13/07/2026;08/06/2026;COPA47;A;151SC1;GM - Brasil;Não;Não;Ativo;1;S-10 - 2017 A 2021, TRAILBLAZER - 2017 A 2021
9;52106630;MOLDURA VIDRO;5;327,93;327,92;426,62;659,66;659,66;0;0;0;0;1;2;B;02/04/2026;25/03/2026;NMA05;B;160PB1;GM - Brasil;Não;Não;Ativo;1;S-10 - 2017 A 2021, TRAILBLAZER - 2017 A 2021
9;52106631;MOLDURA VIDRO;1;334,58;446,06;454,41;659,66;659,66;0;0;1;0;2;2;B;07/05/2026;11/06/2026;ABRR56;B;160XA1;GM - Brasil;Não;Não;Ativo;1;
9;52107259;PAINEL PORTA;1;504,51;521,64;504,51;1.468,42;1.468,42;0;0;0;0;0;0;K;18/09/2024;;DD0924;K;900AB;GM - Brasil;Não;Não;Ativo;1;
9;52107727;GRAMPO;11;4,49;2,26;2,26;11,26;11,26;2;0;2;2;0;3;A;02/06/2026;28/07/2026;PDS02;A;107DH1;GM - Brasil;Sim;Sim;Ativo;1;S10 B - 2012 A 2020
9;52107927;VÁLVULA EXPANSÃO;1;12,47;12,47;12,47;26,80;26,80;0;0;0;0;0;0;D;21/01/2026;24/12/2025;RA0115;D;110TC1;GM - Brasil;Sim;Sim;Ativo;1;
9;52107939;FECHADURA PORTA DIANTEIRA;1;494,20;494,20;494,20;984,07;984,07;0;0;1;0;0;0;C;14/05/2026;29/05/2026;CICAL MATEUS;C;153SC1;GM - Brasil;Não;Não;Ativo;1;
9;52108011;RADIADOR;5;499,88;526,21;676,57;1.537,57;1.537,57;1;2;2;2;0;1;A;03/07/2026;27/07/2026;COPA19;A;900BA1;GM - Brasil;Não;Não;Ativo;1;ONIX - 2013 A 2019, PRISMA B - 2013 A 2019
9;52108355;DISCO DE FREIO DIANTEIRO;11;511,02;685,18;685,17;1.302,31;1.302,31;0;4;2;8;8;4;A;02/07/2026;25/06/2026;COPA12;A;155DB1;GM - Brasil;Não;Não;Ativo;1;S10 B - 2012 A 2020, TRAILBLAZER - 2013 A 2020
9;52108401;MOLDURA DA GRADE DIANTEIRA;7;161,41;152,26;152,26;362,78;362,78;7;5;3;0;2;3;A;13/07/2026;03/08/2026;COPA47;A;163BC1;GM - Brasil;Não;Não;Ativo;1;ONIX - 2013 A 2019, PRISMA B - 2013 A 2019
9;52108786;TAMPÃO DO ASSOALHO;20;4,47;6,01;4,45;8,58;8,58;8;38;2;2;3;50;A;26/06/2026;24/07/2026;CVA149;A;105CJ1;GM - Brasil;Não;Não;Ativo;1;AGILE - 2010 A 2014, CELTA - 2001 A 2016, COBALT - 2012 A 2020, CORSA A - 1994 A 2017, CORSA PICK-UP - 1994 A 2017, CORSA WAGON - 1994 A 2017, CRUZE A  - 2012 A 2016, MONTANA B - 2011 A 2020, OMEGA C - 2011 A 2011, ONIX - 2013 A 2019, PRISMA A - 2007 A 2012, PRISMA B - 2013 A 2019, S10 B - 2012 A 2020
9;52109393;PARA-CHOQUE TRASEIRO;5;473,57;643,59;624,58;1.283,31;1.283,31;1;1;0;0;0;1;B;11/03/2026;16/07/2026;NMA01;B;500DC1;GM - Brasil;Não;Não;Ativo;1;COBALT - 2012 A 2020
9;52113275;KIT REPARO ALAVANCA AUTOMATICA;5;86,22;146,38;143,90;204,11;204,11;0;0;0;1;0;1;C;22/10/2024;20/04/2026;GIR41;C;108CA1;GM - Brasil;Não;Não;Ativo;1;COBALT - 2012 A 2020, SPIN - 2013 A 2020
9;52113277;KIT BOTÃO ALAVANCA CÂMBIO AUTOMÁTICO;1;110,79;110,79;128,83;211,73;211,73;0;1;0;0;2;0;C;16/07/2026;03/07/2026;RA0717;C;105AC1;GM - Brasil;Não;Não;Ativo;1;COBALT - 2012 A 2020, ONIX - 2013 A 2019, PRISMA B - 2013 A 2019
9;52113279;KIT BOTAO ALAVANCA CÂMBIO AUTOMÁTICO;2;110,80;151,14;149,84;208,98;208,98;0;0;0;0;2;0;C;18/03/2026;10/03/2026;RA0302;C;112CG3;GM - Brasil;Não;Não;Ativo;1;ONIX - 2013 A 2019
9;52113406;SUPORTE DEFLETOR;2;187,71;186,48;187,71;418,71;418,71;0;1;0;0;0;1;C;16/07/2026;03/07/2026;RA0716;C;162HC1;GM - Brasil;Não;Não;Ativo;1;ONIX - 2013 A 2021, PRISMA - 2013 A 2021
9;52114729;MANGUEIRA ENTRADA RADIADOR;27;37,41;37,42;48,73;139,75;139,75;3;5;11;8;11;5;A;29/07/2026;03/08/2026;JLL20;A;160PA1;GM - Brasil;Não;Não;Ativo;1;COBALT - 2012 A 2020, ONIX - 2013 A 2019, PRISMA B - 2013 A 2019
9;52116812;PARA-CHOQUE DIANTEIRO;28;525,32;523,69;525,32;1.550,91;1.550,91;16;14;11;6;8;8;A;01/08/2026;31/07/2026;JLL40;A;CAIXA04;GM - Brasil;Não;Não;Ativo;1;ONIX - 2013 A 2019, PRISMA B - 2013 A 2019
9;52117031;FORRO CAIXA RODA TRASEIRA DIR;6;43,63;43,63;56,01;115,27;115,27;3;2;2;2;1;1;A;30/07/2026;08/07/2026;JLL08;A;160DC1;GM - Brasil;Não;Não;Ativo;1;ONIX - 2013 A 2019
9;52117538;LANTERNA TRASEIRA DIREITA;2;163,50;162,67;206,03;401,54;401,54;0;1;1;1;0;1;B;06/06/2026;26/06/2026;LOT17M;B;151SC1;GM - Brasil;Não;Não;Ativo;1;TRAILBLAZER - 2013 A 2021
9;52117539;LANTERNA TRASEIRA PARA-CHOQUE ESQ;2;162,67;162,67;162,67;401,54;401,54;0;4;0;0;0;1;B;29/07/2026;02/07/2026;JLL38;B;151AC1;GM - Brasil;Não;Não;Ativo;1;TRAILBLAZER - 2013 A 2021
9;52118185;PROTETOR PAINEL LE;4;62,67;83,94;81,86;140,86;140,86;1;3;3;1;2;0;A;13/07/2026;22/07/2026;CVA170;A;160XC1;GM - Brasil;Não;Não;Ativo;1;ONIX - 2013 A 2019, PRISMA B - 2013 A 2019
9;52118948;TAMPA TERMINAL;1;54,66;54,66;54,66;103,08;103,08;0;1;0;0;0;0;C;28/02/2026;15/06/2026;DD0254;C;106BH1;GM - Brasil;Não;Não;Ativo;1;
9;52119069;DEFLETOR SUPERIOR RADIADOR;27;92,63;158,73;149,42;266,32;266,32;4;11;6;9;6;6;A;20/07/2026;03/08/2026;COPA38;A;161PC1;GM - Brasil;Não;Não;Ativo;1;ONIX - 2013 A 2019, PRISMA B - 2013 A 2019
9;52119476;EMBLEMA DIANTEIRO DOURADO;6;125,49;125,67;125,49;263,50;263,50;1;1;3;3;1;1;A;08/07/2026;27/07/2026;CVA161;A;108QK1;GM - Brasil;Sim;Sim;Ativo;1;S10 B - 2012 A 2020, TRAILBLAZER - 2013 A 2020
9;52119573;LANTERNA TRASEIRA DIREITA;1;101,10;101,10;134,46;311,68;311,68;0;0;0;0;1;0;C;05/05/2026;30/03/2026;ABRR45;C;110DH1;GM - Brasil;Não;Não;Ativo;1;COBALT - 2016 A 2020
9;52119574;LANTERNA TRASEIRA ESQUERDA;2;102,60;99,59;102,60;307,07;307,07;0;0;1;0;0;0;C;16/06/2026;29/05/2026;COPA17;C;108RL;GM - Brasil;Não;Não;Ativo;1;COBALT - 2012 A 2020
9;52119670;LANTERNA TRASEIRA DIREITA;5;271,76;271,69;271,76;788,03;788,03;1;12;0;0;0;1;B;31/07/2026;30/07/2026;JLL39;B;155PA1;GM - Brasil;Não;Não;Ativo;1;COBALT - 2012 A 2020
9;52119671;LANTERNA TRASEIRA ESQUERDA;5;254,17;263,55;254,17;764,39;764,39;0;14;1;2;2;1;A;29/07/2026;02/07/2026;JLL38;A;107QP1;GM - Brasil;Não;Não;Ativo;1;COBALT - 2012 A 2020
9;52119785;GRADE DIANTEIRA INFERIOR;14;198,99;189,27;189,27;536,68;536,68;2;6;4;2;2;3;A;13/07/2026;27/07/2026;COPA47;A;900BB1;GM - Brasil;Não;Não;Ativo;1;ONIX - 2013 A 2016, PRISMA - 2013 A 2016
9;52119788;GRADE DIANTEIRA INFERIOR;7;252,23;241,16;242,25;683,98;683,98;6;9;2;5;2;1;A;13/07/2026;29/07/2026;COPA47;A;600AB1;GM - Brasil;Não;Não;Ativo;1;ONIX - 2013 A 2019, PRISMA B - 2013 A 2019
9;52119915;ABSORVEDOR ENERGIA DIANTEIRO;6;99,05;99,19;128,41;222,72;222,72;0;1;1;5;4;3;A;08/07/2026;10/06/2026;CVA160;A;162ZC1;GM - Brasil;Não;Não;Ativo;1;S10 B - 2012 A 2020, TRAILBLAZER - 2013 A 2020
9;52120094;PROTETOR PAINEL LE;2;35,13;35,14;35,13;79,08;79,08;2;3;2;2;1;2;A;29/07/2026;22/07/2026;RA0726;A;160CC1;GM - Brasil;Não;Não;Ativo;1;ONIX - 2013 A 2019, PRISMA B - 2013 A 2019
9;52120096;EXTENSAO PARABARRO DIANTEIRO LD;4;34,29;47,15;34,29;79,08;79,08;2;3;2;1;0;2;A;27/03/2026;22/07/2026;CVA109;A;163PB2;GM - Brasil;Não;Não;Ativo;1;ONIX - 2013 A 2019, PRISMA B - 2013 A 2019
9;52120720;BATENTE EIXO TRASEIRO;1;50,08;49,15;91,92;158,13;158,13;0;0;0;0;1;0;D;02/07/2025;31/03/2026;NJU05;D;109DD1;GM - Brasil;Não;Não;Ativo;1;S-10 - 2016 A 2021
9;52120737;DEFLETOR SUPERIOR RADIADOR;11;67,70;90,49;89,51;246,12;246,12;0;4;3;3;3;1;A;16/07/2026;26/06/2026;COPA43;A;161WA1;GM - Brasil;Não;Não;Ativo;1;
9;52120738;DEFLETOR INFERIOR RADIADOR;6;91,49;91,78;118,63;206,58;206,58;1;2;3;2;3;0;A;13/07/2026;16/07/2026;CVA160;A;161SC1;GM - Brasil;Não;Não;Ativo;1;SPIN - 2019 A 2021
9;52120771;LAMP,TAIL;2;581,15;581,15;754,72;1.109,14;1.109,14;0;1;0;1;1;0;B;26/06/2026;12/06/2026;CVA150;B;154DB1;GM - Brasil;Não;Não;Ativo;1;
9;52121125;MOLDURA PAINEL;2;562,62;553,44;553,44;1.343,95;1.343,95;1;0;0;0;1;2;B;20/07/2026;10/07/2026;RA0720;B;156CB1;GM - Brasil;Não;Não;Ativo;1;ONIX - 2017 A 2019
9;52122177;PROTETOR PAINEL LE;3;34,19;32,69;32,69;76,94;76,94;1;1;0;2;3;1;A;03/07/2026;31/07/2026;CVA160;A;161DC1;GM - Brasil;Não;Não;Ativo;1;COBALT - 2012 A 2020, SPIN - 2013 A 2021
9;52122206;ANEL SENSOR VELOCIDADE;13;61,47;61,47;61,47;151,90;151,90;23;25;2;20;2;1;A;31/07/2026;31/07/2026;RA0728;A;110BD1;GM - Brasil;Sim;Sim;Ativo;1;
9;52122241;CINTO SEGURANCA TRASEIRO LE PRISMA B 2016 2017 2018;3;175,48;179,03;213,04;401,98;401,98;2;0;0;2;2;1;A;28/04/2026;31/07/2026;CVA130;A;144BA1;GM - Brasil;Não;Não;Ativo;1;ONIX - 2013 A 2019, PRISMA B - 2013 A 2019, COBALT - 2012 A 2020, SPIN - 2013 A 2020
9;52122482;COMPRESSOR DO AR CONDICIONADO, COM CAPAC ZZ1218;1;1.649,55;2.175,77;2.175,77;;3.473,67;0;0;0;0;0;0;K;18/07/2024;;OLJ20;K;111PK1;GM - Brasil;Sim;Sim;Ativo;1;"
"
9;52123152;AMORTECEDOR DIANTEIRO;10;336,83;333,78;455,29;807,17;807,17;12;5;5;11;5;2;A;29/05/2026;31/07/2026;MAL35;A;152AB1;GM - Brasil;Não;Não;Ativo;1;S10 B - 2012 A 2020
9;52123200;SUPORTE SENSOR LE;3;10,16;9,99;11,85;25,54;25,54;3;2;1;2;5;2;A;29/07/2026;20/07/2026;RA0724;A;113AG2;GM - Brasil;Sim;Sim;Ativo;1;
9;52123271;EMBREAGEM VENTILADOR DO MOTOR;8;1.085,81;1.089,51;1.433,62;2.452,19;2.452,19;2;0;3;3;4;3;A;05/06/2026;24/07/2026;CVA10M;A;111GC1;GM - Brasil;Não;Não;Ativo;1;S10 B - 2012 A 2020, TRAILBLAZER - 2013 A 2020
9;52123580;BUCHA DIANTEIRA BRAÇO SUSPENSÃO;19;69,43;69,43;93,27;224,97;224,97;4;0;15;0;8;5;A;13/07/2026;09/07/2026;COPA47;A;113AC1;GM - Brasil;Não;Não;Ativo;1;S10 B - 2012 A 2020, TRAILBLAZER - 2013 A 2020
9;52123583;BRAÇO CONTROLE;14;330,35;327,77;330,35;1.067,16;1.067,16;2;5;4;5;1;2;A;30/07/2026;21/07/2026;COPA55;A;160PA1;GM - Brasil;Não;Não;Ativo;1;S-10 - 2017 A 2021, TRACKER - 2017 A 2021
9;52123584;BRAÇO CONTROLE;4;334,90;327,77;334,90;1.067,16;1.067,16;4;5;2;1;6;0;A;29/07/2026;30/07/2026;COPA55;A;162SA1;GM - Brasil;Não;Não;Ativo;1;S-10 - 2017 A 2021, TRACKER - 2017 A 2021
9;52123587;BUCHA DA BANDEJA INFERIOR;97;63,66;85,34;82,83;206,26;206,26;0;4;24;16;25;10;A;16/07/2026;03/07/2026;COPA47;A;111PC1;GM - Brasil;Não;Não;Ativo;1;S10 B - 2012 A 2020, TRAILBLAZER - 2013 A 2020
9;52123588;BANDEJA SUSPENSÃO DIANTEIRA DIR;15;707,61;698,21;707,61;2.239,67;2.239,67;0;3;3;3;1;1;A;13/07/2026;23/06/2026;COPA47;A;156QB1;GM - Brasil;Não;Não;Ativo;1;
9;52123589;BANDEJA SUSPENSÃO DIANTEIRA ESQ;2;744,30;1.460,00;1.460,00;2.239,67;2.239,67;1;0;1;0;3;0;B;22/06/2026;30/07/2026;COPA05;B;151QA1;GM - Brasil;Não;Não;Ativo;1;S-10 - 2017 A 2021, TRAILBLAZER - 2017 A 2021
9;52123596;PONTA EIXO LE;3;434,22;446,80;434,22;1.257,04;1.257,04;1;2;1;0;4;0;A;30/07/2026;30/07/2026;JLL16;A;161JA1;GM - Brasil;Não;Não;Ativo;1;S-10 - 2017 A 2020, TRAIBLAZER - 2017 A 2020
9;52123597;PONTA EIXO LD;2;454,56;455,44;454,56;1.464,39;1.464,39;1;0;1;2;1;0;B;05/05/2026;21/07/2026;ABRR43;B;159GC1;GM - Brasil;Não;Não;Ativo;1;
9;52123692;MOLDURA ABERTURA LE;8;72,89;70,58;72,89;205,82;205,82;4;2;2;1;4;3;A;31/07/2026;31/07/2026;JLL44;A;160QC1;GM - Brasil;Não;Não;Ativo;1;ONIX - 2013 A 2019
9;52123693;MOLDURA ABERTURA RODA DIANT DIR;4;74,13;69,17;74,13;201,71;201,71;1;3;2;0;1;0;A;31/07/2026;31/07/2026;JLL44;A;160LA2;GM - Brasil;Não;Não;Ativo;1;ONIX - 2013 A 2019
9;52123842;BOLSA DO AIRBAG PASSAGEIRO;2;1.197,00;1.197,00;1.556,07;2.687,74;2.687,74;1;1;2;0;2;0;A;01/06/2026;17/07/2026;CVA02M;A;151DC1;GM - Brasil;Não;Não;Ativo;1;ONIX - 2013 A 2019, PRISMA B - 2013 A 2019
9;52123931;INTERRUPTOR DO FAROL;4;114,76;114,76;114,76;224,21;224,21;7;7;5;3;4;1;A;14/07/2026;31/07/2026;CVA170;A;106RD1;GM - Brasil;Sim;Sim;Ativo;1;S-10 - 2017 A 2021, TRAIBLAZER - 2017 A 2020
9;52124286;BANDEJA BATERIA;3;71,92;78,07;100,94;175,72;175,72;1;1;1;0;3;1;A;02/07/2026;21/07/2026;CVA160;A;163PB1;GM - Brasil;Não;Não;Ativo;1;S10 B - 2012 A 2020, TRAILBLAZER - 2013 A 2020
9;52124622;PORTA COPOS;2;137,88;144,25;140,97;323,90;323,90;0;0;2;2;3;0;B;07/05/2026;28/05/2026;ACAL02;B;107AD1;GM - Brasil;Não;Não;Ativo;1;S10 B - 2012 A 2020, TRAILBLAZER - 2013 A 2020
9;52124912;PARA-CHOQUE TRASEIRO;6;349,85;348,09;349,85;932,67;932,67;6;3;6;3;1;4;A;01/08/2026;30/07/2026;JLL40;A;500BA1;GM - Brasil;Não;Não;Ativo;1;PRISMA B - 2013 A 2019
9;52125044;PROTETOR CARROCERIA;2;330,52;350,61;330,52;787,25;787,25;0;1;1;1;1;1;B;26/06/2026;30/06/2026;RA0675;B;162PC1;GM - Brasil;Não;Não;Ativo;1;S10 B - 2012 A 2020, TRAILBLAZER - 2013 A 2020
9;52125345;TAMPA CAÇAMBA;2;1.035,29;1.021,64;1.035,29;2.298,90;2.298,90;0;0;1;1;0;0;C;29/07/2026;06/05/2026;RA0726;C;156CC1;GM - Brasil;Não;Não;Ativo;1;S10 B - 2012 A 2020
9;52125484;PARA-CHOQUE TRASEIRO;3;519,41;519,41;627,45;1.388,44;1.388,44;0;1;1;2;0;1;B;06/06/2026;22/06/2026;MAL48;B;600DC1;GM - Brasil;Não;Não;Ativo;1;COBALT - 2018 A 2020
9;52125703;JOGO SAPATAS FREIO TRAS COM LONAS;11;482,87;647,71;482,87;1.233,40;1.233,40;5;3;4;9;2;2;A;02/07/2026;29/07/2026;COPA31;A;152PB1;GM - Brasil;Não;Não;Ativo;1;S10 B - 2012 A 2020
9;52125710;EIXO TRASEIRO;2;2.882,37;2.755,80;3.585,22;8.839,83;8.839,83;1;1;1;1;1;1;A;29/05/2026;09/07/2026;ABRR47;A;163DA1;GM - Brasil;Não;Não;Ativo;1;ONIX - 2013 A 2019, PRISMA B - 2013 A 2019
9;52125739;MOLDURA PORTA DIANTEIRA ESQ;1;78,81;81,18;81,18;201,04;201,04;2;0;0;0;0;0;C;28/07/2026;14/07/2026;RA0724;C;163TC1;GM - Brasil;Não;Não;Ativo;1;ONIX - 2017 A 2019
9;52125741;MOLDURA PORTA LD;1;78,79;78,79;78,79;201,04;201,04;0;1;1;0;1;0;B;30/07/2026;25/06/2026;JLL24;B;163GC1;GM - Brasil;Não;Não;Ativo;1;ONIX - 2017 A 2019
9;52126068;MOLDURA DA GRADE DIANTEIRA;11;312,18;295,47;295,47;700,97;700,97;2;3;3;1;6;1;A;13/07/2026;30/07/2026;COPA47;A;151SB1;GM - Brasil;Não;Não;Ativo;1;ONIX - 2013 A 2019, PRISMA B - 2013 A 2019
9;52126070;MOLDURA DA GRADE DIANTEIRA;7;125,75;117,71;117,71;282,35;282,35;4;5;3;2;2;0;A;13/07/2026;03/08/2026;COPA47;A;150RB1;GM - Brasil;Não;Não;Ativo;1;ONIX - 2013 A 2019, PRISMA B - 2013 A 2019
9;52126421;ALMA PARA-CHOQUE DIANTEIRO;14;392,70;393,24;522,26;1.014,93;1.014,93;7;6;7;11;8;7;A;29/07/2026;31/07/2026;MAL43;A;162DB1;GM - Brasil;Não;Não;Ativo;1;S-10 - 2017 A 2018, TRACKER - 2017 A 2018
9;52126886;MOLDURA DO FAROL MILHA LD;3;38,56;38,56;47,68;86,59;86,59;1;6;1;3;0;0;A;14/07/2026;31/07/2026;CVA170;A;106PH2;GM - Brasil;Não;Não;Ativo;1;S10 B - 2012 A 2020, TRAILBLAZER - 2013 A 2020
9;52127220;STRAP-CHAS FRT WRG H;5;0,74;4,02;0,74;5,51;5,51;0;0;0;0;0;0;D;22/10/2024;15/10/2025;GIR42;D;111CH1;GM - Brasil;Sim;Sim;Ativo;1;
9;52128292;EXTENSÃO PARA-CHOQUE DIANTEIRO;3;237,87;228,07;296,71;512,11;512,11;0;2;1;1;1;0;B;26/06/2026;11/06/2026;CVA151;B;200AB1;GM - Brasil;Não;Não;Ativo;1;S10 B - 2012 A 2020
9;52128451;GRADE DIANTEIRA INFERIOR;4;108,83;110,11;141,92;247,23;247,23;2;1;3;2;1;2;A;02/06/2026;16/07/2026;CVA03M;A;162WC1;GM - Brasil;Não;Não;Ativo;1;SPIN - 2019 A 2021
9;52128452;MOLDURA DA GRADE DIANTEIRA;7;223,27;296,30;310,76;508,88;508,88;3;1;3;4;0;2;A;13/07/2026;22/07/2026;COPA47;A;152CC1;GM - Brasil;Não;Não;Ativo;1;SPIN - 2019 A 2021
9;52128453;MOLDURA DA GRADE DIANTEIRA;7;343,87;343,87;460,99;791,77;791,77;3;3;2;5;0;3;A;28/07/2026;29/07/2026;COPA55;A;154DC1;GM - Brasil;Não;Não;Ativo;1;SPIN - 2019 A 2021
9;52128460;MOLDURA PARA-CHOQUE DIANTEIRO;2;543,32;561,88;543,32;1.073,79;1.073,79;1;1;0;0;0;2;B;26/06/2026;22/07/2026;CVA150;B;154BB1;GM - Brasil;Não;Não;Ativo;1;SPIN - 2013 A 2020
9;52129017;PASTILHA DE FREIO CERÂMICA;35;686,46;908,96;996,95;1.445,11;1.445,11;15;17;10;12;20;9;A;13/07/2026;29/07/2026;COPA43;A;107XB1;GM - Brasil;Não;Não;Ativo;1;S10 B - 2012 A 2020, TRAILBLAZER - 2013 A 2020 19380537 ACDELCO
9;52129205;PARA-CHOQUE TRASEIRO;5;489,38;655,12;655,12;1.306,29;1.306,29;0;1;3;1;2;1;A;13/07/2026;08/06/2026;LOT16M;A;500DB1;GM - Brasil;Não;Não;Ativo;1;PRISMA B - 2013 A 2019
9;52129237;ABSORVEDOR ENERGIA TRASEIRO;5;368,51;368,51;368,51;999,30;999,30;1;2;4;1;3;2;A;31/07/2026;31/07/2026;JLL42;A;162BC1;GM - Brasil;Não;Não;Ativo;1;ONIX - 2016 A 2018
9;52129238;ABSORVEDOR ENERGIA TRASEIRO;9;248,91;334,33;331,37;560,97;560,97;2;4;3;6;1;4;A;02/07/2026;31/07/2026;CVA162;A;900HA;GM - Brasil;Não;Não;Ativo;1;ONIX - 2013 A 2019
9;52129295;RADIADOR;4;1.080,71;1.438,88;1.459,46;3.095,25;3.095,25;2;1;2;1;1;2;A;02/07/2026;30/07/2026;COPA43;A;155CB1;GM - Brasil;Não;Não;Ativo;1;COBALT - 2012 A 2020, ONIX - 2013 A 2019, PRISMA B - 2013 A 2019
9;52129296;RADIADOR;5;772,87;1.035,74;1.064,64;2.228,06;2.228,06;1;3;3;2;2;0;A;02/07/2026;24/07/2026;COPA43;A;900JA;GM - Brasil;Não;Não;Ativo;1;COBALT - 2012 A 2020, ONIX - 2013 A 2019, PRISMA B - 2013 A 2019, SPIN - 2013 A 2020
9;52129328;COXIM DO MOTOR;24;301,44;301,45;301,46;778,01;778,01;16;21;18;10;9;12;A;13/07/2026;30/07/2026;COPA47;A;114BA;GM - Brasil;Não;Não;Ativo;1;S-10 - 2017 A 2021, TRAILBLAZER - 2017 A 2021
9;52129683;GUIA PARA-CHOQUE TRASEIRO DIR;5;36,71;36,71;49,14;82,63;82,63;3;5;5;0;2;1;A;14/07/2026;30/07/2026;CVA170;A;160BB1;GM - Brasil;Não;Não;Ativo;1;PRISMA B - 2013 A 2019
9;52129684;DEFLETOR PNEU DIANTEIRO ESQ;10;47,30;47,35;61,39;106,56;106,56;4;5;3;8;6;5;A;02/07/2026;30/07/2026;CVA161;A;110RC2;GM - Brasil;Não;Não;Ativo;1;S-10 - 2017 A 2021, TRAILBLAZER - 2017 A 2021
9;52129685;DEFLETOR PNEU DIANTEIRO DIR;10;47,27;47,35;47,27;106,56;106,56;3;9;9;7;3;5;A;29/07/2026;21/07/2026;CVA170;A;105CJ1;GM - Brasil;Não;Não;Ativo;1;S10 B - 2012 A 2020, TRAILBLAZER - 2013 A 2020
9;52130032;PARA-CHOQUE DIANTEIRO;10;1.508,63;1.508,33;1.508,63;4.041,47;4.041,47;3;5;6;2;2;1;A;31/07/2026;20/07/2026;JLL02;A;400BA;GM - Brasil;Não;Não;Ativo;1;
9;52130354;GUIA PARA-CHOQUE TRASEIRO ESQ;2;66,39;66,39;86,33;149,42;149,42;1;0;0;1;0;0;C;20/07/2026;09/07/2026;RA0721;C;110PG1;GM - Brasil;Não;Não;Ativo;1;
9;52130356;GUIA PARA-CHOQUE TRASEIRO DIR;2;69,44;69,64;69,44;156,75;156,75;1;0;1;2;0;0;B;20/07/2026;09/07/2026;RA0719;B;161BA1;GM - Brasil;Não;Não;Ativo;1;SPIN - 2019 A 2021
9;52130703;PARA-BARRO DA RODA DIANTEIRA LE;9;653,72;777,42;779,81;1.773,05;1.773,05;9;9;4;9;5;5;A;31/07/2026;30/07/2026;JLL08;A;PARABA15;GM - Brasil;Não;Não;Ativo;1;S-10 - 2012 A 2021, TRAILBLAZER - 2013 A 2021
9;52130705;PARA-BARRO DA RODA DIANTEIRA LD;20;644,46;671,19;644,46;1.773,05;1.773,05;6;10;5;11;10;3;A;30/07/2026;27/07/2026;JLL08;A;PARABA07;GM - Brasil;Não;Não;Ativo;1;S10 B - 2012 A 2020, TRAILBLAZER - 2013 A 2020
9;52130714;ABSORVEDOR ENERGIA TRASEIRO;1;226,58;308,48;308,48;517,60;517,60;1;0;0;0;1;1;B;25/06/2026;27/07/2026;RA0674;B;163GC1;GM - Brasil;Não;Não;Ativo;1;COBALT - 2012 A 2020
9;52130900;BANDEJA BATERIA;5;90,83;86,06;86,06;203,94;203,94;1;1;3;3;1;1;A;13/07/2026;21/07/2026;CVA160;A;160QA1;GM - Brasil;Não;Não;Ativo;1;SPIN - 2013 A 2020
9;52131193;JOGO PASTILHAS FREIO DIANTEIRO;7;446,18;569,68;563,55;1.084,27;1.084,27;2;3;2;0;4;2;A;13/07/2026;31/07/2026;COPA43;A;111DG1;GM - Brasil;Não;Não;Ativo;1;COBALT - 2012 A 2020
9;52131514;CALOTINHA CENTRAL DAS RODAS;6;30,89;31,33;30,89;86,00;86,00;0;1;4;0;2;4;A;29/07/2026;24/06/2026;JLL23;A;107AH1;GM - Brasil;Não;Não;Ativo;1;
9;52131515;CALOTINHA CENTRAL DAS RODAS;22;38,42;38,71;38,42;106,25;106,25;3;19;5;14;7;8;A;29/07/2026;10/07/2026;JLL23;A;107SC1;GM - Brasil;Não;Não;Ativo;1;S10 B - 2012 A 2020, TRAILBLAZER - 2013 A 2020
9;52132169;VIDRO TEMPERADO EM C;1;941,21;941,21;941,21;2.350,26;2.350,26;0;0;0;0;0;0;D;14/08/2025;29/07/2025;TROCGERSON52189714;D;199AB1;GM - Brasil;Não;Não;Ativo;1;
9;52132247;PARA-CHOQUE DIANTEIRO;5;609,01;609,01;791,71;1.631,80;1.631,80;3;2;1;2;3;1;A;28/07/2026;25/07/2026;JLL02;A;500BC1;GM - Brasil;Não;Não;Ativo;1;COBALT - 2012 A 2020
9;52132260;GRADE DIANTEIRA;2;68,07;90,84;90,84;183,32;183,32;0;0;0;1;1;1;B;18/06/2026;23/04/2026;COPA01;B;162BC1;GM - Brasil;Não;Não;Ativo;1;NUMERO NOVO   52132260
9;52132333;CILINDRO MESTRE DO FREIO;1;1.462,93;1.462,93;2.022,68;3.502,54;3.502,54;0;0;0;0;0;0;D;25/08/2025;27/02/2023;DD0851;D;198PB;GM - Brasil;Não;Não;Ativo;1;S-10 - 2012 A 2021
9;52132640;GUIA PARA-CHOQUE DIANT DIR;4;27,71;37,97;36,80;63,71;63,71;1;2;0;0;3;1;A;04/04/2026;08/07/2026;CVA129;A;112QG1;GM - Brasil;Não;Não;Ativo;1;COBALT - 2016 A 2020
9;52132641;GUIA PARA-CHOQUE DIANT ESQ;5;27,56;36,83;36,80;63,71;63,71;1;2;0;0;2;1;B;07/04/2026;25/07/2026;CVA120;B;112CH1;GM - Brasil;Não;Não;Ativo;1;COBALT - 2016 A 2020
9;52133183;GUIA PARA-CHOQUE TRASEIRO;1;47,46;47,46;47,46;106,58;106,58;0;2;0;0;0;0;C;16/07/2026;02/07/2026;RA0717;C;111RH1;GM - Brasil;Não;Não;Ativo;1;SPIN - 2013 A 2020
9;52133289;GUIA PARA-CHOQUE DIANT DIR;3;24,91;23,77;23,77;55,36;55,36;0;0;0;0;2;1;B;25/04/2026;27/03/2026;CVA133;B;109GC1;GM - Brasil;Não;Não;Ativo;1;SPIN - 2013 A 2020
9;52133291;GUIA PARA-CHOQUE DIANT ESQ;2;25,54;33,65;34,38;56,34;56,34;0;0;1;1;1;1;B;11/06/2026;14/05/2026;CVA02M;B;111RG1;GM - Brasil;Não;Não;Ativo;1;COBALT - 2012 A 2020
9;52133614;TRAVA PRIMARIA;4;156,29;147,84;147,84;298,02;298,02;1;3;1;2;0;3;A;03/07/2026;07/07/2026;RA0677;A;107QJ1;GM - Brasil;Não;Não;Ativo;1;ONIX - 2013 A 2019, PRISMA B - 2013 A 2019
9;52133632;GRADE DIANTEIRA RADIADOR;16;319,52;428,61;427,56;717,89;717,89;4;10;6;6;5;4;A;06/07/2026;30/07/2026;CVA162;A;400CA;GM - Brasil;Não;Não;Ativo;1;S10 B - 2012 A 2020, TRAILBLAZER - 2013 A 2020
9;52133634;GRADE DIANTEIRA RADIADOR;10;312,98;327,77;426,42;886,72;886,72;0;0;3;4;3;1;A;13/07/2026;02/06/2026;COPA47;A;210BB;GM - Brasil;Não;Não;Ativo;1;S10 B - 2012 A 2020, TRAILBLAZER - 2013 A 2020
9;52133818;ALMA PARA-CHOQUE DIANTEIRO;27;580,57;577,42;580,57;1.565,80;1.565,80;9;14;8;11;12;9;A;31/07/2026;03/08/2026;JLL42;A;162GB1;GM - Brasil;Não;Não;Ativo;1;ONIX - 2013 A 2019, PRISMA B - 2013 A 2019
9;52133883;ABSORVEDOR ENERGIA TRASEIRO;5;300,12;286,28;300,12;817,19;817,19;4;5;4;2;3;1;A;31/07/2026;31/07/2026;JLL42;A;162ZC2;GM - Brasil;Não;Não;Ativo;1;PRISMA - 2016 A 2020
9;52133884;ABSORVEDOR ENERGIA TRASEIRO;3;443,02;443,02;443,02;1.146,12;1.146,12;1;1;0;1;0;1;B;31/07/2026;08/07/2026;JLL42;B;162ZC3;GM - Brasil;Não;Não;Ativo;1;
9;52133933;SUPORTE DO PAINEL DIANTEIRO LE;2;130,12;128,36;130,12;288,91;288,91;5;8;2;1;0;2;A;29/07/2026;31/07/2026;RA0722;A;110PL1;GM - Brasil;Não;Não;Ativo;1;ONIX - 2013 A 2019, PRISMA B - 2013 A 2019
9;52133934;SUPORTE DO PAINEL DIANTEIRO LD;2;131,54;128,36;131,54;288,91;288,91;6;7;1;1;1;3;A;29/07/2026;03/08/2026;RA0722;A;106SJ;GM - Brasil;Não;Não;Ativo;1;ONIX - 2013 A 2019, PRISMA B - 2013 A 2019
9;52134090;COMPARTIMENTO FERRAMENTAS;2;135,94;129,74;129,74;305,65;305,65;2;3;2;1;2;0;A;14/07/2026;30/07/2026;CVA170;A;152BA1;GM - Brasil;Não;Não;Ativo;1;COBALT - 2012 A 2020, ONIX - 2013 A 2019, PRISMA B - 2013 A 2019
9;52134116;RETRATOR CINTO;5;537,57;544,98;667,39;1.041,48;1.041,48;2;3;1;3;2;0;A;02/07/2026;14/07/2026;CVA162;A;151DA1;GM - Brasil;Não;Não;Ativo;1;
9;52134304;GRADE DIANTEIRA;20;67,40;64,35;87,09;179,96;179,96;12;11;5;4;12;7;A;13/07/2026;03/08/2026;COPA47;A;161ZB1;GM - Brasil;Não;Não;Ativo;1;ONIX - 2013 A 2019, PRISMA B - 2013 A 2019
9;52134584;GUIA PARA-CHOQUE TRASEIRO ESQ;6;36,87;57,79;57,79;71,39;71,39;4;10;3;3;1;3;A;09/07/2026;28/07/2026;CVA170;A;112DH1;GM - Brasil;Não;Não;Ativo;1;ONIX - 2013 A 2019
9;52134586;GUIA PARA-CHOQUE TRASEIRO DIR;3;31,72;49,66;49,66;71,39;71,39;2;9;4;1;1;4;A;16/07/2026;31/07/2026;RA0716;A;108PB1;GM - Brasil;Não;Não;Ativo;1;ONIX - 2013 A 2019
9;52134656;LANTERNA TRASEIRA ESQUERDA;8;568,65;568,73;740,81;1.394,62;1.394,62;6;2;1;4;5;6;A;29/07/2026;28/07/2026;JLL38;A;BOX 06;GM - Brasil;Não;Não;Ativo;1;ONIX - 2013 A 2019
9;52134657;LANTERNA TRASEIRA DIREITA;19;568,37;537,74;740,98;1.394,62;1.394,62;3;5;7;6;2;4;A;09/07/2026;27/07/2026;COPA55;A;BOX 21;GM - Brasil;Não;Não;Ativo;1;ONIX - 2013 A 2019
9;52134742;PARA-CHOQUE DIANTEIRO;2;353,38;353,38;353,38;793,48;793,48;1;0;1;0;0;0;C;16/07/2026;13/07/2026;DD0653;C;400AB;GM - Brasil;Não;Não;Ativo;1;SPIN - 2013 A 2020
9;52134827;PARA-CHOQUE DIANTEIRO;2;249,52;249,52;249,52;666,99;666,99;1;0;0;0;0;2;C;31/07/2026;07/07/2026;JLL40;C;500AB1;GM - Brasil;Não;Não;Ativo;1;COBALT - 2012 A 2020
9;52135241;DECALQUE TAMPA TRASEIRA;8;11,54;9,62;9,62;29,61;29,61;1;2;4;3;2;1;A;08/07/2026;30/07/2026;CVA160;A;106QJ1;GM - Brasil;Sim;Sim;Ativo;1;COBALT - 2012 A 2020, MONTANA B - 2011 A 2020, ONIX - 2013 A 2019, PRISMA B - 2013 A 2019
9;52135242;EMBLEMA TAMPA TRASEIRA;4;14,71;19,86;19,86;35,61;35,61;3;4;2;0;2;1;A;08/07/2026;31/07/2026;CVA160;A;111QJ1;GM - Brasil;Sim;Sim;Ativo;1;PRISMA B - 2013 A 2019
9;52136034;MOLDURA ACABAMENTO;2;63,72;64,27;63,72;139,99;139,99;1;0;0;0;0;0;C;16/06/2026;30/07/2026;RA0669;C;162AC1;GM - Brasil;Não;Não;Ativo;1;
9;52136164;TAMPA SUPORTE TRILHO LAT BAGAGEIRO;2;134,90;134,90;134,90;302,89;302,89;3;3;1;3;0;1;A;31/07/2026;27/07/2026;RA0722;A;108TD1;GM - Brasil;Não;Não;Ativo;1;
9;52136167;TAMPA SUPORTE;1;141,50;141,50;141,50;317,72;317,72;3;1;4;1;0;0;A;29/06/2026;28/07/2026;CVA150;A;109GJ1;GM - Brasil;Não;Não;Ativo;1;
9;52136173;TAMPA SUPORTE LD;2;114,08;114,08;114,08;248,47;248,47;3;1;4;1;1;1;A;02/07/2026;31/07/2026;CVA160;A;111RG2;GM - Brasil;Não;Não;Ativo;1;
9;52136574;FAROL DIANTEIRO DIREITO;2;1.207,74;1.750,70;1.750,70;2.676,61;2.676,61;0;0;0;0;0;0;D;27/11/2025;12/11/2025;RA1187;D;BOX 13;GM - Brasil;Não;Não;Ativo;1;S-10 - 2017 A 2021, TRAILBLAZER - 2017 A 2021
9;52136853;PARA-LAMA DIANTEIRO ESQUERDO;30;1.668,62;1.658,92;2.171,34;4.434,45;4.434,45;5;11;10;8;4;11;A;09/07/2026;30/07/2026;COPA55;A;300AA1;GM - Brasil;Não;Não;Ativo;1;S10 B - 2012 A 2020, TRAILBLAZER - 2013 A 2020
9;52136855;PARA-LAMA DIANTEIRO DIREITO;23;1.665,56;1.587,31;2.158,99;4.434,45;4.434,45;6;8;6;12;4;2;A;09/07/2026;27/07/2026;COPA55;A;950AA1;GM - Brasil;Não;Não;Ativo;1;S10 B - 2012 A 2020, TRAILBLAZER - 2013 A 2020
9;52136938;PARA-CHOQUE DIANTEIRO;6;301,22;292,44;395,14;806,80;806,80;5;3;8;1;4;3;A;16/06/2026;31/07/2026;MAL41;A;400AA1;GM - Brasil;Não;Não;Ativo;1;ONIX - 2013 A 2019
9;52137180;LANTERNA TRASEIRA ESQUERDA;17;571,98;752,87;761,77;1.465,49;1.465,49;7;7;5;6;5;7;A;09/07/2026;30/07/2026;COPA40;A;BOX 09;GM - Brasil;Não;Não;Ativo;1;PRISMA B - 2013 A 2019
9;52137181;LANTERNA TRASEIRA DIREITA;17;553,07;527,62;743,02;1.421,53;1.421,53;6;6;7;4;3;4;A;09/07/2026;30/07/2026;COPA55;A;BOX 08;GM - Brasil;Não;Não;Ativo;1;PRISMA B - 2013 A 2019
9;52137554;LANTERNA DE NEBLINA TRASEIRA LE;4;74,62;100,34;100,34;216,95;216,95;1;1;1;2;0;1;A;09/07/2026;31/07/2026;COPA55;A;107BL1;GM - Brasil;Não;Não;Ativo;1;ONIX - 2013 A 2019, SPIN - 2013 A 2020
9;52137555;LANTERNA PARA-CHOQUE LD;3;74,80;74,80;74,80;216,95;216,95;2;2;1;0;0;1;A;29/07/2026;30/07/2026;JLL38;A;109CB2;GM - Brasil;Não;Não;Ativo;1;ONIX - 2013 A 2019, SPIN - 2013 A 2020
9;52137556;LANTERNA PARA-CHOQUE LE;3;76,95;104,22;101,26;225,35;225,35;1;3;0;3;2;1;A;22/04/2026;23/07/2026;ABRR26;A;110BB1;GM - Brasil;Não;Não;Ativo;1;PRISMA B - 2013 A 2019
9;52137557;LANTERNA PARA-CHOQUE;4;76,93;104,21;104,23;225,35;225,35;5;2;1;4;2;2;A;09/07/2026;30/07/2026;COPA55;A;111QD1;GM - Brasil;Não;Não;Ativo;1;PRISMA B - 2013 A 2019
9;52137781;LINK ASM-FRT S/;4;62,26;63,38;82,47;141,99;141,99;4;1;5;3;2;2;A;08/07/2026;31/07/2026;CVA160;A;111QC2;GM - Brasil;Não;Não;Ativo;1;
9;52137787;LINK ASM-RR S/D;2;64,43;64,43;64,43;140,01;140,01;0;1;0;1;2;0;B;14/07/2026;22/06/2026;CVA170;B;109BA2;GM - Brasil;Não;Não;Ativo;1;
9;52137929;VENTILADOR MOTOR;5;446,76;446,76;598,41;1.417,18;1.417,18;0;0;3;1;1;1;A;16/06/2026;29/05/2026;COPA19;A;155QC1;GM - Brasil;Sim;Sim;Ativo;1;S-10 - 2017 A 2021, TRAILBLAZER - 2017 A 2021
9;52138045;MOLDURA ACABAMENTO LD;1;229,77;308,03;300,51;446,80;446,80;0;0;0;0;0;0;D;30/01/2026;10/11/2025;RA0122;D;156AC1;GM - Brasil;Não;Não;Ativo;1;S-10 - 2012 A 2021
9;52138658;SEMI-EIXO DIANTEIRO ESQUERDO;1;1.055,87;1.055,87;1.373,66;2.370,86;2.370,86;0;0;0;0;0;0;D;16/07/2026;10/07/2025;DD0709;D;154BA1;GM - Brasil;Não;Não;Ativo;1;
9;52138883;MOLDURA DA GRADE DIANTEIRA;3;385,04;385,04;385,04;886,54;886,54;0;0;0;1;2;0;B;16/06/2026;30/04/2026;COPA01;B;161QA1;GM - Brasil;Não;Não;Ativo;1;SPIN - 2019 A 2020
9;52139158;JOGO DE FIOS COM CON;1;2.832,95;2.832,95;2.832,95;6.276,19;6.276,19;0;0;0;0;0;0;D;16/12/2025;16/12/2025;ZZ1045;D;152QC1;GM - Brasil;Não;Não;Obsoleto;1;
9;52139280;FAROL NEBLINA DIANT ESQUERDO;36;121,74;108,22;121,74;366,39;366,39;9;16;14;10;7;5;A;09/07/2026;30/07/2026;COPA55;A;150QB1;GM - Brasil;Não;Não;Ativo;1;AGILE - 2010 A 2014, COBALT - 2012 A 2020, ONIX - 2013 A 2019, PRISMA B - 2013 A 2019, S10 B - 2012 A 2020, SONIC - 2012 A 2014, TRAILBLAZER - 2013 A 2020
9;52139281;FAROL NEBLINA DIANT DIREITO;30;120,10;112,38;155,79;366,39;366,39;10;14;9;14;9;4;A;09/07/2026;31/07/2026;COPA55;A;154DB1;GM - Brasil;Não;Não;Ativo;1;AGILE - 2010 A 2014, COBALT - 2012 A 2020, ONIX - 2013 A 2019, PRISMA B - 2013 A 2019, S10 B - 2012 A 2020, SONIC - 2012 A 2014, TRAILBLAZER - 2013 A 2020
9;52139528;EXTENSÃO PAINEL EXTERIOR LATERAL;1;459,13;459,13;459,13;1.099,96;269,97;0;0;1;0;0;0;D;20/10/2025;02/06/2026;DD1036;D;162TA1;GM - Brasil;Não;Não;Ativo;1;
9;52139585;TRAVA PRIM;1;173,31;173,31;225,34;329,99;329,99;0;0;0;0;2;2;B;01/06/2026;30/03/2026;CVA02M;B;113BB1;GM - Brasil;Não;Não;Ativo;1;S-10 - 2012 A 2021, TRAIBLAZER - 2013 A 2021
9;52139586;TRAVA PRIM;2;365,12;490,26;474,88;697,74;697,74;0;0;0;2;0;0;C;18/05/2026;24/04/2026;RA0571;C;107PA1;GM - Brasil;Não;Não;Ativo;1;S10 B - 2012 A 2020, TRAILBLAZER - 2013 A 2020
9;52139593;DOBRADIÇA TAMPA TRASEIRA;2;35,82;35,82;48,46;88,83;88,83;0;0;0;0;2;0;C;26/05/2026;27/03/2026;RA0578;C;105BH2;GM - Brasil;Sim;Sim;Ativo;1;
9;52139997;LANTERNA TRASEIRA DIREITA;3;468,89;460,40;611,35;1.335,33;1.335,33;3;1;0;1;2;2;A;29/07/2026;29/07/2026;JLL38;A;150QB1;GM - Brasil;Não;Não;Ativo;1;
9;52139998;LANTERNA TRASEIRA LE;1;460,40;460,40;460,40;1.335,33;1.335,33;1;0;0;1;0;1;B;05/05/2026;27/07/2026;ABRR45;B;153RA1;GM - Brasil;Não;Não;Ativo;1;COM LED
9;52139999;LANTERNA TRASEIRA LE;8;400,71;401,22;521,10;1.163,72;1.163,72;2;3;3;3;1;1;A;09/07/2026;29/07/2026;COPA55;A;152SA1;GM - Brasil;Não;Não;Ativo;1;S-10 - 2017 A 2021
9;52140001;LANTERNA TRASEIRA DIREITA;2;511,41;446,91;511,41;1.296,22;1.296,22;0;1;0;0;1;0;C;30/07/2026;05/06/2026;RA0726;C;151DC1;GM - Brasil;Não;Não;Ativo;1;
9;52140146;TAMPA TRASEIRA;16;2.078,50;2.078,50;2.846,14;5.556,04;5.556,04;7;5;12;6;2;3;A;31/07/2026;30/07/2026;JLL41;A;400CA;GM - Brasil;Não;Não;Ativo;1;PRISMA B - 2013 A 2019
9;52140147;TAMPA TRASEIRA;19;1.305,77;1.745,34;1.745,34;3.480,14;3.480,14;2;5;7;4;10;5;A;16/06/2026;03/08/2026;MAL42;A;DEPOSITO C;GM - Brasil;Não;Não;Ativo;1;PRISMA B - 2013 A 2019
9;52140147;TAMPA TRASEIRA;19;1.305,77;1.745,34;1.745,34;3.480,14;3.480,14;2;5;7;4;10;5;A;16/06/2026;03/08/2026;MAL42;A;400CA;GM - Brasil;Não;Não;Ativo;1;PRISMA B - 2013 A 2019
9;52140150;CAPÔ DO MOTOR;2;1.680,32;1.423,97;1.423,97;3.216,41;3.216,41;13;15;16;11;14;16;A;29/07/2026;31/07/2026;JORLAN BH//GOIA CIC;A;DEPOSIT BB;GM - Brasil;Não;Não;Ativo;1;ONIX - 2013 A 2019, PRISMA B - 2013 A 2019
9;52140150;CAPÔ DO MOTOR;2;1.680,32;1.423,97;1.423,97;3.216,41;3.216,41;13;15;16;11;14;16;A;29/07/2026;31/07/2026;JORLAN BH//GOIA CIC;A;199AA1;GM - Brasil;Não;Não;Ativo;1;ONIX - 2013 A 2019, PRISMA B - 2013 A 2019
9;52140191;BOMBA DE COMBUSTÍVEL;5;653,38;657,16;653,38;1.996,17;1.996,17;1;1;1;1;2;3;A;05/06/2026;24/07/2026;LOT15M;A;152PC1;GM - Brasil;Não;Não;Ativo;1;S10 B - 2012 A 2020, TRAILBLAZER - 2013 A 2020
9;52140259;COMPRESSOR AR CONDICIONADO;5;1.780,48;2.480,56;2.432,25;4.873,31;4.873,31;0;2;0;1;2;1;A;09/07/2026;16/06/2026;COPA43;A;111DJ1;GM - Brasil;Sim;Sim;Ativo;1;
9;52140268;EMBLEMA TAMPA TRASEIRA;3;146,53;108,76;168,25;309,06;309,06;1;2;4;0;3;0;A;26/06/2026;03/08/2026;CVA150;A;110RG1;GM - Brasil;Sim;Sim;Ativo;1;PRISMA B - 2013 A 2019
9;52140271;GUIA PARA-CHOQUE TRASEIRO ESQ;8;51,30;51,38;51,30;115,36;115,36;0;1;3;2;3;1;A;13/07/2026;25/06/2026;CVA161;A;160JA1;GM - Brasil;Não;Não;Ativo;1;PRISMA B - 2013 A 2019
9;52140272;GUIA PARA-CHOQUE TRASEIRO DIR;6;51,37;51,38;68,47;115,36;115,36;0;1;3;0;1;2;A;13/07/2026;26/06/2026;CVA170;A;161WC1;GM - Brasil;Não;Não;Ativo;1;PRISMA B - 2013 A 2019
9;52140275;GUIA PARA-CHOQUE TRASEIRO DIR;4;33,15;32,80;33,15;87,89;87,89;7;6;4;4;3;3;A;31/07/2026;31/07/2026;JLL40;A;111CC2;GM - Brasil;Não;Não;Ativo;1;ONIX - 2013 A 2019
9;52140276;GUIA PARA-CHOQUE TRASEIRO ESQ;13;35,28;33,95;35,28;90,74;90,74;8;7;2;3;2;2;A;31/07/2026;31/07/2026;JLL40;A;160CC1;GM - Brasil;Não;Não;Ativo;1;ONIX - 2013 A 2019
9;52140289;REGULADOR DE VOLTAGEM;2;444,79;425,93;568,94;983,95;983,95;1;0;0;0;1;2;B;24/03/2026;27/07/2026;CVA112;B;113DD1;GM - Brasil;Sim;Sim;Ativo;1;S-10 - 2021 A 2021, TRAIBLAIZER - 2021 A 2021
9;52141403;PORTA TRASEIRA ESQUERDA;24;735,54;963,23;978,72;1.920,65;1.920,65;8;12;4;10;7;4;A;22/07/2026;31/07/2026;JLL06;A;DEPOSITO B;GM - Brasil;Não;Não;Ativo;1;ONIX - 2013 A 2021, PRISMA - 2013 A 2021
9;52141403;PORTA TRASEIRA ESQUERDA;24;735,54;963,23;978,72;1.920,65;1.920,65;8;12;4;10;7;4;A;22/07/2026;31/07/2026;JLL06;A;199AA1;GM - Brasil;Não;Não;Ativo;1;ONIX - 2013 A 2021, PRISMA - 2013 A 2021
9;52141408;PORTA TRASEIRA DIREITA;15;1.168,52;1.160,50;1.518,24;3.102,11;3.102,11;6;3;6;5;5;4;A;31/07/2026;28/07/2026;JLL43;A;199AA1;GM - Brasil;Não;Não;Ativo;1;ONIX - 2013 A 2021, PRISMA - 2013 A 2021
9;52141408;PORTA TRASEIRA DIREITA;15;1.168,52;1.160,50;1.518,24;3.102,11;3.102,11;6;3;6;5;5;4;A;31/07/2026;28/07/2026;JLL43;A;DEPOSITO B;GM - Brasil;Não;Não;Ativo;1;ONIX - 2013 A 2021, PRISMA - 2013 A 2021
9;52141448;TAMPA PORTA-MALAS;10;1.589,20;1.579,84;2.055,34;4.223,09;4.223,09;2;2;5;4;3;2;A;31/07/2026;22/07/2026;JLL41;A;400BB;GM - Brasil;Não;Não;Ativo;1;ONIX - 2013 A 2019
9;52141449;TAMPA TRASEIRA;14;1.286,63;1.274,45;1.671,94;3.406,76;3.406,76;1;4;6;5;2;3;A;31/07/2026;14/07/2026;JLL41;A;300AA1;GM - Brasil;Não;Não;Ativo;1;ONIX - 2013 A 2019
9;52141669;PAINEL FRONTAL SUPERIOR;14;511,41;494,77;487,74;1.363,27;1.363,27;6;4;8;5;6;2;A;30/07/2026;03/08/2026;JLL03;A;162ZB2;GM - Brasil;Não;Não;Ativo;1;ONIX - 2013 A 2019, PRISMA B - 2013 A 2019
9;52141759;PARA-CHOQUE TRASEIRO;16;579,10;774,34;773,20;1.546,72;1.546,72;1;8;4;7;3;4;A;27/07/2026;07/07/2026;JLL02;A;600DB1;GM - Brasil;Não;Não;Ativo;1;ONIX - 2013 A 2019
9;52141913;PARA-CHOQUE DIANTEIRO;12;688,53;684,74;893,42;1.834,71;1.834,71;8;6;7;4;3;3;A;27/07/2026;30/07/2026;JLL02;A;400AA1;GM - Brasil;Não;Não;Ativo;1;S10 B - 2012 A 2020, TRAILBLAZER - 2013 A 2020
9;52141918;PARA-CHOQUE DIANTEIRO;1;561,56;561,56;561,56;1.659,11;1.659,11;1;1;1;0;1;0;B;01/08/2026;30/07/2026;JLL40;B;600CB1;GM - Brasil;Não;Não;Ativo;1;S10 B - 2012 A 2020, TRAILBLAZER - 2013 A 2020
9;52141919;PARA-CHOQUE DIANTEIRO;13;670,93;610,22;610,22;1.879,78;1.879,78;1;5;3;7;2;4;A;16/06/2026;20/07/2026;LOT11M;A;CAIXA08;GM - Brasil;Não;Não;Ativo;1;S10 B - 2012 A 2020, TRAILBLAZER - 2013 A 2020
9;52141945;INSERTO EXTERIOR LE;3;33,77;33,99;33,77;74,02;74,02;3;4;3;0;3;2;A;20/07/2026;30/07/2026;CVA151;A;106CB1;GM - Brasil;Não;Não;Ativo;1;S10 B - 2012 A 2020, TRAILBLAZER - 2013 A 2020
9;52141946;INSERTO EXTERIOR LD;10;33,90;44,19;44,72;74,02;74,02;1;7;3;1;3;3;A;20/07/2026;07/07/2026;CVA151;A;110CC1;GM - Brasil;Não;Não;Ativo;1;S10 B - 2012 A 2020, TRAILBLAZER - 2013 A 2020
9;52142150;PAINEL DIANTEIRO;2;1.078,08;1.078,08;1.078,08;2.881,85;2.881,85;1;3;1;1;0;0;B;10/07/2026;31/07/2026;COPA27;B;162ZA2;GM - Brasil;Não;Não;Ativo;1;COBALT - 2012 A 2020
9;52142292;PARA-BARRO RODA DIANTEIRA LD;1;97,99;117,84;119,88;256,78;256,78;2;1;0;0;2;0;B;31/03/2026;21/07/2026;NMA37;B;163QA1;GM - Brasil;Não;Não;Ativo;1;SPIN - 2019 A 2021
9;52142293;FORRO CAIXA RODA DIANTEIRA DIR;1;96,35;101,10;123,98;267,70;267,70;1;1;0;0;0;0;B;28/04/2026;10/07/2026;ABRR08;B;164PC1;GM - Brasil;Não;Não;Ativo;1;SPIN - 2019 A 2021
9;52142295;FORRO CAIXA RODA DIANTEIRA ESQ;7;98,72;91,59;128,65;267,70;267,70;0;1;0;1;1;2;A;05/06/2026;03/07/2026;MAL52;A;PARABA20;GM - Brasil;Não;Não;Ativo;1;SPIN - 2019 A 2021
9;52142296;PARA-BARRO RODA DIANTEIRA LE;2;90,69;87,85;119,16;256,78;256,78;2;0;1;2;0;1;A;06/06/2026;28/07/2026;MAL52;A;PARABA04;GM - Brasil;Não;Não;Ativo;1;SPIN - 2019 A 2021
9;52142398;FAROL DIANTEIRO ESQUERDO;4;1.353,35;1.353,35;1.780,89;3.318,58;3.318,58;3;0;3;1;2;0;A;09/07/2026;29/07/2026;COPA55;A;BOX 25;GM - Brasil;Não;Não;Ativo;1;ONIX - 2013 A 2019
9;52142399;FAROL DIANTEIRO DIREITO;5;1.353,35;1.353,35;1.763,64;3.318,58;3.318,58;2;1;4;1;0;1;A;09/07/2026;20/07/2026;COPA55;A;BOX 04;GM - Brasil;Não;Não;Ativo;1;ONIX - 2013 A 2019
9;52142400;FAROL DIANTEIRO ESQUERDO;1;1.268,76;1.268,76;1.656,31;3.111,18;3.111,18;1;0;1;0;1;1;B;02/07/2026;21/07/2026;COPA40;B;153BA1;GM - Brasil;Não;Não;Ativo;1;PRISMA B - 2013 A 2019, ONIX - 2013 A 2019
9;52142402;FAROL ESQUERDO;9;919,66;919,70;1.212,62;2.255,25;2.255,25;2;4;3;0;3;2;A;29/07/2026;27/07/2026;JLL38;A;BOX 06;GM - Brasil;Não;Não;Ativo;1;ONIX - 2013 A 2019, PRISMA B - 2013 A 2019
9;52142403;FAROL DIREITO;7;916,53;916,99;1.190,84;2.255,25;2.255,25;4;0;0;3;6;1;A;29/07/2026;27/07/2026;JLL38;A;BOX 17;GM - Brasil;Não;Não;Ativo;1;ONIX - 2013 A 2019, PRISMA B - 2013 A 2019
9;52142772;FRISO TRILHO TETO LE COBALT 2012 2013 2014;4;121,08;131,30;121,08;294,83;294,83;2;0;0;0;0;0;C;16/06/2026;28/07/2026;RA0671;C;162ZC3;GM - Brasil;Não;Não;Ativo;1;COBALT - 2012 A 2020
9;52142773;MOLDURA ACABAMENTO;3;130,93;137,73;130,93;299,98;299,98;3;0;0;0;0;0;C;16/06/2026;28/07/2026;RA0671;C;161TA1;GM - Brasil;Não;Não;Ativo;1;COBALT - 2012 A 2020
9;52143413;BRACO DA TRAVESSA DE;2;528,58;528,58;528,58;1.171,41;1.171,41;0;0;0;0;0;0;D;04/04/2026;30/12/2025;ZZ0375;D;162XB1;GM - Brasil;Não;Não;Ativo;1;
9;52143414;BRACO DA TRAVESSA DE;1;512,72;512,72;512,72;1.151,27;1.151,27;0;0;1;0;0;0;C;29/06/2026;29/05/2026;CVA151;C;155BC1;GM - Brasil;Não;Não;Ativo;1;
9;52144525;PARA-CHOQUE TRASEIRO;2;866,38;826,65;826,65;2.316,54;2.316,54;3;0;2;2;0;0;A;06/06/2026;31/07/2026;LOT16M;A;600AA1;GM - Brasil;Não;Não;Ativo;1;ONIX - 2013 A 2019
9;52144826;TRAVA PRIM;3;435,43;444,93;577,27;848,40;848,40;1;1;0;1;2;3;A;13/07/2026;27/07/2026;CVA161;A;105AL1;GM - Brasil;Não;Não;Ativo;1;S-10 - 2021 A 2021, TRAIBLAZER - 2021 A 2021
9;52144834;CINTO DE SEGURANÇA LD;2;305,74;305,74;305,74;686,52;686,52;0;0;0;0;0;1;C;02/06/2026;15/05/2026;CVA04M;C;110PC1;GM - Brasil;Não;Não;Ativo;1;COBALT - 2012 A 2020, ONIX - 2013 A 2019, PRISMA B - 2013 A 2019
9;52144854;PAINEL GRADE;1;387,56;389,72;507,02;875,08;875,08;2;1;0;0;0;2;B;20/07/2026;30/07/2026;RA0719;B;162CC1;GM - Brasil;Não;Não;Ativo;1;ONIX - 2013 A 2019, PRISMA B - 2013 A 2019
9;52145060;MOLDURA DO FAROL MILHA LE;6;67,18;66,91;86,85;150,22;150,22;4;3;3;6;3;3;A;13/07/2026;30/07/2026;CVA160;A;160DA1;GM - Brasil;Não;Não;Ativo;1;S10 B - 2012 A 2020, TRAILBLAZER - 2013 A 2020
9;52145061;MOLDURA FAROL NEBLINA DIREITO;10;66,71;89,69;88,95;150,22;150,22;1;7;5;6;2;4;A;13/07/2026;07/07/2026;CVA170;A;161JC1;GM - Brasil;Não;Não;Ativo;1;S10 B - 2012 A 2020, TRAILBLAZER - 2013 A 2020
9;52145380;COXIM DO MOTOR ESQUERDO;7;735,62;736,67;735,62;1.654,14;1.654,14;4;1;4;2;3;1;A;16/06/2026;23/07/2026;CVA10M;A;198CC1;GM - Brasil;Não;Não;Ativo;1;S-10 - 2015 A 2021
9;52145383;COXIM DO MOTOR DIREITO;9;290,21;290,21;290,21;749,01;749,01;5;2;3;2;3;1;A;22/06/2026;24/07/2026;COPA09;A;155SB1;GM - Brasil;Não;Não;Ativo;1;S-10 - 2015 A 2021
9;52145566;CAPÔ DO MOTOR;3;2.166,45;2.814,78;2.814,78;5.680,21;5.680,21;1;3;0;1;0;1;B;07/07/2026;25/07/2026;COPA47;B;199AG1;GM - Brasil;Não;Não;Ativo;1;COBALT - 2012 A 2020
9;52145811;ISOLADOR COMPARTIMENTO FRONTAL;2;399,32;524,48;546,12;1.007,99;1.007,99;2;1;0;0;1;2;B;09/03/2026;14/07/2026;CVA103;B;154QA1;GM - Brasil;Não;Não;Ativo;1;ONIX - 2013 A 2019, PRISMA B - 2013 A 2019
9;52146139;ALAVANCA FREIO DE MÃO;24;432,59;582,23;564,00;975,20;975,20;7;7;15;14;16;13;A;02/07/2026;31/07/2026;CVA162;A;BOX 22;GM - Brasil;Não;Não;Ativo;1;BOTÃO PRETO
9;52146140;ALAVANCA FREIO DE MÃO;92;440,90;591,42;591,45;990,62;990,62;12;11;15;11;21;68;A;04/04/2026;29/07/2026;PDFX02;A;200BA;GM - Brasil;Não;Não;Ativo;1;BOTÃO CROMADO
9;52146730;DEFLETOR VENTOINHA RADIADOR;2;150,40;115,95;115,95;451,80;451,80;3;1;0;2;0;2;A;02/07/2026;30/07/2026;COPA43;A;153CA1;GM - Brasil;Sim;Sim;Ativo;1;
9;52146731;DEFLETOR VENTOINHA RADIADOR;9;150,08;203,69;214,98;470,63;470,63;2;6;1;4;4;2;A;03/07/2026;03/08/2026;COPA40;A;155RB1;GM - Brasil;Sim;Sim;Ativo;1;
9;52146732;VENTOINHA RADIADOR;5;387,87;387,87;515,99;1.227,91;1.227,91;0;2;1;2;0;0;A;09/07/2026;19/06/2026;COPA40;A;163PA1;GM - Brasil;Sim;Sim;Ativo;1;COBALT - 2012 A 2020, ONIX - 2013 A 2019, PRISMA B - 2013 A 2019, SPIN - 2013 A 2020
9;52146735;LANTERNA TRASEIRA DIREITA;2;313,82;421,12;421,12;1.065,19;1.065,19;0;1;2;0;1;1;B;02/07/2026;08/06/2026;COPA40;B;152CB1;GM - Brasil;Não;Não;Ativo;1;ONIX - 2013 A 2019
9;52146736;LANTERNA TRASEIRA ESQUERDA;7;332,14;313,82;507,91;1.065,19;1.065,19;0;1;2;2;1;0;A;09/07/2026;23/06/2026;COPA55;A;151RA1;GM - Brasil;Não;Não;Ativo;1;ONIX - 2013 A 2019
9;52147811;FAROL DIANTEIRO DIREITO;2;623,58;836,86;845,04;1.785,41;1.785,41;0;0;0;0;1;0;C;31/03/2026;20/03/2026;NMA39;C;152BC1;GM - Brasil;Não;Não;Ativo;1;PRISMA B - 2013 A 2019, ONIX - 2013 A 2019
9;52147812;FAROL DIANTEIRO ESQUERDO;2;617,41;615,57;617,41;1.785,41;1.785,41;0;1;0;1;1;0;B;05/05/2026;27/06/2026;ABRR45;B;155AC1;GM - Brasil;Não;Não;Ativo;1;ONIX - 2013 A 2019, PRISMA B - 2013 A 2019
9;52147829;LANTERNA TRASEIRA ESQUERDA;3;350,52;337,65;438,86;979,31;979,31;1;2;2;0;0;1;A;09/07/2026;28/07/2026;COPA55;A;152DA1;GM - Brasil;Não;Não;Ativo;1;ONIX - 2013 A 2019
9;52147889;PORTA DIANTEIRA ESQUERDA;16;1.542,84;1.491,51;1.491,51;4.175,05;4.175,05;6;10;6;9;8;10;A;10/06/2026;29/07/2026;LOT15M;A;199AA1;GM - Brasil;Não;Não;Ativo;1;ONIX - 2013 A 2021, PRISMA - 2013 A 2021
9;52147889;PORTA DIANTEIRA ESQUERDA;16;1.542,84;1.491,51;1.491,51;4.175,05;4.175,05;6;10;6;9;8;10;A;10/06/2026;29/07/2026;LOT15M;A;DEPOSITO B;GM - Brasil;Não;Não;Ativo;1;ONIX - 2013 A 2021, PRISMA - 2013 A 2021
9;52147890;PORTA DIANTEIRA DIREITA;18;1.357,73;1.801,40;1.902,76;3.591,94;3.591,94;8;6;7;4;6;3;A;22/07/2026;31/07/2026;JLL06;A;199AA1;GM - Brasil;Não;Não;Ativo;1;ONIX - 2013 A 2021, PRISMA - 2013 A 2021
9;52147890;PORTA DIANTEIRA DIREITA;18;1.357,73;1.801,40;1.902,76;3.591,94;3.591,94;8;6;7;4;6;3;A;22/07/2026;31/07/2026;JLL06;A;DEPOSITO B;GM - Brasil;Não;Não;Ativo;1;ONIX - 2013 A 2021, PRISMA - 2013 A 2021
9;52149249;AMORTECEDOR TRASEIRO;6;240,51;319,93;315,44;563,65;563,65;0;0;0;0;5;0;B;22/04/2026;31/03/2026;ABRR21;B;159CA1;GM - Brasil;Não;Não;Ativo;1;S10 B - 2012 A 2020
9;52149385;BATERIA ACDELCO 70AH;4;861,79;868,77;861,79;1.621,94;1.621,94;1;4;6;6;5;1;A;31/07/2026;29/07/2026;RA0729;A;197CA;GM - Brasil;Sim;Sim;Ativo;1;VARIOS MODELOS
9;52150608;CONDENSADOR AR CONDICIONADO;16;666,06;679,40;878,10;2.160,27;2.160,27;1;3;1;6;7;2;A;02/07/2026;27/07/2026;COPA43;A;163JA1;GM - Brasil;Sim;Sim;Ativo;1;
9;52150609;SUPORTE CONDENSADOR AR CONDIC;1;17,98;17,98;24,62;41,22;41,22;0;0;0;0;0;0;D;06/01/2026;06/01/2022;CICA02;D;111QD1;GM - Brasil;Não;Não;Ativo;1;
9;52150618;TAMPA CIRCUITO LANTERNA TRAS ESQ;7;36,74;56,75;56,75;151,34;151,34;0;0;0;0;0;0;D;17/06/2025;12/11/2025;NJU13;D;145WB1;GM - Brasil;Sim;Sim;Ativo;1;ONIX - 2013 A 2019
9;52150623;CIRCUITO LANTERNA TRASEIRA LD;6;41,69;50,36;13,28;141,43;141,43;0;1;2;0;0;1;B;01/10/2025;11/06/2026;BST39;B;145AC1;GM - Brasil;Sim;Sim;Ativo;1;PRISMA B - 2013 A 2019
9;52150624;SOQUETE LANTERNA;3;36,22;14,38;11,89;141,43;141,43;0;1;0;0;0;2;B;06/03/2025;19/06/2026;FOL11;B;145SC1;GM - Brasil;Sim;Sim;Ativo;1;PRISMA B - 2013 A 2019
9;52150628;LANTERNA TRASEIRA ESQUERDA;3;530,32;523,95;530,32;1.615,45;1.615,45;2;1;0;3;2;0;A;02/07/2026;30/07/2026;COPA40;A;155BB1;GM - Brasil;Não;Não;Ativo;1;PRISMA B - 2013 A 2019
9;52150661;GRADE DIANTEIRA;14;217,51;214,32;294,17;578,46;578,46;4;3;6;3;5;7;A;13/07/2026;22/07/2026;COPA47;A;800DB1;GM - Brasil;Não;Não;Ativo;1;
9;52150693;GRADE DIANTEIRA;1;317,36;425,45;425,79;858,54;858,54;2;0;1;2;1;0;B;16/06/2026;29/07/2026;COPA01;B;162DC1;GM - Brasil;Não;Não;Ativo;1;SPIN - 2019 A 2021
9;52150709;GRADE DIANTEIRA;2;341,24;443,22;466,72;894,44;894,44;0;0;0;1;2;1;B;16/06/2026;30/04/2026;COPA01;B;900KA;GM - Brasil;Não;Não;Ativo;1;SPIN - 2019 A 2021
9;52150932;CAPÔ DO MOTOR;48;1.690,46;2.256,56;2.256,56;4.553,76;4.553,76;7;11;9;8;4;4;A;22/07/2026;31/07/2026;JLL01;A;199AB1;GM - Brasil;Não;Não;Ativo;1;ONIX - 2013 A 2019, PRISMA B - 2013 A 2019
9;52150993;TAPETE ASSOALHO;1;535,62;535,62;676,31;1.202,67;1.202,67;0;1;0;0;2;0;B;16/07/2026;09/06/2026;RA0437;B;900BB1;GM - Brasil;Não;Não;Ativo;1;ONIX - 2020 A 2020, PRISMA - 2020 A 2020
9;52151008;PAINEL ACABAMENTO PORTA DIANT;1;474,33;474,33;474,33;381,23;381,23;0;0;0;0;0;0;D;13/03/2025;09/09/2025;DD0315;D;900BB1;GM - Brasil;Não;Não;Ativo;1;
9;52151332;BRAÇO LIMPADOR PARA-BRISA;3;126,51;120,82;120,82;297,55;297,55;3;2;0;0;0;2;A;09/03/2026;30/07/2026;CVA103;A;112GJ1;GM - Brasil;Não;Não;Ativo;1;ONIX - 2018 A 2021, PRISMA - 2018 A 2021
9;52151337;BRAÇO LIMPADOR VIDRO TRASEIRO;2;71,43;97,79;93,60;164,07;164,07;1;0;0;1;1;0;B;16/03/2026;08/07/2026;CVA109;B;107RB1;GM - Brasil;Não;Não;Ativo;1;ONIX - 2013 A 2019, TRAILBLAZER - 2013 A 2020
9;52151338;JOGO PALHETAS LIMPADOR PARA-BRISA;2;96,53;119,70;128,14;267,61;267,61;4;3;3;6;4;2;A;30/04/2026;03/08/2026;ABRR24;A;144SC1;GM - Brasil;Não;Não;Ativo;1;ONIX - 2013 A 2019, PRISMA B - 2013 A 2019
9;52151339;JOGO PALHETAS LIMPADOR PARA-BRISA;4;88,07;119,98;116,45;286,07;286,07;1;2;1;1;6;2;A;14/04/2026;14/07/2026;NMA49;A;145QC1;GM - Brasil;Não;Não;Ativo;1;ONIX - 2013 A 2019, PRISMA B - 2013 A 2019
9;52151665;BIELETA DA BARRA ESTABILIZADORA DIREÇÃO;79;58,22;55,65;55,52;161,39;161,39;14;25;22;23;14;20;A;13/07/2026;03/08/2026;COPA47;A;113QA;GM - Brasil;Não;Não;Ativo;1;COBALT - 2012 A 2020, ONIX - 2013 A 2019, PRISMA B - 2013 A 2019, SONIC - 2012 A 2014, SPIN - 2013 A 2020
9;52151725;CALOTA ARO 15;33;47,50;47,00;47,50;151,12;151,12;11;18;18;6;9;7;A;28/07/2026;03/08/2026;JLL23;A;159DA1;GM - Brasil;Não;Não;Ativo;1;ONIX - 2018 A 2021, PRISMA - 2018 A 2021
9;52151788;BORRACHA VEDACAO MULTI USO;5;32,68;45,57;45,57;76,46;76,46;0;0;2;1;2;0;A;02/06/2026;21/05/2026;CVA02M;A;111PG1;GM - Brasil;Não;Não;Ativo;1;ONIX - 2013 A 2019
9;52151789;FAROL DIANTEIRO ESQUERDO;9;603,74;597,85;603,74;1.734,03;1.734,03;3;20;2;3;1;2;A;29/07/2026;25/07/2026;JLL38;A;BOX 18;GM - Brasil;Não;Não;Ativo;1;COBALT - 2012 A 2020
9;52151790;FAROL DIANTEIRO DIREITO;17;637,80;616,35;637,80;1.787,66;1.787,66;0;29;4;1;5;2;A;29/07/2026;30/06/2026;COPA55;A;BOX 27;GM - Brasil;Não;Não;Ativo;1;COBALT - 2016 A 2019
9;52152220;TAMPA CIRCUITO LANTERNA TRAS ESQ;1;67,48;90,46;90,46;213,96;213,96;0;0;1;1;0;0;C;16/01/2025;19/05/2026;PRIO19;C;107DG2;GM - Brasil;Sim;Sim;Ativo;1;
9;52152302;EMBLEMA ADVANTAGE PORTA DIANT;1;114,11;156,12;173,14;297,34;297,34;0;0;0;0;0;1;C;23/02/2026;18/02/2026;RA0248;C;113GD1;GM - Brasil;Sim;Sim;Ativo;1;
9;52153045;CHAVE LUZ FAROL MILHA;6;163,39;204,24;204,24;375,09;375,09;1;7;0;4;0;0;A;14/07/2026;10/07/2026;CVA170;A;112BD1;GM - Brasil;Sim;Sim;Ativo;1;ONIX - 2013 A 2019, PRISMA B - 2013 A 2019
9;52153290;PARA-CHOQUE TRASEIRO;4;391,56;524,40;536,39;1.045,63;1.045,63;2;1;1;1;1;1;A;29/07/2026;10/07/2026;JLL02;A;600DB1;GM - Brasil;Não;Não;Ativo;1;ONIX - 2013 A 2019
9;52153414;PAINEL DO TETO PARA;2;593,11;593,11;593,11;1.331,77;1.331,77;0;2;1;0;0;2;B;28/07/2026;03/07/2026;RA0716;B;600GA1;GM - Brasil;Não;Não;Ativo;1;
9;52153505;PARA-CHOQUE DIANTEIRO;10;355,87;484,59;480,26;934,59;934,59;3;1;2;2;4;6;A;02/06/2026;29/07/2026;LOT11M;A;CAIXA 14;GM - Brasil;Não;Não;Ativo;1;SPIN - 2019 A 2021
9;52153511;PARA-CHOQUE DIANTEIRO;3;276,05;236,15;363,14;626,75;626,75;0;1;1;3;3;0;A;29/05/2026;10/06/2026;CVA11M;A;500CB1;GM - Brasil;Não;Não;Ativo;1;SPIN - 2013 A 2020
9;52153730;PARA-CHOQUE DIANTEIRO;3;368,08;493,45;525,78;826,49;826,49;0;1;1;1;2;1;A;13/07/2026;10/06/2026;CVA161;A;600DA1;GM - Brasil;Não;Não;Ativo;1;SPIN - 2013 A 2020
9;52153859;PARA-CHOQUE TRASEIRO;3;425,67;414,57;540,53;1.108,19;1.108,19;1;0;0;2;1;0;B;25/06/2026;09/07/2026;LOT11M;B;500AA1;GM - Brasil;Não;Não;Ativo;1;SPIN - 2019 A 2021
9;52153933;MOLDURA DO FAROL MILHA LD;3;24,53;24,53;31,91;54,90;54,90;0;1;2;3;2;0;A;29/06/2026;03/07/2026;CVA151;A;112RG2;GM - Brasil;Não;Não;Ativo;1;SPIN - 2019 A 2021
9;52154160;FAROL DIANTEIRO ESQUERDO;2;1.221,34;1.233,94;1.221,34;3.025,76;3.025,76;1;1;1;1;0;1;B;30/07/2026;31/07/2026;JLL38;B;BOX 03;GM - Brasil;Não;Não;Ativo;1;
9;52154161;FAROL DIANTEIRO DIREITO;1;1.233,94;1.233,94;1.233,94;3.025,76;3.025,76;2;2;1;0;0;2;A;30/07/2026;31/07/2026;JLL38;A;BOX 09;GM - Brasil;Não;Não;Ativo;1;
9;52154162;FAROL DIANTEIRO ESQUERDO;5;1.328,04;1.328,04;1.328,04;3.256,52;3.256,52;3;2;0;3;0;0;A;30/07/2026;30/07/2026;JLL38;A;BOX 15;GM - Brasil;Não;Não;Ativo;1;ONIX - 2019 A 2019, PRISMA - 2019 A 2019
9;52154163;FAROL DIANTEIRO DIREITO;3;1.324,38;1.328,04;1.730,13;3.256,52;3.256,52;1;0;0;0;0;1;C;04/04/2026;30/07/2026;NMA39;C;BOX 10;GM - Brasil;Não;Não;Ativo;1;ONIX - 2019 A 2019, PRISMA - 2019 A 2019
9;52154215;ORING BOMBA DE COMBUSTIVEL;2;39,06;40,86;50,86;101,32;101,32;6;1;5;2;2;2;A;02/07/2026;31/07/2026;CVA160;A;110RG1;GM - Brasil;Sim;Sim;Ativo;1;COBALT - 2012 A 2020, ONIX - 2013 A 2019, PRISMA B - 2013 A 2019
9;52154325;EXTENSÃO COB PARA-CHOQUE TRASEIRO;1;153,30;152,96;153,30;343,46;343,46;1;0;0;0;0;0;C;20/07/2026;27/07/2026;DD0732;C;160DC1;GM - Brasil;Não;Não;Ativo;1;MONTANA B - 2011 A 2020
9;52154376;DEFLETOR ÁGUA PORTA TRAS DIR;3;111,19;149,42;149,42;250,28;250,28;1;0;0;1;4;1;A;02/06/2026;23/07/2026;PDS02;A;111BD1;GM - Brasil;Não;Não;Ativo;1;ONIX - 2020 A 2021, PRISMA - 2020 A 2021
9;52154377;DEFLETOR ÁGUA PORTA TRASEIRA;2;91,86;91,32;91,86;211,87;211,87;1;1;1;1;1;1;A;28/07/2026;31/07/2026;RA0725;A;160KB1;GM - Brasil;Não;Não;Ativo;1;ONIX - 2013 A 2019, PRISMA B - 2013 A 2019
9;52154378;DEFLETOR ÁGUA LD;1;32,05;32,48;32,05;72,93;72,93;1;0;2;1;2;0;A;03/07/2026;23/07/2026;CVA160;A;107AP1;GM - Brasil;Não;Não;Ativo;1;ONIX - 2013 A 2019, PRISMA B - 2013 A 2019
9;52154567;EMBLEMA LTZ TAMPA TRASEIRA;14;50,29;65,92;65,63;105,52;105,52;14;8;10;9;6;7;A;08/07/2026;30/07/2026;CVA161;A;107CC1;GM - Brasil;Sim;Sim;Ativo;1;ONIX - 2020 A 2021, TRACKER - 2021 A 2021
9;52154605;TUBO DO RESERVATORIO DO LIMPADOR;1;21,51;18,07;29,03;54,76;54,76;4;1;0;0;0;2;A;16/03/2026;30/07/2026;CVA94;A;112BG3;GM - Brasil;Sim;Sim;Ativo;1;PRISMA B - 2013 A 2019, ONIX - 2013 A 2019
9;52154607;BOMBA LAVADOR PARA-BRISA;2;64,54;64,54;64,54;154,90;154,90;0;0;0;1;0;0;C;22/04/2026;08/04/2026;RA0444;C;105BC1;GM - Brasil;Sim;Sim;Ativo;1;ONIX NOVO - 2020 A 2020, PRISMA - 2020 A 2020
9;52154883;CABO MAÇANETA INT PORTA DIANT ESQ;2;38,23;46,22;38,23;103,78;103,78;1;0;1;0;0;0;C;29/07/2026;14/07/2026;RA0724;C;111GG1;GM - Brasil;Não;Não;Ativo;1;
9;52154997;FAROL DIANTEIRO DIREITO;5;2.244,42;2.244,42;2.244,42;4.299,36;4.299,36;3;6;3;3;4;2;A;29/07/2026;27/07/2026;CVA170;A;BOX 14;GM - Brasil;Não;Não;Ativo;1;SPIN - 2019 A 2021
9;52155416;FECHAMENTO PARA-CHOQUE;1;1.243,19;1.243,19;1.243,19;2.375,79;2.375,79;0;0;0;1;0;0;C;24/04/2026;14/04/2026;CVA133;C;152BA1;GM - Brasil;Não;Não;Ativo;1;
9;52155446;MANGUEIRA CONDENSADOR;5;356,75;356,75;356,75;1.106,01;1.106,01;0;3;0;2;1;1;A;31/07/2026;24/06/2026;JLL46;A;161CC1;GM - Brasil;Sim;Sim;Ativo;1;
9;52155447;MANGUEIRA EVAPORADOR AR CONDIC;3;221,67;221,67;221,67;687,19;687,19;0;2;0;1;1;1;B;31/07/2026;30/06/2026;JLL46;B;161XA1;GM - Brasil;Sim;Sim;Ativo;1;
9;52155463;PARA-CHOQUE TRASEIRO;5;349,79;454,16;454,16;1.002,66;1.002,66;4;2;3;6;5;3;A;16/06/2026;29/07/2026;LOT11M;A;500CB1;GM - Brasil;Não;Não;Ativo;1;ONIX - 2013 A 2019
9;52155474;PARA-CHOQUE TRASEIRO;1;327,34;400,66;409,47;798,93;798,93;1;0;0;0;0;0;C;16/07/2026;21/07/2026;RA0716;C;500BC1;GM - Brasil;Não;Não;Ativo;1;ONIX - 2019 A 2019
9;52155811;CAPÔ DO MOTOR;2;1.839,74;1.636,16;1.636,16;5.233,86;5.233,86;3;2;4;3;1;4;A;16/06/2026;31/07/2026;LOT15M;A;199AB1;GM - Brasil;Não;Não;Ativo;1;SPIN - 2013 A 2020
9;52156267;ESPELHO RETROVISOR EXTERNO ESQ;4;227,24;222,72;298,35;677,41;677,41;6;2;5;2;1;4;A;13/07/2026;29/07/2026;COPA47;A;154CB1;GM - Brasil;Não;Não;Ativo;1;ONIX - 2013 A 2019, PRISMA B - 2013 A 2019
9;52156268;ESPELHO RETROVISOR EXTERNO DIR;4;207,67;213,96;213,96;634,57;634,57;2;3;1;1;2;2;A;13/07/2026;24/07/2026;COPA47;A;154BB1;GM - Brasil;Não;Não;Ativo;1;ONIX - 2013 A 2021, PRISMA - 2013 A 2021
9;52156269;ESPELHO RETROVISOR EXTERNO ESQ;3;233,64;240,71;240,71;679,97;679,97;1;1;1;1;0;2;A;13/07/2026;28/07/2026;COPA47;A;153AB1;GM - Brasil;Não;Não;Ativo;1;ONIX - 2013 A 2019, PRISMA B - 2013 A 2019
9;52156270;ESPELHO RETROVISOR EXTERNO DIR;1;250,84;213,35;278,07;648,93;648,93;3;0;1;2;2;0;A;13/07/2026;31/07/2026;COPA47;A;145ZB1;GM - Brasil;Não;Não;Ativo;1;ONIX - 2013 A 2021, PRISMA - 2013 A 2021
9;52156300;MOLDURA ACABAMENTO ESPELHO LADO ESQ;16;36,93;37,23;36,93;94,97;94,97;7;9;7;11;1;9;A;31/07/2026;29/07/2026;JLL24;A;112BA2;GM - Brasil;Não;Não;Ativo;1;ONIX - 2013 A 2021, PRISMA - 2013 A 2021
9;52156301;APLIQUE DIANTEIRO;18;37,21;37,23;44,94;94,97;94,97;6;6;10;13;3;7;A;26/06/2026;28/07/2026;COPA37;A;107SK1;GM - Brasil;Não;Não;Ativo;1;ONIX - 2013 A 2019, PRISMA B - 2013 A 2019
9;52156545;MOLDURA PARA-LAMA DIANT LE;3;45,08;45,08;45,08;115,00;115,00;0;3;0;1;1;1;A;27/07/2026;03/07/2026;JLL24;A;106PH1;GM - Brasil;Não;Não;Ativo;1;
9;52156546;APLIQUE PARA CARROCA;1;45,37;63,21;61,25;120,52;120,52;0;0;1;0;0;0;C;28/04/2026;19/06/2026;ABRR28;C;105AH1;GM - Brasil;Não;Não;Ativo;1;
9;52156667;DEFLETOR-AR CTR;2;119,86;139,89;139,89;269,85;269,85;1;3;1;0;3;0;A;08/07/2026;21/07/2026;CVA160;A;161PB1;GM - Brasil;Não;Não;Ativo;1;
9;52156853;GUIA PARA-CHOQUE DIANT ESQ;8;17,72;17,82;23,00;40,02;40,02;0;1;3;5;3;2;A;08/07/2026;10/06/2026;CVA160;A;112BC1;GM - Brasil;Não;Não;Ativo;1;
9;52156854;GUIA PARA-CHOQUE DIANT DIR;8;17,67;17,72;23,72;39,79;39,79;1;3;2;5;2;1;A;13/07/2026;10/07/2026;CVA160;A;111QH1;GM - Brasil;Não;Não;Ativo;1;
9;52157119;EMBLEMA GRAVATA CHEVROLET;1;160,39;165,60;165,60;317,90;317,90;0;0;0;0;0;1;D;28/01/2026;30/03/2026;ADEZ02;D;108CG1;GM - Brasil;Sim;Sim;Ativo;1;PRISMA - 2019 A 2021
9;52157325;TAPETE;1;112,45;104,45;140,64;260,90;260,90;0;1;0;1;1;1;B;06/05/2026;14/07/2026;TPT182;B;147AD1;GM - Brasil;Não;Não;Ativo;1;
9;52157505;PARA-LAMA DIANTEIRO ESQUERDO;7;432,85;446,03;577,33;1.151,18;1.151,18;0;2;0;3;2;0;A;13/07/2026;10/06/2026;MAL25;A;800DA1;GM - Brasil;Não;Não;Ativo;1;
9;52157506;PARA-LAMA DIANTEIRO DIREITO;1;362,17;362,17;362,17;968,11;968,11;0;0;0;0;1;1;C;18/06/2026;10/03/2026;COPA02;C;900BB1;GM - Brasil;Não;Não;Ativo;1;
9;52157508;PARA-LAMA DIANTEIRO;1;338,63;338,63;555,15;905,19;905,19;0;1;0;0;0;0;C;24/07/2026;24/06/2026;RA0683;C;800CB1;GM - Brasil;Não;Não;Ativo;1;SPIN ACTIV LD
9;52157509;PARA-LAMA DIANTEIRO ESQUERDO;1;335,97;328,57;426,76;878,30;878,30;1;3;1;2;1;1;A;07/07/2026;10/07/2026;COPA47;A;700AB1;GM - Brasil;Não;Não;Ativo;1;COM FURO 52157509
9;52157510;PARA-LAMA DIANTEIRO DIREITO;6;365,57;370,17;486,43;989,49;989,49;1;1;2;2;1;0;A;09/07/2026;10/07/2026;COPA55;A;900CB;GM - Brasil;Não;Não;Ativo;1;
9;52157511;PARA-LAMA DIANTEIRO ESQUERDO;1;320,93;430,23;443,90;857,85;857,85;0;1;0;1;1;0;B;16/07/2026;10/06/2026;COPA40;B;800BB1;GM - Brasil;Não;Não;Ativo;1;
9;52157512;PARA-LAMA DIANTEIRO DIREITO;1;373,35;373,35;373,35;997,99;997,99;1;0;0;0;1;0;C;05/05/2026;29/07/2026;ABRR01;C;900HB;GM - Brasil;Não;Não;Ativo;1;52133577 sem furo
9;52157560;PARA-CHOQUE TRASEIRO;7;673,13;673,13;673,13;1.799,36;1.799,36;2;5;3;0;0;3;A;31/07/2026;28/07/2026;JLL02;A;600AA1;GM - Brasil;Não;Não;Ativo;1;
9;52157563;PARA-CHOQUE TRASEIRO;7;283,11;281,48;377,45;752,42;752,42;1;0;1;2;1;1;A;16/06/2026;31/07/2026;LOT11M;A;600CA1;GM - Brasil;Não;Não;Ativo;1;
9;52157591;BATENTE TAMPA;2;2,23;2,23;3,23;5,52;5,52;0;0;0;0;0;1;C;28/02/2026;12/02/2026;DD0255;C;110CC1;GM - Brasil;Não;Não;Ativo;1;ONIX - 2020 A 2021
9;52157606;TAMPA ABERTURA GRADE DIANT LD;10;20,80;21,10;27,14;47,49;47,49;7;12;6;4;6;5;A;14/07/2026;30/07/2026;CVA170;A;113GD1;GM - Brasil;Não;Não;Ativo;1;ONIX - 2020 A 2021, PRISMA - 2020 A 2021
9;52157607;TAMPA ABERTURA GRADE DIANT LE;14;16,51;16,68;22,19;37,54;37,54;8;11;8;5;7;4;A;08/07/2026;30/07/2026;CVA160;A;109DC1;GM - Brasil;Não;Não;Ativo;1;ONIX - 2020 A 2021, PRISMA - 2020 A 2021
9;52157782;CHICOTE SENSOR PROXIMIDADE TRAS;1;163,91;227,42;163,91;375,90;375,90;0;0;0;0;0;0;D;02/12/2025;02/12/2025;ZZ1145;D;108SH1;GM - Brasil;Não;Não;Ativo;1;
9;52157946;AMORTECEDOR DIANTEIRO DIREITO;5;400,88;505,40;479,18;863,99;863,99;0;0;0;0;0;0;D;14/07/2025;04/07/2025;JULU22;D;159DB1;GM - Brasil;Não;Não;Ativo;1;
9;52158363;EMBLEMA JOY TAMPA TRASEIRA;2;39,43;39,43;39,43;82,68;82,68;2;0;2;0;0;0;B;29/07/2026;22/07/2026;RA0724;B;107AG1;GM - Brasil;Sim;Sim;Ativo;1;ONIX - 2020 A 2021, PRISMA - 2020 A 2021
9;52158741;APLIQUE DIANTEIRO;2;33,72;34,45;33,72;76,90;76,90;0;0;1;1;1;0;B;18/05/2026;08/05/2026;RA0572;B;111QK2;GM - Brasil;Sim;Sim;Ativo;1;
9;52158742;FITA DE POLICLORETO;2;34,46;27,39;27,39;76,90;76,90;0;2;0;1;0;1;B;26/06/2026;30/06/2026;CPGM02;B;111PD1;GM - Brasil;Sim;Sim;Ativo;1;
9;52158750;FITA DIANTEIRA;4;28,77;29,52;38,82;67,90;67,90;1;0;2;2;3;3;A;08/07/2026;28/07/2026;CVA160;A;113AD2;GM - Brasil;Sim;Sim;Ativo;1;ONIX - 2019 A 2021, PRISMA - 2019 A 2021
9;52158862;PALHETA LIMPADOR;2;31,96;42,20;42,20;78,05;78,05;0;1;0;0;0;0;B;31/03/2026;30/06/2026;NMA41;B;144CG1;GM - Brasil;Não;Não;Ativo;1;
9;52158971;LIAME PORTA;2;62,89;56,80;56,80;140,89;140,89;1;3;2;0;1;0;A;02/07/2026;29/07/2026;RA0676;A;109DG2;GM - Brasil;Não;Não;Ativo;1;
9;52159062;JOGO DE TAPETES;5;173,60;181,15;173,60;413,90;413,90;0;0;1;0;1;1;B;06/05/2026;23/05/2026;TPT182;B;147AG1;GM - Brasil;Não;Não;Ativo;1;
9;52159155;PARA-LAMA DIANTEIRO ESQUERDO;1;501,62;517,55;673,31;1.383,45;1.383,45;1;1;1;0;2;0;B;02/07/2026;13/07/2026;COPA02;B;900BB1;GM - Brasil;Não;Não;Ativo;1;
9;52159246;TRAVA PRIMARIA;1;215,16;215,16;215,16;398,78;398,78;0;1;1;0;1;0;B;09/07/2026;30/06/2026;DD0656;B;108PH1;GM - Brasil;Não;Não;Ativo;1;
9;52159359;PAINEL TRASEIRO;19;877,92;876,75;877,92;2.400,80;2.400,80;13;13;9;10;4;8;A;31/07/2026;03/08/2026;JLL07;A;163DA1;GM - Brasil;Não;Não;Ativo;1;PRISMA  - 2013 A 2016
9;52159595;LANTERNA TRASEIRA ESQUERDA;5;314,05;314,05;412,13;910,89;910,89;0;0;2;1;0;2;B;02/07/2026;25/05/2026;COPA43;B;151AA1;GM - Brasil;Não;Não;Ativo;1;
9;52159596;LANTERNA TRASEIRA DIREITA;4;351,91;351,91;458,61;1.013,93;1.013,93;1;0;1;1;0;3;B;09/07/2026;31/07/2026;COPA43;B;155PC1;GM - Brasil;Não;Não;Ativo;1;
9;52159765;ESTRUTURA EXTERIOR LE;2;2.395,70;2.395,70;2.395,70;6.403,95;6.403,95;0;1;0;2;0;0;B;16/07/2026;09/06/2026;COPA28;B;DEPOSITO A;GM - Brasil;Não;Não;Ativo;1;uma peça avariada
9;52159767;PAINEL LATERAL EXTERNO LE;6;2.475,88;2.475,88;3.160,00;6.618,29;6.618,29;0;2;2;1;2;1;A;02/07/2026;18/06/2026;COPA28;A;DEPOSITO A;GM - Brasil;Não;Não;Ativo;1;52159770 LD  modolo novo LT E LTZ
9;52160465;RADIADOR AR QUENTE;3;385,51;401,49;501,62;901,51;901,51;0;2;0;0;0;1;B;25/06/2026;15/06/2026;RA0674;B;108CD1;GM - Brasil;Não;Não;Ativo;1;
9;52160759;MACANETA CJ-EXT PTA/;2;56,24;45,48;45,48;141,83;141,83;0;1;0;2;0;1;B;03/03/2026;03/07/2026;CVA95;B;112AH1;GM - Brasil;Sim;Sim;Ativo;1;
9;52160780;MAÇANETA PORTA DIANTEIRA;2;33,61;33,61;45,94;84,94;84,94;0;0;0;0;0;0;D;18/12/2025;12/09/2025;RA1282;D;112QD1;GM - Brasil;Sim;Sim;Ativo;1;ONIX - 2018 A 2018, PRISMA - 2018 A 2018
9;52161033;PARA-CHOQUE DIANTEIRO;6;464,44;618,05;464,44;1.234,54;1.234,54;4;1;3;3;3;0;A;10/06/2026;29/07/2026;LOT16M;A;400BA;GM - Brasil;Não;Não;Ativo;1;ONIX - 2020 A 2021, PRISMA - 2020 A 2021
9;52161055;PARA-CHOQUE TRASEIRO;4;555,26;555,20;555,20;1.483,89;1.483,89;3;0;1;0;0;2;A;11/03/2026;29/07/2026;NMA01;A;600BB1;GM - Brasil;Não;Não;Ativo;1;
9;52161257;TRAVESSA DO RADIADOR;2;330,32;311,73;311,73;745,10;745,10;1;2;0;1;6;1;A;02/04/2026;31/07/2026;PDFX02;A;162DA1;GM - Brasil;Não;Não;Ativo;1;
9;52161873;COBERTURA DO PARACHO;7;670,39;669,93;670,39;1.790,81;1.790,81;3;4;3;1;2;1;A;31/07/2026;03/08/2026;JLL02;A;400BA;GM - Brasil;Não;Não;Ativo;1;PINTURA SEM SENSOR
9;52162180;MANGUEIRA CONDENS E COMPRESSOR AC;1;517,57;546,99;691,63;1.267,77;1.267,77;0;0;1;0;0;0;C;02/06/2026;11/05/2026;CVA04M;C;161JA1;GM - Brasil;Sim;Sim;Ativo;1;
9;52162471;AIRBAG VOLANTE DE DIREÇÃO;3;869,66;888,63;1.156,07;1.995,33;1.995,33;1;3;2;0;3;0;A;02/07/2026;17/07/2026;CVA162;A;152PC1;GM - Brasil;Não;Não;Ativo;1;
9;52162588;BARRA TRANSVERSAL RADIADOR;7;388,72;520,17;388,72;872,78;872,78;6;7;4;4;8;7;A;16/07/2026;31/07/2026;CVA162;A;162WA1;GM - Brasil;Não;Não;Ativo;1;
9;52162792;PORTA TRASEIRA DIREITA;1;2.084,10;1.992,74;1.992,74;5.622,87;5.622,87;0;0;0;2;2;0;B;07/05/2026;29/04/2026;ABRR57;B;199AA1;GM - Brasil;Não;Não;Ativo;1;
9;52163820;TAMPA PORTA-MALAS;2;1.242,95;1.242,34;1.242,95;3.320,89;3.320,89;1;1;1;1;1;0;B;31/07/2026;09/07/2026;JLL41;B;210BB;GM - Brasil;Não;Não;Ativo;1;52155082 CÓD NOVO
9;52165413;MOLDURA ABERTURA;2;275,02;275,02;444,19;633,21;633,21;0;1;2;0;1;1;B;03/07/2026;06/06/2026;COPA40;B;151PC1;GM - Brasil;Não;Não;Ativo;1;
9;52165414;INSERTO GRADE DIANTEIRA;3;195,54;183,04;237,84;421,88;421,88;0;1;2;0;1;0;B;03/07/2026;06/06/2026;COPA40;B;154AA1;GM - Brasil;Não;Não;Ativo;1;
9;52165475;GUARNIÇÃO PORTA ESQUERDA;3;205,58;207,87;205,58;488,60;488,60;1;1;0;1;1;2;A;30/07/2026;31/07/2026;JLL10;A;161BB1;GM - Brasil;Não;Não;Obsoleto;1;
9;52165476;GUARNIÇÃO PORTA LD;3;215,81;215,81;215,81;507,28;507,28;0;1;1;1;2;0;B;27/07/2026;17/06/2026;JLL10;B;160SC2;GM - Brasil;Não;Não;Ativo;1;
9;52165477;GUARNIÇÃO PORTA;1;257,03;362,22;335,12;604,19;604,19;1;1;0;0;2;0;B;28/07/2026;24/07/2026;JLL10;B;112TJ1;GM - Brasil;Não;Não;Ativo;1;
9;52165478;GUARNIÇÃO PORTA;1;229,24;223,36;229,24;525,03;525,03;0;0;0;1;1;1;B;30/07/2026;22/04/2026;JLL10;B;161QB1;GM - Brasil;Não;Não;Ativo;1;
9;52165532;LANTERNA TRASEIRA ESQUERDA;1;133,89;181,21;174,02;388,31;388,31;0;0;0;1;0;1;C;05/05/2026;22/04/2026;ABRR45;C;113DC1;GM - Brasil;Não;Não;Ativo;1;
9;52165562;COMPRESSOR AR CONDICIONADO;7;1.202,37;1.218,92;1.202,37;3.298,62;3.298,62;0;1;2;1;0;0;B;09/07/2026;15/06/2026;COPA43;B;153PB1;GM - Brasil;Sim;Sim;Ativo;1;
9;52165666;KNUCKLE-STRG;1;293,98;450,67;450,67;945,24;945,24;0;0;0;1;1;1;B;22/06/2026;30/04/2026;COPA15;B;151QA1;GM - Brasil;Não;Não;Ativo;1;
9;52165667;KNUCKLE-STRG;1;378,78;330,28;583,78;1.010,89;1.010,89;0;0;0;0;0;0;D;30/12/2025;16/12/2025;RA1288;D;151PB1;GM - Brasil;Não;Não;Ativo;1;
9;52166719;PAINEL TRASEIRO ASSOALHO TRASEIRO;1;239,17;381,68;359,23;639,30;639,30;0;0;2;2;1;1;A;11/06/2026;28/05/2026;MAL30;A;163DA1;GM - Brasil;Não;Não;Ativo;1;
9;52166720;PAINEL TRASEIRO ASSOALHO TRASEIRO;1;211,80;211,80;211,80;579,96;579,96;0;1;1;0;0;0;C;30/07/2026;16/06/2026;JLL07;C;163DA1;GM - Brasil;Não;Não;Ativo;1;
9;52166785;EMBLEMA TAMPA TRAS;1;50,90;76,07;76,07;99,90;99,90;0;0;0;0;1;1;C;15/04/2026;06/03/2026;AC0401;C;110PB1;GM - Brasil;Sim;Sim;Ativo;1;
9;52168165;SENSOR KIT-NIVL COMB;3;293,46;295,95;388,67;683,96;683,96;1;3;1;1;1;3;A;08/07/2026;24/07/2026;CVA161;A;106PK1;GM - Brasil;Sim;Sim;Ativo;1;
9;52168360;ALTO FALANTE CJ-PTA/;1;216,70;216,70;290,78;428,89;428,89;0;1;0;0;0;0;D;09/01/2026;11/06/2026;ADEZ02;D;1SALA I2;GM - Brasil;Sim;Sim;Reativado;1;
9;52168417;CAMERA CJ-VIS TRAS;1;389,97;389,97;389,97;1.180,00;1.180,00;0;4;8;1;8;2;A;28/07/2026;18/06/2026;NF 670632;A;1SALA I2;GM - Brasil;Não;Não;Ativo;1;
9;52168508;COBERTURA-INF P;1;500,00;0,00;500,00;0,00;0,00;0;0;0;0;0;0;D;;;;D;600DC1;GM - Brasil;Não;Não;Obsoleto;1;
9;52168511;COBERTURA DA ABERTUR;2;31,14;31,14;41,55;69,90;69,90;0;1;1;0;0;0;C;29/06/2026;11/06/2026;CVA151;C;111PD1;GM - Brasil;Não;Não;Ativo;1;
9;52168687;CALOTA DA RODA DE VE;19;208,43;271,67;264,49;555,89;555,89;4;5;0;4;6;11;A;07/05/2026;24/07/2026;ABRR50;A;160RA1;GM - Brasil;Não;Não;Ativo;1;
9;52168698;FORRO-PNL CX/RODA DI;1;346,76;346,76;430,61;780,47;780,47;1;1;1;0;0;0;B;10/07/2026;28/07/2026;CVA150;B;PARABA30;GM - Brasil;Não;Não;Ativo;1;
9;52169435;JOGO DE PASTILHAS DE FREIO;14;231,54;308,70;308,70;569,81;569,81;4;5;3;5;3;2;A;13/07/2026;18/07/2026;COPA43;A;144DD1;GM - Brasil;Não;Não;Ativo;1;ACDELCO 19314697 
9;52169509;INSERTO DA MOLDURA D;2;90,17;90,17;123,26;172,51;172,51;0;1;1;1;1;1;B;29/06/2026;16/06/2026;CVA150;B;113BJ1;GM - Brasil;Não;Não;Ativo;1;
9;52169510;INSERTO DA MOLDURA D;2;80,95;80,95;104,93;150,22;150,22;0;1;2;2;1;0;B;29/06/2026;03/07/2026;CVA151;B;106RL2;GM - Brasil;Não;Não;Ativo;1;
9;52169528;PROTETOR DE CARTER PARA CARROCERIA DE VEICULO;10;248,10;251,46;322,95;575,90;575,90;7;5;3;3;3;6;A;29/07/2026;31/07/2026;JLL37;A;162GA1;GM - Brasil;Não;Não;Ativo;1;REQUISITAR 4 PARAFUSO 11611334
9;52169681;FORRO CAÇAMBA;6;1.507,36;1.507,36;2.197,42;3.571,90;3.571,90;5;1;3;7;1;3;A;17/06/2026;22/07/2026;ALDS04;A;DEPOSITO C;GM - Brasil;Não;Não;Ativo;1;"Nova S10 Cabine Dupla (LS/LT/WT/Z71/LTZ)

"
9;52170723;PARA-CHOQUE DIANTEIRO;55;495,53;493,78;495,53;1.462,34;1.462,34;11;26;17;11;13;16;A;01/08/2026;03/08/2026;JLL40;A;CAIXA07;GM - Brasil;Não;Não;Ativo;1;
9;52170778;HEADLAMP ASM-FR;1;826,68;826,68;826,68;2.397,73;2.397,73;1;0;0;1;0;1;B;31/07/2026;21/07/2026;JLL39;B;BOX 22;GM - Brasil;Não;Não;Ativo;1;
9;52170779;HEADLAMP ASM-FR;34;763,75;777,68;763,75;2.397,73;2.397,73;3;13;10;1;17;17;A;09/07/2026;21/07/2026;COPA43;A;157AA1;GM - Brasil;Não;Não;Ativo;1;
9;52170929;COBERTURA-ABERT CIL;1;168,50;168,50;168,50;402,12;145,05;0;0;0;0;0;0;D;20/10/2025;21/10/2025;DD1045;D;111AD1;GM - Brasil;Não;Não;Ativo;1;
9;52171206;ESTRIBO PARA CARROCA;13;1.320,39;1.320,38;1.320,39;2.890,01;2.890,01;4;6;10;3;2;4;A;27/07/2026;30/07/2026;MARC01;A;162ZB3;GM - Brasil;Não;Não;Ativo;1;
9;52171845;CINTO DE SEGURANCA P;1;1.231,19;1.231,19;1.231,19;2.324,67;2.324,67;0;0;0;0;0;1;D;21/01/2026;26/02/2026;DD0120;D;154AB1;GM - Brasil;Não;Não;Ativo;1;
9;52171989;ISOLADOR DO TUNEL DO;9;21,28;25,87;25,90;73,07;73,07;1;0;0;0;0;0;D;27/01/2025;13/07/2026;RCALL2;D;113GG1;GM - Brasil;Não;Não;Ativo;1;
9;52172023;ABSORBER ASM-RR;10;434,28;582,19;582,19;1.120,86;1.120,86;3;1;2;0;0;0;A;24/01/2026;28/07/2026;NJN04;A;200CB1;GM - Brasil;Não;Não;Ativo;1;
9;52172113;TNT ADESIVADO;10;5,22;0,78;10,43;19,26;19,26;10;0;0;10;0;0;B;14/02/2025;13/07/2026;RCALL2;B;109GP1;GM - Brasil;Sim;Sim;Ativo;1;
9;52172416;BATTERY ASM-.;2;673,54;1.043,62;1.043,62;1.674,64;1.674,64;0;2;3;1;1;0;A;31/07/2026;26/06/2026;RA0723;A;197CA;GM - Brasil;Sim;Sim;Ativo;1;
9;52172417;BATTERY ASM-.;1;1.049,72;1.131,71;1.133,60;2.054,63;2.054,63;0;0;0;0;1;0;C;27/11/2025;06/03/2026;RA1187;C;197CB;GM - Brasil;Sim;Sim;Ativo;1;
9;52172552;MIRROR,O/S RR VIEW;1;323,52;323,52;323,52;871,25;871,25;0;0;0;0;0;0;D;07/01/2026;03/12/2025;PFMY05;D;151BC1;GM - Brasil;Não;Não;Ativo;1;
9;52172656;PEDAL ASM-BRK ;1;722,85;722,85;973,33;778,49;778,49;0;0;0;0;0;0;D;10/03/2026;11/12/2025;DXMY05;D;153SC1;GM - Brasil;Não;Não;Substituído;1;
9;52172706;PARA-BRISA CJ;3;744,01;750,46;744,01;1.627,52;1.627,52;0;0;1;0;3;1;B;23/04/2026;29/05/2026;CVA130;B;199AB1;GM - Brasil;Não;Não;Ativo;1;
9;52172766;WINDOW ASM-RR;2;933,46;938,16;933,46;2.111,55;2.111,55;2;0;1;0;1;1;B;30/07/2026;17/07/2026;RA0723;B;900CA1;GM - Brasil;Não;Não;Ativo;1;
9;52172973;FAROL CJ;31;1.359,24;1.836,09;1.778,06;3.970,06;3.970,06;6;11;8;10;14;9;A;09/07/2026;28/07/2026;COPA55;A;BOX 07;GM - Brasil;Não;Não;Ativo;1;
9;52172974;FAROL CJ;38;1.363,59;1.836,08;1.782,97;3.970,06;3.970,06;4;7;16;8;15;5;A;09/07/2026;28/07/2026;COPA43;A;BOX 12;GM - Brasil;Não;Não;Ativo;1;
9;52172977;FAROL CJ;24;874,90;875,19;874,90;2.538,42;2.538,42;12;10;7;6;11;5;A;29/07/2026;31/07/2026;COPA55;A;BOX 16;GM - Brasil;Não;Não;Ativo;1;
9;52172978;FAROL CJ;27;873,75;875,19;873,75;2.538,42;2.538,42;22;9;4;7;11;6;A;31/07/2026;30/07/2026;JLL38;A;BOX 01;GM - Brasil;Não;Não;Ativo;1;
9;52173312;TAPETE CJ-PNL ASS;17;173,40;165,16;215,23;389,90;389,90;26;12;11;19;24;17;A;08/05/2026;31/07/2026;NF CICAL;A;147AA1;GM - Brasil;Não;Não;Ativo;1;
9;52173313;MAT PKG,F/FLR;3;191,81;266,29;266,29;523,90;523,90;0;0;0;1;2;0;B;18/07/2025;30/04/2026;5TDFDH;B;148AL1;GM - Brasil;Sim;Sim;Ativo;1;
9;52173317;EMBLEMA DE PLASTICO;1;57,28;57,28;57,28;120,45;120,45;3;2;0;1;0;0;A;21/07/2026;27/07/2026;CVA170;A;109DJ1;GM - Brasil;Sim;Sim;Ativo;1;
9;52173373;HEADLAMP ASM-FR;11;1.170,08;1.090,84;1.170,08;3.163,89;3.163,89;4;3;4;3;1;5;A;30/07/2026;24/07/2026;JLL38;A;BOX 09;GM - Brasil;Não;Não;Ativo;1;
9;52173374;HEADLAMP ASM-FR;10;1.248,33;1.413,08;1.373,57;3.055,42;3.055,42;1;1;1;5;2;3;A;09/07/2026;14/07/2026;COPA55;A;BOX 06;GM - Brasil;Não;Não;Ativo;1;
9;52173793;COXIM CJ-MOT;23;220,77;220,65;216,96;569,48;569,48;24;22;14;13;7;14;A;13/07/2026;30/07/2026;COPA47;A;114AA;GM - Brasil;Não;Não;Ativo;1;NV 52175577
9;52173795;COXIM CJ-TRANS;7;424,95;567,82;403,35;954,18;954,18;12;9;7;11;2;3;A;20/07/2026;30/07/2026;CVA149;A;114AB;GM - Brasil;Não;Não;Ativo;1;
9;52173856;MODULO KIT-BBA/COMB;4;1.017,00;1.383,77;1.341,91;2.317,74;2.317,74;1;1;1;2;0;5;A;28/04/2026;06/07/2026;CVA133;A;155BB1;GM - Brasil;Não;Não;Ativo;1;
9;52173864;PANEL ASM-INST;8;1.958,28;2.629,62;2.629,62;4.404,44;4.404,44;1;1;3;2;2;5;A;03/07/2026;21/07/2026;CVA162;A;DEPOSIT BB;GM - Brasil;Não;Não;Ativo;1;
9;52173864;PANEL ASM-INST;8;1.958,28;2.629,62;2.629,62;4.404,44;4.404,44;1;1;3;2;2;5;A;03/07/2026;21/07/2026;CVA162;A;210BB;GM - Brasil;Não;Não;Ativo;1;
9;52173897;MANUAL IMPRESSO DE I;2;90,56;90,56;90,56;224,61;280,00;0;1;0;1;1;0;B;02/07/2026;23/06/2026;RA0677;B;112BH1;GM - Brasil;Sim;Sim;Ativo;1;
9;52174463;PAINEL CJ-TPA/T;2;1.125,26;1.502,75;1.502,75;2.998,77;2.998,77;4;5;4;2;0;5;A;05/06/2026;03/08/2026;MAL49;A;800CB1;GM - Brasil;Não;Não;Ativo;1;
9;52174537;MOLDURA-LNT NEB;3;44,31;44,32;44,31;96,61;96,61;0;1;1;0;1;0;B;13/07/2026;25/06/2026;CVA170;B;107DH1;GM - Brasil;Não;Não;Ativo;1;
9;52174538;MOLDURA-LNT NEB;2;50,06;50,06;64,94;109,15;109,15;0;0;0;0;1;0;C;02/06/2026;16/03/2026;CVA04M;C;107BG1;GM - Brasil;Não;Não;Ativo;1;
9;52174557;MOLDURA-LNT NEB;15;37,91;37,92;50,62;85,22;85,22;7;18;7;9;5;4;A;13/07/2026;27/07/2026;RA0680;A;150SB1;GM - Brasil;Não;Não;Ativo;1;
9;52174558;MOLDURA-LNT NEB;26;40,81;40,50;52,23;91,05;91,05;4;22;5;8;6;3;A;03/07/2026;21/07/2026;RA0677;A;144DA1;GM - Brasil;Não;Não;Ativo;1;
9;52175131;STEP ASM-ASST;2;1.079,87;1.452,28;1.452,28;2.761,94;2.761,94;0;1;0;0;0;2;B;14/04/2026;30/06/2026;NMA23;B;156DB1;GM - Brasil;Não;Não;Ativo;1;
9;52175132;STEP ASM-ASST;2;1.357,09;1.357,09;1.357,09;3.470,96;3.470,96;0;2;1;0;0;0;B;30/07/2026;30/06/2026;JLL24;B;156AB1;GM - Brasil;Não;Não;Ativo;1;
9;52175147;AXLE ASM-FRT;1;5.868,82;5.868,82;5.868,82;13.902,68;13.902,68;1;0;2;0;0;0;C;18/05/2026;18/05/2026;ZZ0533;C;198CA1;GM - Brasil;Não;Não;Ativo;1;
9;52175171;MOUNT,FRT SUSP STRUT;10;60,23;58,85;60,03;142,47;142,47;0;0;0;0;0;0;D;30/12/2024;08/10/2025;GIRO62;D;198PD;GM - Brasil;Não;Não;Ativo;1;
9;52175342;WEATHERSTRIP AS;5;341,31;352,53;341,31;763,63;763,63;0;1;2;1;2;2;A;02/07/2026;24/06/2026;CVA161;A;161JA1;GM - Brasil;Não;Não;Ativo;1;
9;52175343;WEATHERSTRIP AS;4;282,40;276,31;282,40;649,51;649,51;0;1;3;0;1;0;B;27/07/2026;22/06/2026;JLL10;B;161TB1;GM - Brasil;Não;Não;Ativo;1;
9;52175345;WEATHERSTRIP AS;1;300,05;411,03;400,90;665,08;665,08;1;0;0;0;0;1;C;25/03/2026;16/07/2026;CVA112;C;112DJ1;GM - Brasil;Não;Não;Ativo;1;
9;52175372;APARELHO ELETRICO DE;2;97,31;97,31;97,31;219,02;219,02;1;0;1;0;0;3;A;29/07/2026;15/07/2026;RA0722;A;109AB1;GM - Brasil;Não;Não;Ativo;1;
9;52175406;GUARNICAO CJ-PTA/LAT;3;120,85;161,78;120,85;296,68;296,68;0;4;2;0;0;0;C;16/12/2025;18/06/2026;DZZ13;C;160GB1;GM - Brasil;Não;Não;Ativo;1;
9;52175407;GUARNICAO CJ-PTA/LAT;1;166,05;166,05;271,41;464,85;464,85;0;0;0;0;0;0;D;23/09/2025;13/08/2025;DD0954;D;160CB1;GM - Brasil;Não;Não;Ativo;1;
9;52175411;TENSIONER ASM-F;2;698,88;699,84;698,88;1.571,44;1.571,44;1;0;0;3;0;0;B;28/07/2026;20/07/2026;RA0724;B;164QC1;GM - Brasil;Não;Não;Ativo;1;
9;52175413;TENSIONER ASM-F;2;620,15;628,92;620,15;1.412,17;1.412,17;1;0;0;3;1;0;B;01/06/2026;20/07/2026;CVA02M;B;153CC1;GM - Brasil;Não;Não;Ativo;1;
9;52175545;PARA-BRISA CJ;3;842,07;1.129,55;1.129,55;2.534,63;2.534,63;0;0;0;0;0;1;C;13/03/2026;27/02/2026;NFV09;C;199AB1;GM - Brasil;Não;Não;Ativo;1;
9;52175577;COXIM CJ-MOT;38;204,81;274,73;274,73;656,99;656,99;17;36;14;17;17;10;A;13/07/2026;03/08/2026;COPA47;A;114PA;GM - Brasil;Não;Não;Ativo;1;
9;52175578;COXIM CJ-TRANS;6;212,40;299,36;280,84;681,28;681,28;4;5;4;2;3;2;A;13/07/2026;28/07/2026;COPA47;A;114BC1;GM - Brasil;Não;Não;Ativo;1;
9;52175678;SHADE ASM-LUGG;8;398,85;539,28;526,27;912,90;912,90;6;3;6;6;7;3;A;29/07/2026;31/07/2026;JLL37;A;163PC1;GM - Brasil;Não;Não;Ativo;1;
9;52175826;TAMPA DO CUBO DA ROD;2;35,24;35,24;35,24;79,32;79,32;0;0;1;0;3;0;B;26/06/2026;07/05/2026;CVA151;B;111AG1;GM - Brasil;Não;Não;Ativo;1;
9;52175864;DUTO CJ-AR ADM;2;67,62;99,44;62,85;223,82;223,82;3;4;4;1;3;3;A;29/07/2026;29/07/2026;ZZ0754;A;164QC1;GM - Brasil;Não;Não;Substituído;1;
9;52175923;FORRO DA CAIXA DE RO;8;107,86;145,21;140,17;242,47;242,47;8;3;10;6;2;2;A;05/06/2026;31/07/2026;CVA16M;A;PARABA06;GM - Brasil;Não;Não;Ativo;1;
9;52175939;RETRACTOR ASM-R;1;243,18;262,70;262,70;580,22;580,22;0;0;0;0;0;0;D;10/01/2025;;ZZ0104;D;109DH1;GM - Brasil;Não;Não;Substituído;1;
9;52175985;MOLDURA DA GRADE DO;1;343,64;321,09;443,30;654,78;654,78;10;6;3;4;3;5;A;10/07/2026;03/08/2026;CVA149;A;153DB1;GM - Brasil;Não;Não;Ativo;1;
9;52176113;PANEL ASM-R/END;7;1.338,29;1.343,38;1.338,29;3.687,28;3.687,28;6;4;6;3;5;2;A;31/07/2026;03/08/2026;JLL07;A;162HA1;GM - Brasil;Não;Não;Ativo;1;
9;52176259;CINTO DE SEGURANCA P;1;231,24;306,74;306,74;549,82;549,82;0;0;1;0;1;0;C;28/05/2025;13/05/2026;RA0559;C;151SB1;GM - Brasil;Não;Não;Substituído;1;
9;52176270;ACTUATOR,PUBX E/GATE;1;155,13;155,13;155,13;356,87;356,87;0;1;0;1;1;1;B;24/07/2026;30/06/2026;CVA170;B;111CG1;GM - Brasil;Sim;Sim;Ativo;1;
9;52176295;SUPORTE DE MONTAGEM;5;306,98;306,98;306,98;689,29;689,29;5;3;7;2;5;3;A;13/07/2026;28/07/2026;CVA161;A;113PC;GM - Brasil;Não;Não;Ativo;1;
9;52176301;BAFFLE,RAD AIR LWR;1;136,40;128,28;170,25;288,05;288,05;2;2;0;1;1;0;A;13/07/2026;31/07/2026;CVA170;A;162QC1;GM - Brasil;Não;Não;Ativo;1;
9;52176918;APARELHO ELETRICO (C;1;437,34;598,80;614,94;1.064,84;1.064,84;0;1;0;0;0;0;D;09/07/2025;09/06/2026;PITKR1;D;152SB1;GM - Brasil;Não;Não;Ativo;1;
9;52176934;LAMP ASM-RR BODY STR;2;448,31;601,36;581,11;1.300,30;1.300,30;1;0;0;2;0;0;B;25/05/2026;28/07/2026;MAL22;B;154PA1;GM - Brasil;Não;Não;Ativo;1;
9;52176935;LAMP ASM-RR BODY STR;2;568,16;554,86;568,16;1.609,32;1.609,32;3;1;0;1;1;0;A;31/07/2026;29/07/2026;JLL38;A;155CB1;GM - Brasil;Não;Não;Ativo;1;
9;52176936;LAMP ASM-RR BODY STR;19;441,04;590,61;580,10;1.270,72;1.270,72;0;1;1;0;0;0;C;02/06/2026;15/06/2026;LOT01M;C;151DB1;GM - Brasil;Não;Não;Ativo;1;
9;52176937;LAMP ASM-RR BODY STR;1;568,36;477,41;657,71;1.270,72;1.270,72;0;0;2;0;0;0;C;23/02/2026;28/05/2026;NJN12;C;153BA1;GM - Brasil;Não;Não;Ativo;1;
9;52177025;PORTA CJ-LAT TR;7;1.875,29;1.871,78;2.449,23;5.008,74;5.008,74;1;5;2;0;1;0;B;31/07/2026;23/07/2026;JLL43;B;199AG1;GM - Brasil;Não;Não;Ativo;1;
9;52177026;PORTA CJ-LAT TR;13;1.757,37;2.262,02;2.191,90;4.513,97;4.513,97;0;1;1;0;10;0;C;27/03/2026;23/06/2026;NMA27;C;199AA1;GM - Brasil;Não;Não;Ativo;1;
9;52177026;PORTA CJ-LAT TR;13;1.757,37;2.262,02;2.191,90;4.513,97;4.513,97;0;1;1;0;10;0;C;27/03/2026;23/06/2026;NMA27;C;DEPOSITO B;GM - Brasil;Não;Não;Ativo;1;
9;52177051;RETAINER-LUGG S;6;1,26;1,26;1,43;5,97;5,97;6;16;9;5;4;1;A;08/07/2026;25/07/2026;CVA160;A;112AH1;GM - Brasil;Sim;Sim;Ativo;1;
9;52177071;PRESILHA-TUBO EMIS E;1;10,72;18,08;17,47;41,33;41,33;0;0;0;0;0;0;D;23/11/2024;29/05/2025;GIR152;D;112AG1;GM - Brasil;Sim;Sim;Ativo;1;
9;52177322;SEMI-EIXO HOMOCINETI;6;1.904,93;1.904,93;1.904,93;4.277,36;4.277,36;0;0;4;2;3;0;A;30/07/2026;29/05/2026;JLL14;A;152AB1;GM - Brasil;Não;Não;Ativo;1;
9;52177507;EIXO CJ-TRAS  (C/ IS;1;2.140,19;2.140,19;2.140,19;4.805,59;4.805,59;1;0;0;2;1;0;B;30/07/2026;10/07/2026;ZZ0739;B;163DA1;GM - Brasil;Não;Não;Ativo;1;
9;52177596;SANTO ANTÔNIO INTEGRADO;3;1.837,91;1.837,91;1.319,88;4.515,90;4.515,90;0;0;0;0;0;0;D;20/06/2025;19/09/2025;ACE06;D;DEPOSIT BB;GM - Brasil;Não;Não;Ativo;1;NOVA MONTANA 23/
9;52177596;SANTO ANTÔNIO INTEGRADO;3;1.837,91;1.837,91;1.319,88;4.515,90;4.515,90;0;0;0;0;0;0;D;20/06/2025;19/09/2025;ACE06;D;900DA;GM - Brasil;Não;Não;Ativo;1;NOVA MONTANA 23/
9;52177615;EXTENSOR PARA-CHOQUE DIANTEIRO;6;389,28;304,02;665,18;711,90;711,90;0;0;0;1;0;0;D;28/10/2025;28/04/2026;TDMO01;D;162ZC1;GM - Brasil;Não;Não;Ativo;1;NOVA MONTANA 23/
9;52177616;SUPORTE CJ-ABERT LNT;1;31,75;31,75;31,75;71,46;71,46;0;0;0;0;0;0;C;29/07/2026;;DD0751;C;111BH1;GM - Brasil;Não;Não;Ativo;1;
9;52177708;MACANETA PACT-EXT PT;1;349,27;0,00;1,00;943,90;943,90;0;0;0;0;0;0;D;04/10/2023;;230612-000107;D;110DG1;GM - Brasil;Sim;Sim;Ativo;1;
9;52177752;VIGA CJ-IMP P/CHQ TR;3;1.682,59;1.575,06;1.682,59;4.271,12;4.271,12;1;2;1;0;0;0;B;31/07/2026;27/07/2026;JLL42;B;156CA1;GM - Brasil;Não;Não;Ativo;1;
9;52177753;VIGA CJ-IMP P/CHQ TR;4;1.311,44;1.311,44;1.311,44;3.556,26;3.556,26;3;2;2;3;2;1;A;31/07/2026;30/07/2026;JLL42;A;156BC1;GM - Brasil;Não;Não;Ativo;1;
9;52177754;VIGA CJ-IMP P/CHQ TR;8;2.954,39;3.133,43;3.816,09;7.959,95;7.959,95;2;4;2;4;2;3;A;10/06/2026;13/07/2026;LOT15M;A;210AA;GM - Brasil;Não;Não;Ativo;1;
9;52178259;GEAR ASM-RACK  PINI;10;1.174,79;1.586,75;1.586,75;2.662,40;2.662,40;2;2;5;3;2;5;A;02/06/2026;21/07/2026;PDS04;A;156CA1;GM - Brasil;Não;Não;Ativo;1;
9;52178516;JANELA CJ-TRAS;1;577,11;577,11;750,11;1.441,80;1.441,80;0;0;0;0;0;0;D;17/01/2026;31/10/2025;DD0102;D;900DA;GM - Brasil;Não;Não;Ativo;1;
9;52178522;PARA LAMA PARA CARRO;2;201,45;201,45;240,13;452,35;452,35;1;2;0;1;1;0;B;02/07/2026;21/07/2026;CVA150;B;900CB;GM - Brasil;Não;Não;Ativo;1;
9;52178579;MODULO KIT-BBA/COMB;5;577,43;644,45;831,99;1.448,58;1.448,58;3;8;2;1;0;1;A;29/06/2026;24/07/2026;CVA149;A;197AD;GM - Brasil;Não;Não;Ativo;1;
9;52178686;MANUAL IMPRESSO DE I;3;88,57;124,63;124,63;224,61;224,61;0;1;0;1;1;2;B;08/07/2026;12/06/2026;CVA160;B;107AG1;GM - Brasil;Sim;Sim;Ativo;1;
9;52178730;RADIADOR CJ;1;613,10;670,51;613,10;1.565,71;1.565,71;2;3;0;1;1;1;A;02/07/2026;24/07/2026;COPA43;A;154RC1;GM - Brasil;Não;Não;Ativo;1;
9;52179172;PLACA DA COBERTURA D;3;250,27;250,27;335,51;561,99;561,99;0;0;0;0;0;0;C;18/06/2026;;PISN2C;C;163QC1;GM - Brasil;Não;Não;Ativo;1;
9;52179173;PLACA DA COBERTURA D;3;326,72;326,72;425,06;733,66;733,66;0;0;0;0;0;0;C;18/06/2026;;PISN2C;C;164RC1;GM - Brasil;Não;Não;Ativo;1;
9;52179176;PLACA DA COBERTURA D;3;355,52;355,52;355,52;798,34;798,34;0;0;0;0;0;0;C;23/06/2026;;PISN2C;C;163PC1;GM - Brasil;Não;Não;Ativo;1;
9;52179177;PLACA DA COBERTURA D;3;237,72;237,72;237,72;533,81;533,81;0;0;0;0;0;0;C;30/07/2026;;PISN2C;C;164PC1;GM - Brasil;Não;Não;Ativo;1;
9;52179180;DISPOSITIVO DE PLAST;3;44,80;44,80;55,48;103,85;103,85;0;0;0;0;0;0;C;28/04/2026;;PISN1C;C;112QD1;GM - Brasil;Sim;Sim;Ativo;1;
9;52179182;DISPOSITIVO DE PLAST;3;44,80;44,80;51,14;103,85;103,85;0;0;0;0;0;0;C;28/04/2026;;PISN1C;C;112DD1;GM - Brasil;Sim;Sim;Ativo;1;
9;52179893;PAD-RR BPR FASCIA ST;1;64,53;62,89;96,26;148,05;148,05;6;0;1;1;3;3;A;01/04/2026;30/07/2026;PDFX02;A;112AB1;GM - Brasil;Não;Não;Ativo;1;
9;52179894;PAD-RR BPR FASCIA ST;2;64,15;62,40;83,71;140,45;140,45;5;2;1;1;4;1;A;28/07/2026;30/07/2026;ZZ0733;A;112SC1;GM - Brasil;Não;Não;Ativo;1;
9;52179982;PORTA CJ-LAT DIANT;1;1.385,54;1.862,54;1.385,54;2.903,28;2.903,28;0;0;0;0;0;0;K;23/05/2024;29/07/2024;GIRO64;K;199AA1;GM - Brasil;Não;Não;Substituído;1;
9;52180191;SUPORTE-BATNT DIANT;3;105,19;105,19;105,19;228,48;228,48;0;0;0;0;0;0;C;23/06/2026;;PISN2C;C;109CD1;GM - Brasil;Não;Não;Ativo;1;
9;52180192;SUPORTE-BATNT DIANT;3;105,19;105,19;105,19;228,48;228,48;0;0;0;0;0;0;C;23/06/2026;;PISN2C;C;109AJ1;GM - Brasil;Não;Não;Ativo;1;
9;52180220;LAMINA- INFERIO;3;269,70;269,70;269,70;884,10;884,10;1;2;1;1;0;1;A;31/07/2026;20/07/2026;JLL40;A;500DC1;GM - Brasil;Não;Não;Ativo;1;
9;52180222;CAPA PARA CHOQU;1;419,10;530,24;594,56;1.057,27;1.057,27;7;3;0;3;7;3;A;11/06/2026;30/07/2026;MAL48;A;210BB;GM - Brasil;Não;Não;Ativo;1;
9;52180264;INTERRUPTOR CJ-SEL C;14;453,21;453,22;416,57;593,24;593,24;0;2;3;5;5;4;A;05/06/2026;15/06/2026;CVA16M;A;111AG2;GM - Brasil;Não;Não;Ativo;1;
9;52180312;INSERTO DA GRADE DO;3;66,91;89,71;87,05;150,24;150,24;0;0;0;0;0;0;C;28/04/2026;;PISN1C;C;108SB2;GM - Brasil;Não;Não;Ativo;1;
9;52180313;INSERTO DA GRADE DO;3;66,91;66,91;87,05;150,24;150,24;0;0;0;0;0;0;C;28/04/2026;;PISN1C;C;110BG1;GM - Brasil;Não;Não;Ativo;1;
9;52180314;INSERTO DA GRADE DO;3;66,91;66,91;87,05;150,24;150,24;0;0;0;0;0;0;C;28/04/2026;;PISN1C;C;110RC2;GM - Brasil;Não;Não;Ativo;1;
9;52180315;INSERTO DA GRADE DO;3;66,91;66,91;87,05;150,24;150,24;0;0;0;0;0;0;C;28/04/2026;;PISN1C;C;111CA1;GM - Brasil;Não;Não;Ativo;1;
9;52180316;INSERTO DA GRADE DO;3;66,91;66,91;87,05;150,24;150,24;0;0;0;0;0;0;C;28/04/2026;;PISN1C;C;111BG3;GM - Brasil;Não;Não;Ativo;1;
9;52180317;INSERTO DA GRADE DO;3;66,91;66,91;87,05;150,24;150,24;0;0;0;0;0;0;C;28/04/2026;;PISN1C;C;111CB2;GM - Brasil;Não;Não;Ativo;1;
9;52180438;ESPELHO RETROVISOR D;1;1.050,34;1.050,34;1.050,34;2.234,13;2.234,13;0;0;0;0;1;0;C;13/03/2026;12/06/2026;DD0309;C;151RC1;GM - Brasil;Não;Não;Ativo;1;
9;52180625;CARPET-R/CMPT F;1;356,20;282,64;440,62;879,39;879,39;2;1;1;0;2;0;A;02/07/2026;22/07/2026;CVA161;A;900JB1;GM - Brasil;Sim;Sim;Ativo;1;
9;52180945;GRADE-RAD;1;98,86;98,86;98,86;221,98;221,98;1;1;0;2;1;0;B;14/07/2026;17/07/2026;CVA170;B;500DC1;GM - Brasil;Não;Não;Ativo;1;
9;52180947;GRADE-RAD;3;246,35;325,46;330,80;656,78;656,78;5;2;3;4;5;5;A;10/07/2026;28/07/2026;COPA01;A;600BC1;GM - Brasil;Não;Não;Ativo;1;
9;52180990;FASCIA,FRT BPR UPR;6;288,82;283,89;369,52;758,86;758,86;1;1;1;5;3;2;A;20/07/2026;27/07/2026;LOT11M;A;500CC1;GM - Brasil;Não;Não;Reativado;1;
9;52181025;FASCIA,FRT BPR UPR;6;949,26;938,03;1.497,06;2.507,46;2.507,46;4;1;2;4;3;2;A;16/06/2026;28/07/2026;LOT16M;A;600CC1;GM - Brasil;Não;Não;Ativo;1;
9;52181026;RETENTOR-INF MO;31;3,03;3,03;3,03;7,45;7,45;22;9;26;19;0;3;A;08/07/2026;25/07/2026;RA0677;A;112PB1;GM - Brasil;Sim;Sim;Ativo;1;
9;52181067;INSERT,FRT GRL AUX;1;569,59;760,42;760,42;1.084,01;1.084,01;2;0;0;0;4;1;A;28/04/2026;16/07/2026;CVA130;A;152QB1;GM - Brasil;Não;Não;Ativo;1;
9;52181117;PLACA DA COBERTURA D;4;2.349,49;2.219,54;2.219,54;4.048,71;4.048,71;1;1;1;1;2;1;A;27/03/2026;28/07/2026;CVA118;A;700GA1;GM - Brasil;Não;Não;Ativo;1;
9;52181147;COBERTURA-INF P;13;290,38;288,96;290,38;772,43;772,43;8;1;6;9;8;7;A;31/07/2026;31/07/2026;JLL40;A;400AA;GM - Brasil;Não;Não;Ativo;1;
9;52181243;PARALAMA CJ-DIANT;11;219,22;217,41;284,78;581,18;581,18;1;2;3;5;2;3;A;09/07/2026;28/07/2026;COPA55;A;900PB;GM - Brasil;Não;Não;Ativo;1;
9;52181400;PLACA DA COBERTURA D;3;1.941,03;1.851,34;1.941,03;3.541,73;3.541,73;1;2;0;2;1;3;A;02/07/2026;31/07/2026;CVA162;A;162BC1;GM - Brasil;Não;Não;Ativo;1;
9;52181465;CALOTA-ACAB RODA;21;163,69;219,24;211,42;468,36;468,36;6;5;9;8;8;5;A;28/07/2026;03/08/2026;JLL23;A;159AA1;GM - Brasil;Não;Não;Ativo;1;
9;52181536;ALMOFADA CJ-ASSNT BC;1;210,37;210,37;210,37;521,75;521,75;0;1;0;1;0;0;C;14/07/2026;27/06/2026;CVA170;C;154CA1;GM - Brasil;Sim;Sim;Ativo;1;
9;52181722;BATENTE-AMORT T;17;42,55;57,05;55,36;113,53;113,53;0;1;0;11;8;0;A;16/07/2026;03/07/2026;COPA06;A;110DJ1;GM - Brasil;Não;Não;Ativo;1;
9;52181936;PONTA EIXO-DIR;3;346,72;310,59;346,72;1.069,51;1.069,51;2;0;0;2;0;2;A;13/07/2026;27/07/2026;COPA15;A;112RD1;GM - Brasil;Não;Não;Ativo;1;
9;52181981;FIVELA CJ-CINTO BCO/;2;136,52;136,52;177,61;306,55;306,55;0;3;0;1;0;0;B;16/07/2026;01/07/2026;RA0716;B;108RL2;GM - Brasil;Não;Não;Ativo;1;
9;52181983;FIVELA CJ-CINTO BCO/;3;123,90;128,60;127,89;278,21;278,21;0;1;1;1;1;0;B;13/06/2026;25/06/2026;CVA16M;B;111QB1;GM - Brasil;Não;Não;Ativo;1;
9;52181985;FIVELA CJ-CINTO BCO/;1;174,37;230,27;230,87;385,69;385,69;1;2;2;0;3;1;A;02/04/2026;25/07/2026;CVA129;A;107GC3;GM - Brasil;Não;Não;Substituído;1;
9;52182051;PLACA DA COBERTURA D;1;201,54;201,54;261,95;453,61;453,61;0;0;0;0;1;0;C;28/04/2026;19/03/2026;CVA133;C;156CC1;GM - Brasil;Não;Não;Ativo;1;
9;52182053;COBERTURA-INF P;1;397,90;397,90;397,90;651,52;651,52;1;4;0;2;1;1;A;29/07/2026;28/07/2026;NF TUDOa;A;600AB1;GM - Brasil;Não;Não;Ativo;1;
9;52182106;SANTO ANTONIO INVENCIVEL CHEVROLET - CURTO;2;1.642,35;2.302,60;1.948,67;3.547,73;3.547,73;0;0;0;0;0;1;C;18/03/2026;24/02/2026;NF 587120;C;BOX 24;GM - Brasil;Não;Não;Ativo;1;
9;52182124;BOBINA CJ-MOD VOL DI;1;117,67;117,67;117,67;224,83;224,83;0;0;0;0;0;0;C;24/07/2026;;ZZ0711;C;106QP1;GM - Brasil;Não;Não;Ativo;1;
9;52182315;CABO DA ALAVANCA SEL;3;187,59;190,74;187,59;364,52;364,52;0;2;6;3;2;0;A;13/07/2026;18/06/2026;CVA170;A;105QL1;GM - Brasil;Não;Não;Ativo;1;
9;52182456;PAINEL CJ-GRADE ENT;1;683,62;690,32;893,82;1.553,72;1.553,72;2;2;0;0;2;1;A;30/04/2026;28/07/2026;CVA130;A;156RC1;GM - Brasil;Não;Não;Ativo;1;
9;52182569;PAINEL-LAT EXT;7;580,97;555,45;755,08;1.306,20;1.306,20;3;4;4;3;1;4;A;13/07/2026;21/07/2026;CVA149;A;210BB;GM - Brasil;Não;Não;Ativo;1;
9;52182577;PAINEL CJ-LAT C;1;2.266,93;2.266,93;2.266,93;4.942,69;4.942,69;0;1;0;0;1;0;C;18/06/2026;10/06/2026;ZZ0616;C;DEPOSITO B;GM - Brasil;Não;Não;Ativo;1;
9;52182872;DEFLETOR CJ-AGUA PTA;1;39,74;39,74;53,28;90,80;90,80;0;0;0;0;0;0;D;19/01/2026;;ZZ1018 ;D;113CG1;GM - Brasil;Não;Não;Ativo;1;
9;52183103;ESPELHO-VIS TRAS EXT;1;156,88;156,88;156,88;350,74;350,74;0;0;0;0;0;0;C;13/07/2026;27/07/2026;DD0650;C;154CC1;GM - Brasil;Não;Não;Ativo;1;
9;52183543;DEFLECTOR ASM-F;2;42,32;42,32;54,81;95,23;95,23;1;1;1;3;1;0;A;08/07/2026;30/07/2026;CVA160;A;112CL1;GM - Brasil;Não;Não;Ativo;1;
9;52183545;DEFLECTOR ASM-R;2;41,65;41,66;41,65;93,74;93,74;1;0;1;2;1;0;B;29/06/2026;30/07/2026;CVA150;B;105PP1;GM - Brasil;Não;Não;Ativo;1;
9;52183546;DEFLECTOR ASM-R;1;41,16;55,48;53,76;93,09;93,09;2;0;2;1;0;2;A;05/06/2026;31/07/2026;CVA16M;A;111AK1;GM - Brasil;Não;Não;Ativo;1;
9;52183662;RETRACTOR,F/SEAT BEL;4;464,94;595,01;633,01;1.072,97;1.072,97;3;2;4;2;6;4;A;02/07/2026;29/07/2026;CVA161;A;151SA1;GM - Brasil;Não;Não;Ativo;1;
9;52183664;RETRACTOR,F/SEAT BEL;3;461,37;478,85;476,19;1.076,27;1.076,27;4;2;3;2;4;6;A;09/07/2026;29/07/2026;CVA170;A;155RC1;GM - Brasil;Não;Não;Ativo;1;
9;52183702;TUBO DE BORRACHA VUL;7;543,92;549,73;543,92;1.310,29;1.310,29;0;4;1;1;3;2;A;31/07/2026;24/06/2026;JLL46;A;161DA1;GM - Brasil;Não;Não;Ativo;1;
9;52183703;DEFLETOR-AR P/CHOQUE;1;70,78;91,51;112,41;153,55;153,55;3;1;2;1;1;1;A;26/06/2026;16/07/2026;CVA150;A;107AB1;GM - Brasil;Não;Não;Ativo;1;
9;52183807;RODA-TRAS  DIANT;1;562,96;794,41;794,41;1.330,59;1.330,59;3;4;0;3;4;1;A;24/04/2026;29/07/2026;ABRR27;A;RODAS;GM - Brasil;Não;Não;Ativo;1;
9;52183893;CHICOTE CJ-FIAC SEN;4;199,06;204,02;285,07;443,38;443,38;0;0;0;0;4;1;B;28/04/2026;31/03/2026;CVA130;B;109HA1;GM - Brasil;Não;Não;Ativo;1;
9;52183934;HARNESS ASM-ENG;1;1.040,82;1.040,82;1.479,68;2.826,04;2.826,04;0;0;0;0;0;0;D;07/01/2026;15/12/2025;PFMY05;D;153DC1;GM - Brasil;Não;Não;Ativo;1;
9;52183944;LAMP,RR STOP;2;646,05;510,60;646,05;1.480,93;1.480,93;0;2;0;0;0;0;C;30/07/2026;30/06/2026;JLL38;C;152SA1;GM - Brasil;Não;Não;Ativo;1;
9;52183945;LAMP,RR STOP;1;510,60;510,60;510,60;1.480,93;1.480,93;0;2;0;1;0;0;B;31/07/2026;30/06/2026;JLL38;B;155PC1;GM - Brasil;Não;Não;Ativo;1;
9;52184012;GUARNICAO CJ-PTA/LAT;2;360,92;360,92;360,92;848,40;848,40;0;1;1;1;0;0;C;30/07/2026;02/06/2026;JLL10;C;161CB1;GM - Brasil;Não;Não;Ativo;1;
9;52184013;GUARNICAO CJ-PTA/LAT;1;264,16;265,84;264,16;593,64;593,64;0;3;1;1;0;2;A;17/06/2026;02/07/2026;ZZ0575;A;160SA1;GM - Brasil;Não;Não;Ativo;1;
9;52184022;TAMPA CJ-FIM CACMB;1;1.501,27;2.014,90;2.014,60;3.374,82;3.374,82;5;1;1;1;3;1;A;24/07/2026;30/07/2026;RA0724;A;700BA1;GM - Brasil;Não;Não;Ativo;1;
9;52184200;COMPRESSOR DO AR CON;1;3.484,20;3.788,95;3.788,95;7.344,90;7.344,90;0;0;0;1;0;0;C;22/04/2026;07/04/2026;RA0444;C;151RA1;GM - Brasil;Sim;Sim;Ativo;1;
9;52184280;RETRACTOR,F/SEAT BEL;5;469,14;469,14;610,33;1.053,40;1.053,40;1;4;0;3;2;0;A;16/07/2026;28/07/2026;CVA162;A;164RA1;GM - Brasil;Não;Não;Ativo;1;
9;52184284;RETRACTOR,F/SEAT BEL;2;363,13;363,13;472,43;815,38;815,38;1;3;0;4;0;0;A;09/07/2026;28/07/2026;CVA150;A;153AC1;GM - Brasil;Não;Não;Ativo;1;
9;52184286;RETRACTOR,F/SEAT BEL;1;573,01;573,01;573,01;1.286,65;1.286,65;0;1;0;1;0;1;B;02/06/2026;11/06/2026;CVA04M;B;153RB1;GM - Brasil;Não;Não;Ativo;1;
9;52184288;RETRACTOR,F/SEAT BEL;1;461,57;461,57;600,49;1.036,41;1.036,41;0;2;0;1;0;1;B;02/07/2026;17/06/2026;CVA151;B;152QA1;GM - Brasil;Não;Não;Ativo;1;
9;52184318;ABSORVEDOR CJ-CHOQ D;2;495,29;429,11;495,29;1.018,92;1.018,92;2;1;2;0;3;1;A;13/07/2026;28/07/2026;CVA02M;A;113BJ1;GM - Brasil;Não;Não;Ativo;1;
9;52184895;PORTA CJ-LAT TRAS;13;963,93;1.005,08;1.005,08;2.530,93;2.530,93;2;0;7;5;0;2;A;06/06/2026;31/07/2026;LOT15M;A;199AD1;GM - Brasil;Não;Não;Ativo;1;
9;52184895;PORTA CJ-LAT TRAS;13;963,93;1.005,08;1.005,08;2.530,93;2.530,93;2;0;7;5;0;2;A;06/06/2026;31/07/2026;LOT15M;A;DEPOSITO B;GM - Brasil;Não;Não;Ativo;1;
9;52184897;PORTA CJ-LAT TRAS;13;867,74;853,62;853,62;2.305,98;2.305,98;11;10;6;4;2;9;A;25/07/2026;31/07/2026;NF 670488 OCT;A;DEPOSITO B;GM - Brasil;Não;Não;Ativo;1;
9;52184897;PORTA CJ-LAT TRAS;13;867,74;853,62;853,62;2.305,98;2.305,98;11;10;6;4;2;9;A;25/07/2026;31/07/2026;NF 670488 OCT;A;199AA1;GM - Brasil;Não;Não;Ativo;1;
9;52184899;PORTA CJ-LAT TRAS;11;1.068,74;1.037,32;1.354,87;2.772,85;2.772,85;3;5;5;2;1;7;A;31/07/2026;30/07/2026;JLL43;A;199AB1;GM - Brasil;Não;Não;Ativo;1;
9;52184899;PORTA CJ-LAT TRAS;11;1.068,74;1.037,32;1.354,87;2.772,85;2.772,85;3;5;5;2;1;7;A;31/07/2026;30/07/2026;JLL43;A;DEPOSITO C;GM - Brasil;Não;Não;Ativo;1;
9;52185712;DUCT ASM-INT AI;6;76,56;76,60;76,56;172,40;172,40;7;6;4;3;5;4;A;31/07/2026;29/07/2026;RA0722;A;198AC1;GM - Brasil;Não;Não;Ativo;1;
9;52185875;APPLIQUE,RR CLSR FIX;60;136,41;170,90;180,00;306,28;306,28;1;0;0;1;0;0;C;14/04/2026;29/07/2026;CVA112;C;110SH1;GM - Brasil;Não;Não;Ativo;1;
9;52186056;TRAVESSA DA CRUZETA;2;974,90;974,90;974,90;2.194,23;2.194,23;0;0;0;2;0;1;B;16/06/2026;04/05/2026;PDS04;B;162DB1;GM - Brasil;Não;Não;Ativo;1;
9;52186091;BLOCO CJ-FUSIVEL COM;3;508,32;777,22;777,22;1.105,46;1.105,46;0;0;0;0;0;2;C;01/04/2026;05/03/2026;PDFX02;C;151CA1;GM - Brasil;Sim;Sim;Ativo;1;
9;52186215;ALTERNADOR DE VEICUL;2;1.545,12;2.072,71;1.911,00;3.484,50;3.484,50;0;2;0;0;1;2;A;25/06/2026;17/06/2026;RA0675;A;150RC1;GM - Brasil;Não;Não;Ativo;1;
9;52186316;TUBO CJ-PCV;1;72,59;72,59;72,59;163,37;163,37;0;0;0;0;0;0;C;28/07/2026;;ZZJ672;C;GERAL;GM - Brasil;Não;Não;Ativo;1;
9;52186411;AIRBAG ASM-STRG;1;1.646,14;1.646,14;1.646,14;3.491,89;3.491,89;0;0;0;0;0;1;D;21/01/2026;26/02/2026;DD0120;D;163HC1;GM - Brasil;Não;Não;Ativo;1;
9;52186450;PAINEL CJ-TPA/T;1;1.186,18;1.040,00;1.197,39;2.666,29;2.666,29;1;1;1;3;0;1;A;07/07/2026;28/07/2026;CVA170;A;900BA1;GM - Brasil;Não;Não;Ativo;1;
9;52186882;STEP KIT,ASST;1;2.204,09;2.204,09;2.204,09;4.141,90;4.141,90;0;0;1;1;1;0;B;26/06/2026;18/05/2026;CPGM02;B;156BB1;GM - Brasil;Não;Não;Ativo;1;NOVA MONTANA 23/
9;52186945;SHAFT,FRT WHL DRV HA;2;960,19;921,08;1.198,30;2.068,20;2.068,20;1;0;1;1;1;0;B;29/06/2026;24/07/2026;CVA04M;B;152QA1;GM - Brasil;Não;Não;Ativo;1;
9;52186952;SHAFT,FRT WHL DRV HA;1;860,41;860,41;1.119,37;1.931,97;1.931,97;2;0;2;1;0;2;A;16/06/2026;27/07/2026;CVA02M;A;156AC1;GM - Brasil;Não;Não;Ativo;1;
9;52187085;GRADE-RAD;4;1.507,23;1.435,46;1.957,10;3.392,37;3.392,37;1;2;1;2;1;2;A;02/07/2026;09/07/2026;CVA162;A;400BA;GM - Brasil;Não;Não;Ativo;1;
9;52187086;GRADE-RAD;1;1.742,56;1.742,56;2.553,45;3.922,02;3.922,02;3;2;1;0;0;0;A;15/05/2026;31/07/2026;CVA130;A;900JB1;GM - Brasil;Não;Não;Ativo;1;
9;52187208;DISPOSITIVO DE PLAST;2;37,93;26,61;44,11;95,12;95,12;1;2;0;1;1;0;B;26/06/2026;20/07/2026;CVA150;B;110PC1;GM - Brasil;Sim;Sim;Ativo;1;
9;52187256;LAMP ASM-RR BOD;6;466,41;466,43;466,41;1.352,86;1.352,86;0;1;1;1;1;2;A;29/07/2026;23/06/2026;COPA55;A;152AB1;GM - Brasil;Não;Não;Ativo;1;
9;52187257;LAMP ASM-RR BOD;2;1.055,62;1.055,62;1.055,62;3.061,74;3.061,74;0;1;0;1;0;0;B;29/07/2026;02/07/2026;JLL38;B;151AC1;GM - Brasil;Não;Não;Ativo;1;
9;52187258;LAMP ASM-RR BOD;6;1.055,62;1.055,62;1.055,62;3.061,74;3.061,74;2;2;3;1;2;0;A;30/07/2026;21/07/2026;JLL38;A;151AA1;GM - Brasil;Não;Não;Ativo;1;
9;52187298;LINER ASM-FRT W/H;2;246,53;311,52;305,62;665,12;665,12;6;5;4;3;4;6;A;30/07/2026;30/07/2026;JLL08;A;PARABA22;GM - Brasil;Não;Não;Ativo;1;
9;52187299;LINER ASM-FRT W/H;10;239,17;254,21;319,39;673,13;673,13;2;8;4;4;5;7;A;31/07/2026;03/08/2026;JLL08;A;PARABA32;GM - Brasil;Não;Não;Ativo;1;
9;52187300;GUARNICAO CJ-PTA/LAT;5;174,17;181,95;234,87;406,33;406,33;1;1;3;1;3;0;A;02/06/2026;24/07/2026;PDS02;A;160HB1;GM - Brasil;Não;Não;Ativo;1;
9;52187301;GUARNICAO CJ-PTA/LAT;2;203,67;203,67;203,67;454,82;454,82;1;3;0;1;2;0;A;13/07/2026;16/07/2026;CVA170;A;160ZC1;GM - Brasil;Não;Não;Ativo;1;
9;52187302;GUARNICAO CJ-PTA/LAT;2;180,02;180,02;180,02;423,17;423,17;0;1;1;0;0;0;C;27/07/2026;02/07/2026;JLL10;C;151PA1;GM - Brasil;Não;Não;Ativo;1;
9;52187321;ALMOFADA CJ-ASSNT BC;1;157,75;157,75;157,75;391,25;391,25;0;0;0;0;0;0;C;07/07/2026;07/07/2026;ZZ0659;C;151RC1;GM - Brasil;Sim;Sim;Ativo;1;
9;52187380;INSULATOR,F/FDR CTR;2;65,20;65,20;65,20;146,74;146,74;0;1;0;2;1;1;B;13/07/2026;24/06/2026;CVA170;B;112QA1;GM - Brasil;Não;Não;Ativo;1;
9;52187507;GUARNICAO CJ-PTA/LAT;2;197,32;210,84;261,15;470,83;470,83;1;0;0;1;1;1;B;07/05/2026;13/04/2026;ABRR56;B;162RC1;GM - Brasil;Não;Não;Ativo;1;
9;52187508;GUARNICAO CJ-PTA/LAT;2;177,17;194,85;260,85;435,13;435,13;0;0;0;2;0;1;B;07/05/2026;27/04/2026;ABRR56;B;160QB1;GM - Brasil;Não;Não;Ativo;1;
9;52187523;PAINEL CJ-EXT LAT CA;1;1.506,82;2.018,20;2.018,20;3.384,31;3.384,31;2;1;0;1;0;3;A;28/03/2026;30/07/2026;NMA16;A;DEPOSITO A;GM - Brasil;Não;Não;Ativo;1;
9;52187659;FAROL CJ;3;1.835,41;1.757,18;1.858,89;6.392,26;6.392,26;9;5;3;0;1;2;A;31/07/2026;31/07/2026;ZZ0769;A;BOX 16;GM - Brasil;Não;Não;Ativo;1;
9;52187660;FAROL CJ;2;1.757,18;1.680,12;1.757,17;6.392,26;6.392,26;8;6;1;1;2;0;A;31/07/2026;31/07/2026;ZZ0773;A;BOX 19;GM - Brasil;Não;Não;Ativo;1;
9;52187661;FAROL CJ;10;1.003,21;1.321,80;1.341,13;2.858,02;2.858,02;7;7;2;5;2;2;A;29/07/2026;30/07/2026;JLL38;A;BOX 02;GM - Brasil;Não;Não;Ativo;1;
9;52187662;FAROL CJ;17;1.002,62;1.002,62;1.002,62;2.908,03;2.908,03;7;7;6;7;2;2;A;30/07/2026;27/07/2026;JLL38;A;BOX 20;GM - Brasil;Não;Não;Ativo;1;
9;52187663;FAROL CJ;7;1.384,03;1.556,56;1.556,54;3.365,63;3.365,63;2;2;0;3;6;1;A;09/07/2026;31/07/2026;COPA55;A;BOX 08;GM - Brasil;Não;Não;Ativo;1;
9;52187664;FAROL CJ;7;1.307,42;1.529,77;1.726,31;3.307,73;3.307,73;3;4;0;1;3;1;A;02/07/2026;30/07/2026;COPA43;A;BOX 10;GM - Brasil;Não;Não;Ativo;1;
9;52187761;EMBLEMA CONTENDO FIL;1;29,49;29,49;34,10;80,90;80,90;0;0;0;0;0;0;C;02/04/2026;;ZZ0210;C;105CD1;GM - Brasil;Sim;Sim;Ativo;1;
9;52187845;LAMINA- INFERIO;2;167,47;240,91;321,10;540,96;540,96;0;3;0;2;0;7;A;16/07/2026;30/06/2026;CVA160;A;600AB1;GM - Brasil;Não;Não;Ativo;1;
9;52188260;FECHO CJ-PRIMARIO E;10;99,65;98,74;99,65;208,99;208,99;3;0;0;0;0;0;B;28/07/2026;30/07/2026;PDS04;B;197BB;GM - Brasil;Não;Não;Ativo;1;
9;52188279;PAINEL-EXT LAT;7;982,77;1.327,89;1.327,89;2.225,89;2.225,89;0;1;4;1;0;2;A;02/06/2026;17/06/2026;CVA04M;A;DEPOSITO A;GM - Brasil;Não;Não;Ativo;1;
9;52188305;GUARNICAO CJ-JAN PTA;1;110,61;113,28;113,28;331,80;331,80;0;0;1;0;0;0;D;07/01/2026;19/05/2026;PFHY02;D;163TC1;GM - Brasil;Não;Não;Ativo;1;
9;52188312;PAINEL CJ-INST;1;2.570,91;2.570,91;2.570,91;5.772,74;5.772,74;2;1;1;0;1;1;A;27/07/2026;20/07/2026;DD0746;A;600GA1;GM - Brasil;Não;Não;Ativo;1;
9;52188564;DOOR ASM-FRT SI;2;2.178,94;2.178,94;2.831,28;4.897,78;4.897,78;0;0;1;0;0;2;B;07/07/2026;29/05/2026;CVA04M;B;199AC1;GM - Brasil;Não;Não;Ativo;1;
9;52188573;RACCORD D'AIR COTE ECHANGEUR  ;1;1.852,57;1.851,46;2.455,53;4.161,67;4.161,67;0;0;1;1;1;1;B;01/06/2026;29/05/2026;PDS04;B;199AA1;GM - Brasil;Não;Não;Ativo;1;
9;52188816;OBTURADOR DO PARACHO;8;389,97;530,11;524,54;887,90;887,90;1;1;2;3;5;4;A;05/06/2026;31/07/2026;CVA03M;A;900HB1;GM - Brasil;Não;Não;Ativo;1;
9;52188822;MOLDURA DA ABERTURA;1;119,40;123,25;119,62;268,11;268,11;0;2;0;0;0;1;B;03/07/2026;30/06/2026;RA0677;B;160DB1;GM - Brasil;Não;Não;Ativo;1;
9;52189240;COBERTURA CJ-ENCST B;1;753,65;754,18;1.027,59;1.588,26;1.588,26;0;0;0;2;0;0;C;07/04/2026;27/04/2026;DD0381;C;161HA1;GM - Brasil;Sim;Sim;Ativo;1;
9;52189288;PARA-BRISA CJ;2;1.536,27;1.459,79;2.047,96;3.457,73;3.457,73;0;0;0;1;0;2;B;07/05/2026;29/04/2026;ABRR57;B;199AB1;GM - Brasil;Não;Não;Ativo;1;
9;52189289;PARA-BRISA CJ;6;1.499,55;1.534,62;1.984,31;3.643,99;3.643,99;0;2;3;2;7;1;A;03/07/2026;30/06/2026;CVA162;A;199AB1;GM - Brasil;Não;Não;Ativo;1;
9;52189291;JANELA-PTA/LAT DIANT;2;480,16;655,22;589,63;1.100,74;1.100,74;0;0;0;0;1;2;C;20/04/2026;01/04/2026;VID01;C;152BB1;GM - Brasil;Não;Não;Ativo;1;
9;52189474;PROTETOR DE RESPINGO;10;77,92;77,97;77,92;175,50;175,50;11;3;12;11;5;5;A;31/07/2026;31/07/2026;CVA151;A;160HB1;GM - Brasil;Não;Não;Ativo;1;
9;52189567;COBERTURA-P/CHQ DIAN;5;2.842,29;3.817,98;3.101,42;6.382,11;6.382,11;0;0;0;1;2;2;B;09/03/2026;10/04/2026;CVA92;B;600HB1;GM - Brasil;Não;Não;Ativo;1;
9;52189569;COBERTURA-P/CHQ DIAN;3;2.993,21;2.319,24;2.865,72;3.884,56;3.884,56;4;2;2;2;4;4;A;23/04/2026;31/07/2026;CVA133;A;500BB1;GM - Brasil;Não;Não;Ativo;1;
9;52189573;INSERTO-GRADE RAD;1;645,82;614,17;645,82;1.382,33;1.382,33;1;1;0;2;3;0;A;02/06/2026;16/07/2026;PDS02;A;153DA1;GM - Brasil;Não;Não;Ativo;1;
9;52189575;ADAPTER,FRT GRL;1;357,29;357,29;357,29;804,16;804,16;0;0;0;0;2;0;C;25/04/2026;27/03/2026;CVA133;C;106AJ1;GM - Brasil;Não;Não;Ativo;1;
9;52189576;GUARNICAO DE BORRACH;1;244,03;244,03;244,03;544,95;544,95;0;0;0;1;0;0;C;06/07/2026;04/05/2026;ZZ0646;C;160RB1;GM - Brasil;Não;Não;Reativado;1;
9;52189577;GUARNICAO DE BORRACH;1;221,46;211,30;293,75;503,14;503,14;0;0;0;0;0;0;D;09/03/2026;27/10/2025;DD0270;D;160KB1;GM - Brasil;Não;Não;Ativo;1;
9;52189629;JANELA CJ-L/TRAS;1;689,22;689,22;689,22;1.551,26;1.551,26;0;2;0;0;0;0;C;01/07/2026;03/07/2026;DD0647;C;153PA1;GM - Brasil;Não;Não;Ativo;1;
9;52189733;JANELA-PTA/LAT DIANT;7;308,80;312,60;355,23;703,58;703,58;0;0;1;0;0;0;C;09/07/2026;28/05/2026;CVA11M;C;152CA1;GM - Brasil;Não;Não;Ativo;1;
9;52189765;TAPETE PACT-AUX ASS;13;204,78;335,22;334,03;460,90;460,90;5;0;4;23;2;6;A;06/05/2026;16/07/2026;TPT182;A;VITRINE;GM - Brasil;Não;Não;Ativo;1;
9;52189765;TAPETE PACT-AUX ASS;13;204,78;335,22;334,03;460,90;460,90;5;0;4;23;2;6;A;06/05/2026;16/07/2026;TPT182;A;148AP1;GM - Brasil;Não;Não;Ativo;1;
9;52190052;COBERTURA DA CACAMBA;2;2.083,95;2.795,41;2.796,90;4.690,40;4.690,40;0;0;0;1;0;2;B;05/05/2026;23/04/2026;CVA138;B;153CC1;GM - Brasil;Não;Não;Ativo;1;
9;52190132;DOBRADICA CJ-CAPO;3;114,55;157,41;157,41;284,11;284,11;1;0;3;1;0;1;B;13/06/2026;10/07/2026;CVA16M;B;106PK1;GM - Brasil;Sim;Sim;Ativo;1;
9;52190133;DOBRADICA CJ-CAPO;1;118,50;162,85;162,85;293,89;293,89;1;0;1;1;0;0;B;02/06/2026;10/07/2026;PDS04;B;106QK1;GM - Brasil;Sim;Sim;Ativo;1;
9;52190210;TAMPA CJ-ELEV;8;1.302,92;1.623,63;1.688,52;3.453,04;3.453,04;10;11;7;6;8;4;A;22/07/2026;30/07/2026;JLL04;A;199AC1;GM - Brasil;Não;Não;Ativo;1;
9;52190210;TAMPA CJ-ELEV;8;1.302,92;1.623,63;1.688,52;3.453,04;3.453,04;10;11;7;6;8;4;A;22/07/2026;30/07/2026;JLL04;A;DEPOSITO C;GM - Brasil;Não;Não;Ativo;1;
9;52190214;FENDER-FRT;5;307,74;412,55;412,55;691,00;691,00;4;5;4;3;1;4;A;08/07/2026;29/07/2026;CVA162;A;700GB1;GM - Brasil;Não;Não;Ativo;1;
9;52190215;FENDER-FRT;6;284,26;270,21;380,17;638,58;638,58;3;2;2;5;3;4;A;02/06/2026;17/07/2026;PDS02;A;700DB1;GM - Brasil;Não;Não;Reativado;1;
9;52190216;FENDER-FRT;7;290,37;289,52;380,04;773,91;773,91;1;6;5;5;5;7;A;20/07/2026;16/07/2026;COPA55;A;800BA1;GM - Brasil;Não;Não;Ativo;1;
9;52190217;FENDER-FRT;8;279,13;264,56;264,56;739,90;739,90;9;4;4;2;4;4;A;20/07/2026;29/07/2026;COPA47;A;950AA1;GM - Brasil;Não;Não;Ativo;1;
9;52190221;PORTA CJ-LAT TRAS;4;1.218,69;1.221,61;1.779,42;2.743,01;2.743,01;0;1;1;1;1;2;A;28/03/2026;08/06/2026;NMA27;A;199AA1;GM - Brasil;Não;Não;Ativo;1;
9;52190307;LANTERNA CJ-FR MONT;12;123,89;166,17;166,17;359,28;359,28;1;0;1;8;2;3;A;13/07/2026;30/07/2026;COPA43;A;107HJ1;GM - Brasil;Não;Não;Ativo;1;
9;52190673;BOLSA INFLAVEL DE SE;3;938,27;1.276,37;1.276,37;2.137,85;2.137,85;2;1;5;0;0;0;A;13/07/2026;27/07/2026;CVA170;A;154BC1;GM - Brasil;Não;Não;Ativo;1;
9;52190806;PAINEL-EXT PL/DIANT;2;94,81;127,10;127,10;212,90;212,90;0;0;0;0;0;0;C;26/06/2026;;CVA151;C;160ZC2;GM - Brasil;Não;Não;Ativo;1;
9;52191145;MODULO KIT-BBA/COMB;1;1.118,16;1.118,16;1.118,16;2.513,38;2.513,38;0;0;0;0;0;0;C;30/07/2026;;ZZ0565;C;GERAL;GM - Brasil;Não;Não;Ativo;1;
9;52191146;GUIDE ASM-FRT B;6;215,63;219,05;281,49;491,85;491,85;4;2;5;1;6;1;A;13/07/2026;28/07/2026;CVA162;A;112GJ1;GM - Brasil;Não;Não;Ativo;1;
9;52191148;GUIDE ASM-FRT B;6;217,01;290,93;291,51;487,29;487,29;3;3;6;2;3;2;A;18/06/2026;31/07/2026;PDS04-2;A;112SB1;GM - Brasil;Não;Não;Ativo;1;
9;52191314;FIVELA CJ-CINTO BCO/;2;202,77;238,24;242,89;399,03;399,03;0;0;0;0;0;0;D;06/01/2026;28/01/2026;PFHY02;D;112DC1;GM - Brasil;Não;Não;Ativo;1;
9;52191690;JOGO DE FIOS COM CON;1;2.960,50;2.960,50;2.960,50;6.632,81;6.632,81;0;0;0;0;0;0;C;09/04/2026;;ZZ0392;C;198CA1;GM - Brasil;Não;Não;Ativo;1;
9;52191723;LINER,PUBX;20;1.510,82;1.519,05;1.510,82;3.598,90;3.598,90;10;10;7;14;11;3;A;24/07/2026;31/07/2026;CPSO02;A;200DA1;GM - Brasil;Não;Não;Ativo;1;
9;52191847;CONJUNTO DE APARELHO;2;988,08;988,08;1.290,20;1.961,75;1.961,75;0;1;1;0;1;1;B;28/04/2026;22/06/2026;;B;1SALA A4;GM - Brasil;Não;Não;Ativo;1;
9;52192033;MOLDURA DA GRADE DO;1;159,56;159,56;159,56;304,92;304,92;0;0;0;1;0;0;C;02/06/2026;16/04/2026;CVA02M;C;164RB1;GM - Brasil;Não;Não;Ativo;1;
9;52192034;MOLDURA DA GRADE DO;1;158,28;158,28;158,28;302,49;302,49;0;1;0;1;0;1;B;13/07/2026;26/06/2026;CVA170;B;151DC1;GM - Brasil;Não;Não;Ativo;1;
9;52192437;MOLDURA CJ-PNL SOL;1;425,61;425,61;425,61;1.085,99;1.085,99;0;0;1;2;0;0;B;07/05/2026;20/05/2026;ABRR53;B;156BB1;GM - Brasil;Não;Não;Ativo;1;
9;52192639;ALTERNADOR CJ;2;1.246,87;1.720,63;1.678,00;3.207,81;3.207,81;2;0;0;2;0;3;A;05/05/2026;14/07/2026;ABRR45;A;153AB1;GM - Brasil;Não;Não;Ativo;1;
9;52192704;PANEL-R/FLR RR;3;158,15;151,54;151,54;357,12;357,12;5;1;1;2;4;1;A;02/07/2026;16/07/2026;CVA150;A;162GA1;GM - Brasil;Não;Não;Ativo;1;
9;52192725;WINDOW ASM-R/D;1;813,94;813,94;813,94;1.831,96;1.831,96;0;1;0;0;0;0;C;26/06/2026;30/06/2026;ZZ0643;C;800BB1;GM - Brasil;Não;Não;Ativo;1;
9;52192728;COBERTURA-INF P;1;754,05;754,05;754,05;1.432,18;1.432,18;1;2;1;1;2;0;A;28/07/2026;16/07/2026;NF TUDO;A;500AA1;GM - Brasil;Não;Não;Ativo;1;
9;52192946;BOLSA INFLAVEL DE SE;2;491,38;431,84;491,38;1.009,99;1.009,99;1;0;2;2;0;1;B;16/07/2026;21/07/2026;CVA04M;B;153BB1;GM - Brasil;Não;Não;Ativo;1;
9;52193053;BARRA DE IMPACTO DO;21;118,17;163,44;118,17;330,39;330,39;7;5;4;12;9;9;A;16/06/2026;29/07/2026;LOT15M;A;160HC1;GM - Brasil;Não;Não;Ativo;1;
9;52193120;PORTA CJ,LAT DIANT;2;1.289,52;1.061,96;1.289,52;3.406,45;3.406,45;2;2;0;0;0;0;B;31/07/2026;21/07/2026;JLL43;B;199AC1;GM - Brasil;Não;Não;Obsoleto;1;
9;52193125;PORTA CJ-LAT TRAS;2;915,54;1.227,37;1.227,37;2.936,82;2.936,82;1;0;0;0;0;0;C;06/06/2026;16/07/2026;LOT11M;C;199AA1;GM - Brasil;Não;Não;Ativo;1;
9;52193183;BOLSA INFLAVEL DE SE;1;566,32;598,20;566,32;1.271,63;1.271,63;1;0;1;0;0;0;C;13/07/2026;21/07/2026;ZZ0633;C;153BA1;GM - Brasil;Não;Não;Ativo;1;
9;52193269;MOLDING ASM-FRT;1;48,93;48,93;63,67;109,88;109,88;2;2;0;1;0;1;A;26/06/2026;31/07/2026;CVA150;A;155AB1;GM - Brasil;Não;Não;Ativo;1;
9;52193368;PORTA CJ-LAT TRAS;1;977,20;1.310,03;1.310,03;2.612,27;2.612,27;0;0;0;0;0;0;C;24/07/2026;;LOT11M;C;199AA1;GM - Brasil;Não;Não;Reativado;1;
9;52193369;PORTA CJ-LAT TRAS;1;1.127,16;1.127,16;1.466,40;2.531,07;2.531,07;0;0;0;0;0;0;C;31/07/2026;;JLL43;C;199AA1;GM - Brasil;Não;Não;Ativo;1;
9;52193740;GATE ASM-LIFT;2;1.192,73;1.192,73;1.517,11;2.678,18;2.678,18;1;2;2;0;0;2;A;07/07/2026;29/07/2026;CVA170;A;210BB;GM - Brasil;Não;Não;Ativo;1;
9;52193791;MODULO ELETRONICO DE CAPTACAO DE IMAGENS;1;1.728,08;1.728,08;1.728,08;;3.863,83;0;0;0;0;0;0;D;12/12/2025;;ZZU750;D;108AJ1;GM - Brasil;Não;Não;Ativo;1;
9;52193806;PORTA CJ,LAT DIANT;34;1.197,45;1.093,73;1.534,42;3.046,14;3.046,14;17;23;5;7;3;0;A;31/07/2026;31/07/2026;JLL43;A;199AC1;GM - Brasil;Não;Não;Ativo;1;
9;52193806;PORTA CJ,LAT DIANT;34;1.197,45;1.093,73;1.534,42;3.046,14;3.046,14;17;23;5;7;3;0;A;31/07/2026;31/07/2026;JLL43;A;DEPOSITO C;GM - Brasil;Não;Não;Ativo;1;
9;52193807;PORTA CJ,LAT DIANT;2;1.123,19;1.119,96;1.602,50;2.993,76;2.993,76;6;6;1;0;0;0;A;31/07/2026;03/08/2026;JLL43;A;DEPOSITO B;GM - Brasil;Não;Não;Ativo;1;
9;52193807;PORTA CJ,LAT DIANT;2;1.123,19;1.119,96;1.602,50;2.993,76;2.993,76;6;6;1;0;0;0;A;31/07/2026;03/08/2026;JLL43;A;199AB1;GM - Brasil;Não;Não;Ativo;1;
9;52194301;COBERTURA DO PARACHO;1;643,61;643,46;884,96;1.478,73;1.478,73;1;1;1;1;1;0;B;21/07/2026;16/07/2026;NF 669909 OCT;B;600CC1;GM - Brasil;Não;Não;Ativo;1;
9;52194721;INTERRUPTOR ELETRICO;3;135,64;135,64;121,13;177,55;177,55;3;5;1;1;2;3;A;29/07/2026;15/07/2026;RA0724;A;107XD1;GM - Brasil;Não;Não;Ativo;1;
9;52194743;PORTA CJ-PRENCH TQ/C;5;200,02;264,36;264,36;443,57;443,57;2;2;4;6;2;6;A;30/06/2026;16/07/2026;CVA16M;A;112CC2;GM - Brasil;Não;Não;Ativo;1;
9;52194813;PAINEL CJ-LAT C;4;565,76;759,13;763,19;1.272,49;1.272,49;3;2;2;0;1;3;A;04/03/2026;29/07/2026;CVA93;A;210BB;GM - Brasil;Não;Não;Ativo;1;
9;52194877;BAR-F/END LWR T;10;232,09;222,90;222,90;524,89;524,89;7;5;8;5;3;6;A;16/07/2026;31/07/2026;CVA162;A;162RA1;GM - Brasil;Não;Não;Ativo;1;
9;52194986;PAINEL CJ-P/TRAS;22;642,06;618,05;618,05;1.685,79;1.685,79;15;8;3;1;1;2;A;16/07/2026;31/07/2026;CVA149;A;162CA1;GM - Brasil;Não;Não;Ativo;1;
9;52195247;RESFRIADOR CJ-AR CAR;31;386,98;369,78;369,78;868,93;868,93;20;8;0;0;0;0;A;11/06/2026;31/07/2026;CVA11M;A;159PA1;GM - Brasil;Não;Não;Ativo;1;
9;52195249;RADIADOR CJ;31;501,38;479,10;479,10;1.318,37;1.318,37;19;12;18;15;2;0;A;28/04/2026;31/07/2026;CVA112;A;164XA1;GM - Brasil;Não;Não;Ativo;1;
9;52195257;RADIADOR CJ;14;545,81;669,73;545,81;1.301,99;1.301,99;8;11;8;5;17;8;A;09/07/2026;30/07/2026;CVA16M;A;156QA1;GM - Brasil;Não;Não;Ativo;1;
9;52195262;RADIADOR CJ;7;403,99;368,24;368,24;979,52;979,52;10;11;7;1;0;0;A;09/07/2026;28/07/2026;CVA04M;A;950AA1;GM - Brasil;Não;Não;Ativo;1;
9;52195636;RETRACTOR,R/CTR SEAT;2;234,80;314,78;314,92;527,22;527,22;1;2;1;1;1;0;A;29/06/2026;25/07/2026;CVA151;A;108TC3;GM - Brasil;Não;Não;Ativo;1;
9;52195645;FAROL CJ;2;3.003,66;3.729,00;3.003,66;7.437,31;7.437,31;0;0;0;0;0;0;D;14/07/2025;;PITKR1;D;BOX 20;GM - Brasil;Não;Não;Ativo;1;
9;52195647;FAROL CJ;2;3.003,66;3.729,00;3.003,66;7.406,92;7.406,92;0;0;0;0;0;0;D;16/07/2025;;PITKR1;D;155BC1;GM - Brasil;Não;Não;Obsoleto;1;
9;52195835;CAPO CJ;7;1.155,17;1.563,40;1.538,47;2.620,67;2.620,67;4;3;4;1;6;5;A;29/05/2026;31/07/2026;PDS02;A;DEPOSIT BB;GM - Brasil;Não;Não;Ativo;1;
9;52195835;CAPO CJ;7;1.155,17;1.563,40;1.538,47;2.620,67;2.620,67;4;3;4;1;6;5;A;29/05/2026;31/07/2026;PDS02;A;199AB1;GM - Brasil;Não;Não;Ativo;1;
9;52196127;GRADE-RAD;7;372,37;372,37;499,19;836,13;836,13;2;1;1;3;2;0;A;20/07/2026;21/07/2026;PDS04;A;500AA1;GM - Brasil;Não;Não;Ativo;1;
9;52196209;TAPE-RR S/D WDO;17;28,70;38,23;38,83;70,69;70,69;1;1;3;2;0;2;A;04/04/2026;31/07/2026;CVA129;A;112GD2;GM - Brasil;Sim;Sim;Ativo;1;
9;52196212;TAPE-RR S/D WDO;17;32,79;32,31;43,09;90,46;90,46;2;5;5;4;2;3;A;30/07/2026;31/07/2026;COPA29;A;105RH1;GM - Brasil;Sim;Sim;Ativo;1;
9;52196213;TAPE-RR S/D WDO;7;22,91;39,96;38,74;81,45;81,45;2;3;4;1;4;3;A;21/11/2025;29/07/2026;CVA57;A;106AB1;GM - Brasil;Sim;Sim;Ativo;1;
9;52196416;VALVULA KIT-EXPS TRM;28;63,49;92,12;83,10;166,01;166,01;3;5;6;2;3;0;A;02/06/2026;17/07/2026;PDS04;A;109HH1;GM - Brasil;Sim;Sim;Ativo;1;
9;52196614;CAPO CJ;35;1.277,08;1.065,09;1.565,94;3.105,92;3.105,92;47;21;17;29;15;0;A;31/07/2026;03/08/2026;CAPZ01;A;199AC1;GM - Brasil;Não;Não;Ativo;1;
9;52196614;CAPO CJ;35;1.277,08;1.065,09;1.565,94;3.105,92;3.105,92;47;21;17;29;15;0;A;31/07/2026;03/08/2026;CAPZ01;A;DEPOSITO B;GM - Brasil;Não;Não;Ativo;1;
9;52196658;BATENTE DA SUSPENSAO;13;22,80;23,17;33,09;61,82;61,82;10;4;4;4;10;0;A;09/07/2026;22/07/2026;COPA47;A;113AA1;GM - Brasil;Não;Não;Ativo;1;
9;52196747;LAMP,RR STOP;2;631,39;631,39;631,39;1.205,02;1.205,02;3;4;2;0;1;1;A;30/07/2026;31/07/2026;RA0683;A;154SA1;GM - Brasil;Não;Não;Ativo;1;
9;52196748;LAMP,RR STOP;1;680,06;680,06;680,06;1.205,02;1.205,02;2;1;0;0;1;2;A;28/07/2026;29/07/2026;RA0716;A;153RB1;GM - Brasil;Não;Não;Ativo;1;
9;52196750;LAMP,RR STOP;1;907,35;907,35;1.178,35;1.731,68;1.731,68;2;0;2;0;1;0;B;29/07/2026;31/07/2026;RA0724;B;150QC1;GM - Brasil;Não;Não;Ativo;1;
9;52196774;TAPE-FRT S/D WD;9;23,52;23,52;32,40;65,83;65,83;0;0;1;3;1;0;B;26/06/2026;29/05/2026;CVA150;B;109AA1;GM - Brasil;Sim;Sim;Ativo;1;
9;52196775;TAPE-FRT S/D WD;17;26,84;37,05;37,05;64,44;64,44;0;2;2;1;0;0;B;26/06/2026;18/06/2026;CVA150;B;107CH1;GM - Brasil;Sim;Sim;Ativo;1;
9;52196776;TAPE-RR S/D WDO;5;21,53;21,58;29,66;60,40;60,40;0;0;0;2;0;0;C;26/06/2026;04/05/2026;CVA150;C;112GD1;GM - Brasil;Sim;Sim;Ativo;1;
9;52196777;TAPE-RR S/D WDO;4;24,04;19,48;19,48;67,77;67,77;0;0;1;0;0;0;C;02/06/2026;29/05/2026;LOT01M;C;111AA2;GM - Brasil;Sim;Sim;Ativo;1;
9;52196799;GRADE-RAD;9;233,35;232,13;233,35;521,21;521,21;18;11;8;13;6;7;A;31/07/2026;31/07/2026;DD0759;A;400AA1;GM - Brasil;Não;Não;Ativo;1;
9;52196851;BATENTE DA SUSPENSAO;2;37,90;44,77;37,90;100,52;100,52;1;0;0;2;0;0;B;29/07/2026;24/07/2026;RA0716;B;108BD1;GM - Brasil;Não;Não;Ativo;1;
9;52196901;BLOCO CJ-JUN CHIC FI;3;596,79;596,79;612,91;1.169,51;1.169,51;0;0;1;1;1;2;B;02/06/2026;29/05/2026;CVA02M;B;112RJ1;GM - Brasil;Sim;Sim;Ativo;1;
9;52196966;JOGO DE TAPETES DO A;59;159,48;225,59;219,45;380,90;380,90;11;2;0;0;0;0;A;17/07/2026;01/08/2026;RDS002;A;148AH1;GM - Brasil;Não;Não;Ativo;1;
9;52197011;BARRA CJ-LIGACAO SUP;7;2.075,59;2.057,50;2.075,59;5.634,09;5.634,09;10;6;3;3;5;2;A;30/07/2026;03/08/2026;JLL03;A;162CA1;GM - Brasil;Não;Não;Ativo;1;
9;52197559;MOLDING ASM-RR;1;147,63;155,95;156,23;350,17;350,17;0;1;0;0;0;0;C;10/06/2026;30/06/2026;ZZ0579;C;151PB1;GM - Brasil;Não;Não;Ativo;1;
9;52197993;PLACA-PROTETOR CAPA;2;1.082,93;1.082,93;1.082,93;2.071,71;2.071,71;1;0;0;0;3;1;B;30/07/2026;10/07/2026;RA0721;B;156QC1;GM - Brasil;Não;Não;Ativo;1;
9;52198623;APARELHO ELETRICO (C;2;964,84;964,84;1.257,36;2.157,18;2.157,18;0;1;2;1;0;0;B;09/07/2026;01/07/2026;CVA151;B;BOX 27;GM - Brasil;Não;Não;Ativo;1;
9;52198625;APARELHO ELETRICO (C;15;2.480,76;2.480,77;2.480,76;7.147,47;7.147,47;3;4;0;1;4;2;A;31/07/2026;17/07/2026;JLL38;A;BOX 17;GM - Brasil;Não;Não;Ativo;1;
9;52198626;APARELHO ELETRICO (C;31;4.185,79;4.220,75;4.460,03;7.147,47;7.147,47;5;2;3;1;3;4;A;14/04/2026;31/07/2026;CVA112;A;157AA1;GM - Brasil;Não;Não;Ativo;1;
9;52199002;TAMPA CJ-ELEV;16;1.583,85;1.517,42;1.517,42;4.227,01;4.227,01;14;8;8;4;6;5;A;24/07/2026;31/07/2026;JLL04;A;210BB;GM - Brasil;Não;Não;Ativo;1;
9;52199002;TAMPA CJ-ELEV;16;1.583,85;1.517,42;1.517,42;4.227,01;4.227,01;14;8;8;4;6;5;A;24/07/2026;31/07/2026;JLL04;A;DEPOSITO C;GM - Brasil;Não;Não;Ativo;1;
9;52199158;GRADE-RAD;2;330,20;330,20;431,87;743,19;743,19;2;2;1;1;2;1;A;20/07/2026;13/07/2026;RA0721;A;500DC1;GM - Brasil;Não;Não;Ativo;1;
9;52199618;INSERTO DA GRADE DO;4;361,09;361,85;485,10;691,51;691,51;2;2;3;3;1;1;A;08/07/2026;13/07/2026;CVA162;A;159AC1;GM - Brasil;Não;Não;Ativo;1;
9;52199620;INSERTO DA GRADE DO;1;361,85;361,85;470,76;691,51;691,51;0;2;2;2;2;0;A;08/07/2026;26/06/2026;CVA161;A;152PA1;GM - Brasil;Não;Não;Ativo;1;
9;52200000;BARRA CJ-LIGACAO SUP;1;1.639,65;1.639,65;2.131,16;3.690,40;3.690,40;1;0;0;2;0;1;B;28/07/2026;28/07/2026;CVA04M;B;162ZA2;GM - Brasil;Não;Não;Ativo;1;
9;52200019;FAROL CJ;1;3.002,81;3.029,44;3.745,22;6.818,45;6.818,45;1;1;1;1;2;1;A;13/07/2026;27/07/2026;CVA170;A;155PA1;GM - Brasil;Não;Não;Ativo;1;
9;52200683;SENSOR KIT-NIVL COMB;15;277,30;277,30;355,55;640,85;640,85;9;12;4;9;9;11;A;30/07/2026;31/07/2026;RA0677;A;114AC1;GM - Brasil;Sim;Sim;Ativo;1;
9;52200891;MOTOR CJ-VNTDR ARREF;1;540,43;556,76;556,76;1.549,67;1.549,67;1;1;0;1;1;0;B;02/07/2026;27/07/2026;RA0676;B;151CC1;GM - Brasil;Sim;Sim;Ativo;1;
9;52201462;TRAVA CJ-PTA/LAT DIA;1;97,27;97,27;126,36;218,37;218,37;0;0;0;0;0;0;C;14/04/2026;;ZZ0335;C;112TD1;GM - Brasil;Não;Não;Ativo;1;
9;52202378;COBERTURA-P/CHQ DIAN;9;441,30;421,70;421,70;990,90;990,90;8;8;5;0;0;0;A;16/06/2026;31/07/2026;CVA04M;A;CAIXA03;GM - Brasil;Não;Não;Ativo;1;
9;52202671;PAINEL CJ-CX/RODA DI;1;2.383,81;2.383,81;2.383,81;5.352,94;5.352,94;1;0;0;0;0;0;C;26/06/2026;30/07/2026;CVA04M;C;162CC1;GM - Brasil;Não;Não;Substituído;1;
9;52202675;PAINEL CJ-INST;15;820,10;1.099,41;1.099,41;1.841,46;1.841,46;1;1;1;16;0;0;A;27/05/2026;29/07/2026;PAIN65;A;DEPOSIT BB;GM - Brasil;Não;Não;Ativo;1;
9;52202897;GRADE-RAD;3;289,39;289,39;376,49;649,80;649,80;0;0;0;0;0;0;C;28/04/2026;;PISN1C;C;210BB;GM - Brasil;Não;Não;Ativo;1;
9;52202898;COBERTURA-INF P/CHQ;3;189,63;189,63;254,22;425,80;425,80;0;0;0;0;0;0;C;18/06/2026;;PISN2C;C;600CB1;GM - Brasil;Não;Não;Ativo;1;
9;52202899;COBERTURA CJ-INF P/C;3;436,89;436,89;568,38;980,99;980,99;0;0;0;0;0;0;C;28/04/2026;;PISN1C;C;900DB1;GM - Brasil;Não;Não;Ativo;1;
9;52202904;FASCIA,FRT BPR UPR;3;481,02;481,02;644,85;1.080,08;1.080,08;0;0;0;0;0;0;C;18/06/2026;;PISN2C;C;500BC1;GM - Brasil;Não;Não;Ativo;1;
9;52202942;FASCIA,RR BPR LWR;3;436,89;585,69;585,69;981,01;981,01;0;0;0;0;0;0;C;23/04/2026;;PISN1C;C;600GA1;GM - Brasil;Não;Não;Ativo;1;
9;52202948;COBERTURA-SUP P/CHQ;3;391,91;391,91;509,87;880,00;880,00;0;0;0;0;0;0;C;21/05/2026;;PISN1C;C;BOX 21;GM - Brasil;Não;Não;Ativo;1;
9;52202950;COBERTURA-SUP P/CHQ;3;391,91;391,91;509,87;880,00;880,00;0;0;0;0;0;0;C;21/05/2026;;PISN1C;C;164QA1;GM - Brasil;Não;Não;Ativo;1;
9;52203095;CAPO CJ;3;993,44;1.392,39;1.337,91;2.607,67;2.607,67;11;11;7;11;6;2;A;24/07/2026;31/07/2026;COPA40;A;DEPOSITO B;GM - Brasil;Não;Não;Ativo;1;
9;52203095;CAPO CJ;3;993,44;1.392,39;1.337,91;2.607,67;2.607,67;11;11;7;11;6;2;A;24/07/2026;31/07/2026;COPA40;A;199AB1;GM - Brasil;Não;Não;Ativo;1;
9;52203912;HEADLAMP ASM-FR;3;2.992,25;2.992,25;4.007,01;6.293,78;6.293,78;0;0;0;0;0;0;C;11/05/2026;;PISN1C;C;BOX 01;GM - Brasil;Não;Não;Ativo;1;
9;52203913;APARELHO ELETRICO (C;3;2.992,25;4.007,01;3.899,39;6.293,78;6.293,78;0;0;0;0;0;0;C;25/04/2026;;PISN1C;C;BOX 10;GM - Brasil;Não;Não;Ativo;1;
9;52205640;APARELHO ELETRICO (L;3;24,70;24,70;24,70;47,16;47,16;0;0;0;0;0;0;C;23/06/2026;;PISN2C;C;111BG1;GM - Brasil;Não;Não;Ativo;1;
9;52205641;APARELHO ELETRICO (L;3;24,70;33,11;33,11;47,16;47,16;0;0;0;0;0;0;C;23/06/2026;;PISN2C;C;111AD1;GM - Brasil;Não;Não;Ativo;1;
9;52206420;LAMP,RR STOP;2;1.271,04;1.702,09;1.656,37;2.673,45;2.673,45;1;0;0;0;0;0;C;13/07/2026;22/07/2026;PISN2C;C;BOX 26;GM - Brasil;Não;Não;Ativo;1;
9;52206421;LAMP,RR STOP;2;1.271,04;1.271,04;1.271,04;2.673,45;2.673,45;1;0;0;0;0;0;C;23/06/2026;09/07/2026;PISN2C;C;153AC1;GM - Brasil;Não;Não;Ativo;1;
9;52206422;LAMP,RR COMBINATION;3;1.961,72;1.961,72;1.961,72;4.126,21;4.126,21;0;0;0;0;0;0;C;23/06/2026;;PISN2C;C;163RC1;GM - Brasil;Não;Não;Ativo;1;
9;52208385;GRADE-RAD;3;289,39;289,39;376,49;649,80;649,80;0;0;0;0;0;0;C;23/04/2026;;PISN1C;C;210BB;GM - Brasil;Não;Não;Ativo;1;
9;52208522;PORTA CJ-LAT TR;1;2.119,43;2.119,43;2.757,31;4.758,97;4.758,97;1;0;0;0;0;0;C;13/07/2026;30/07/2026;CVA150;C;199AA1;GM - Brasil;Não;Não;Ativo;1;
9;52208528;PORTA CJ-LAT DI;7;1.747,05;1.642,75;1.747,05;4.391,22;4.391,22;1;1;0;0;0;0;C;28/07/2026;28/07/2026;LOT04M;C;199AA1;GM - Brasil;Não;Não;Ativo;1;
9;52251392;PRESILHA CHICOTE AR CONDICIONADO;45;0,30;0,30;0,30;13,24;13,24;2;2;0;0;5;0;B;28/04/2026;07/07/2026;RA0446;B;109BC2;GM - Brasil;Sim;Sim;Ativo;1;AGILE - 2010 A 2014, ASTRA A - 1995 A 1996, ASTRA B - 1999 A 2011, BLAZER - 1996 A 2011, CALIBRA - 1994 A 1995, CELTA - 2001 A 2016, CHEVETTE - 1973 A 1994, CORSA A - 1994 A 2017, CORSA B - 2002 A 2012, CORSA PICK-UP - 1994 A 2017, CORSA WAGON - 1994 A 2017, GRAND BLAZER - 1997 A 2002, KADETT - 1989 A 1998, MONTANA B - 2011 A 2020, MONZA - 1982 A 1996, OMEGA A - 1993 A 1998, OMEGA B - 1999 A 2009, OPALA - 1969 A 1992, PRISMA A - 2007 A 2012, S10 A - 1995 A 2011, SILVERADO - 1997 A 2002, SUPREMA - 1993 A 1998, TIGRA - 1998 A 2000, UTILITARIOS - 1985 A 1996, VECTRA A - 1994 A 1996, VECTRA B - 1997 A 2005, VECTRA C - 2006 A 2011, ZAFIRA - 2001 A 2012
9;52270928;ANEL FLANGE VARETA ÓLEO;9;3,61;3,61;3,61;13,49;13,49;5;3;0;0;1;0;A;30/10/2025;01/08/2026;OTT29;A;105PG2;GM - Brasil;Sim;Sim;Ativo;1;BLAZER - 1996 A 2011, CELTA - 2001 A 2016, KADETT - 1989 A 1998, MONZA - 1982 A 1996, S10 A - 1995 A 2011, S10 B - 2012 A 2020
9;52283055;PRESILHA CINTA PLASTICA;4;0,43;0,17;0,20;2,17;2,17;0;3;0;13;0;7;A;15/05/2025;10/06/2026;RA0546;A;145AG1;GM - Brasil;Sim;Sim;Ativo;1;AGILE - 2010 A 2014, ASTRA B - 1999 A 2011, BLAZER - 1996 A 2011, CELTA - 2001 A 2016, COBALT - 2012 A 2020, CORSA A - 1994 A 2017, CORSA B - 2002 A 2012, CORSA PICK-UP - 1994 A 2017, CORSA WAGON - 1994 A 2017, GMC - 1996 A 2002, GRAND BLAZER - 1997 A 2002, MERIVA - 2002 A 2012, MONTANA A - 2004 A 2011, MONTANA B - 2011 A 2020, OMEGA B - 1999 A 2009, ONIX - 2013 A 2019, PRISMA A - 2007 A 2012, PRISMA B - 2013 A 2019, S10 A - 1995 A 2011, SILVERADO - 1997 A 2002, VECTRA B - 1997 A 2005, VECTRA C - 2006 A 2011, ZAFIRA - 2001 A 2012
9;55353334;TELA BOMBA;7;24,60;25,21;24,60;46,74;46,74;0;0;0;2;1;11;B;29/05/2026;30/04/2026;CVA11M;B;107GH2;GM - Brasil;Não;Não;Ativo;1;CRUZE A  - 2012 A 2016, SONIC - 2012 A 2014, TRACKER B - 2014 A 2019
9;55355578;JUNTA DO CABECOTE;13;126,73;174,30;158,15;388,79;388,79;1;1;0;4;0;7;A;05/06/2026;27/07/2026;MAL54;A;107QL1;GM - Brasil;Sim;Sim;Ativo;1;CRUZE A  - 2012 A 2016, SONIC - 2012 A 2014, TRACKER B - 2014 A 2019
9;55484756;CARCAÇA VEDADOR;3;233,73;305,35;415,35;435,62;435,62;1;0;0;2;1;1;B;28/04/2026;08/07/2026;RA0448;B;108AL1;GM - Brasil;Não;Não;Ativo;1;
9;55486357;CORREIA BOMBA ÓLEO;222;46,16;39,41;39,56;158,54;158,54;78;84;82;72;53;59;A;13/07/2026;31/07/2026;CVA162;A;145PA1;GM - Brasil;Sim;Sim;Ativo;1;ONIX - 2020 A 2021, TRACKER 3 - 2021 A 2021
9;55487381;TAMPA CORREIA;27;98,99;133,20;133,20;191,76;191,76;11;12;13;17;16;17;A;08/07/2026;30/07/2026;CVA162;A;114BA;GM - Brasil;Não;Não;Ativo;1;
9;55487413;PARAFUSO DO CABEÇOTE;238;14,55;19,97;18,10;30,65;30,65;103;154;164;88;48;108;A;08/07/2026;30/07/2026;CVA162;A;111RB1;GM - Brasil;Sim;Sim;Ativo;1;
9;55489460;VEDADOR;77;6,16;6,17;6,16;12,97;12,97;90;42;98;30;54;42;A;08/07/2026;29/07/2026;CVA161;A;107BD1;GM - Brasil;Sim;Sim;Ativo;1;ONIX - 2020 A 2021, TRACKER - 2021 A 2021
9;55495082;BOMBA DE VACUO;62;226,29;192,98;193,31;768,17;768,17;22;27;31;26;23;30;A;13/07/2026;31/07/2026;CVA162;A;159AB1;GM - Brasil;Sim;Sim;Ativo;1;
9;55496009;VEDADOR;95;4,70;3,93;6,18;9,82;9,82;84;36;90;30;60;42;A;26/06/2026;29/07/2026;CVA149;A;106RH1;GM - Brasil;Sim;Sim;Ativo;1;ONIX - 2020 A 2021, TRACKER - 2021 A 2021
9;55496241;VALVULA SOLENOIDE;1;486,04;462,04;629,92;866,94;866,94;1;1;1;1;0;0;B;13/06/2026;04/07/2026;;B;107DH1;GM - Brasil;Não;Não;Ativo;1;
9;55496633;VÁLVULA ADMISSÃO;5;23,59;23,59;23,59;52,96;52,96;24;4;30;6;25;10;A;30/07/2026;29/07/2026;RA0726;A;144AD1;GM - Brasil;Não;Não;Ativo;1;
9;55496663;VALVULA TERMOSTATICA;19;109,11;150,97;144,99;302,29;302,29;9;8;8;7;2;5;A;09/07/2026;30/07/2026;COPA18;A;112SH1;GM - Brasil;Sim;Sim;Ativo;1;ONIX NOVO - 2020 A 2021, TRACKER 3 - 2021 A 2021
9;55496695;BICO INJETOR COMBUSTÍVEL;76;240,58;240,85;240,10;600,91;600,91;20;21;21;11;19;7;A;08/07/2026;31/07/2026;COPA43;A;108CC1;GM - Brasil;Não;Não;Ativo;1;ONIX NOVO - 2020 A 2021, TRACKER 3 - 2021 A 2021
9;55496719;JUNTA TAMPA DE VÁLVULAS;11;45,60;62,70;62,59;126,26;126,26;30;20;20;13;13;7;A;13/07/2026;30/07/2026;CVA149;A;105BA1;GM - Brasil;Sim;Sim;Ativo;1;
9;55496904;VIRABREQUIM DE PESO;2;725,01;725,01;1.002,39;1.666,57;1.666,57;0;0;0;0;2;0;C;03/07/2026;02/04/2026;RA0583;C;153AB1;GM - Brasil;Não;Não;Ativo;1;
9;55496970;VALVULA SOLENOIDE DE;3;202,78;207,35;269,49;434,84;434,84;3;2;2;4;1;2;A;08/07/2026;17/07/2026;CVA161;A;109BB1;GM - Brasil;Não;Não;Ativo;1;
9;55497094;ENGRENAGEM EIXO COMANDO VÁLVULAS;24;731,49;618,83;978,12;1.544,05;1.544,05;3;6;8;12;6;14;A;13/07/2026;28/07/2026;CVA162;A;108XD1;GM - Brasil;Sim;Sim;Ativo;1;
9;55497311;JUNTA METALOPLASTICA;11;85,18;82,55;116,94;224,17;224,17;3;6;5;2;5;11;A;02/07/2026;30/07/2026;CVA162;A;161SA1;GM - Brasil;Sim;Sim;Ativo;1;
9;55497312;JUNTA DO CABEÇOTE;75;128,22;176,39;175,34;321,05;321,05;41;45;39;34;28;33;A;08/07/2026;31/07/2026;CVA162;A;106RK1;GM - Brasil;Sim;Sim;Ativo;1;ONIX NOVO - 2020 A 2020, TRACKER 3 - 2021 A 2021
9;55497450;TUBO DE RETORNO DO O;1;192,74;192,74;192,74;357,28;357,28;0;0;1;0;0;1;C;26/06/2026;30/05/2026;CVA151;C;111AG1;GM - Brasil;Não;Não;Ativo;1;
9;55497888;TENSIONADOR CORREIA DO ALTERNADOR;14;103,65;138,85;134,72;263,66;263,66;3;7;5;7;7;8;A;29/07/2026;01/08/2026;JLL17;A;109AP1;GM - Brasil;Não;Não;Ativo;1;
9;55497890;SENSOR PRESSÃO;2;99,22;100,89;126,00;250,21;250,21;2;0;3;1;0;1;A;05/06/2026;23/07/2026;CVA11M;A;105QG1;GM - Brasil;Sim;Sim;Ativo;1;ONIX NOVO - 2020 A 2021, TRACKER 3 - 2021 A 2021
9;55499618;BORRACHA VEDAÇÃO CANO RETORNO TURBINA;25;13,70;13,70;13,70;26,02;26,02;3;19;3;5;20;4;A;14/07/2026;03/08/2026;CVA170;A;106DH1;GM - Brasil;Não;Não;Ativo;1;
9;55499996;SENSOR TEMPERATURA;7;274,45;377,02;377,02;536,24;536,24;0;3;12;1;0;1;A;26/06/2026;03/07/2026;CVA149;A;112QG1;GM - Brasil;Sim;Sim;Ativo;1;S-10 - 2016 A 2021
9;55499997;SONDA LAMBDA;35;223,02;223,49;303,50;436,67;436,67;12;1;25;26;3;13;A;08/07/2026;24/07/2026;CVA162;A;108RD1;GM - Brasil;Sim;Sim;Ativo;1;S10 B - 2012 A 2020
9;55500625;BICO ÓLEO DO PISTÃO;3;48,71;65,59;63,38;109,38;109,38;3;4;1;8;0;1;A;09/07/2026;13/07/2026;CVA151;A;106QG1;GM - Brasil;Não;Não;Ativo;1;
9;55501812;EIXO COMANDO VÁLVULAS ADMISSÃO;7;286,73;384,62;384,62;713,30;713,30;0;2;2;1;1;2;A;13/07/2026;09/06/2026;COPA47;A;159JB1;GM - Brasil;Não;Não;Ativo;1;
9;55501813;EIXO COMANDO VÁLVULAS ESCAPAMENTO;7;282,74;378,66;380,06;702,23;702,23;1;2;2;2;1;1;A;13/07/2026;21/07/2026;COPA47;A;112GH1;GM - Brasil;Não;Não;Ativo;1;
9;55503109;BOMBA CJ-VAC;58;235,72;500,83;313,60;768,17;768,17;53;35;47;34;32;24;A;03/07/2026;31/07/2026;CVA162;A;113PA;GM - Brasil;Sim;Sim;Ativo;1;
9;55503111;JUNTA DE VEDACAO MEC;7;51,64;51,64;51,64;127,76;127,76;18;5;8;2;6;4;A;31/07/2026;31/07/2026;RA0727;A;106CK;GM - Brasil;Sim;Sim;Ativo;1;
9;55503906;INJETOR DE COMBUSTÍVEL;1;284,61;284,62;284,61;710,06;710,06;5;2;0;3;1;3;A;24/03/2026;30/07/2026;NFV53;A;111AC1;GM - Brasil;Não;Não;Ativo;1;
9;55504814;JUNTA-COB E/COM;6;188,47;175,48;188,47;406,59;406,59;0;3;3;1;1;1;A;08/07/2026;18/06/2026;CVA161;A;112TC1;GM - Brasil;Sim;Sim;Ativo;1;
9;55507121;JOGO ANÉIS DO PISTÃO;2;135,98;136,17;135,98;309,54;309,54;3;0;0;6;1;0;B;02/07/2026;07/07/2026;RA0678;B;106CB1;GM - Brasil;Não;Não;Ativo;1;ONIX - 2020 A 2021, TRACKER - 2021 A 2021
9;55507124;JOGO VEDAÇÃO;2;39,34;39,34;39,34;96,92;96,92;7;3;2;3;0;0;A;29/07/2026;30/07/2026;RA0724;A;107AB1;GM - Brasil;Sim;Sim;Ativo;1;ONIX - 2020 A 2021, TRACKER - 2021 A 2021
9;55509157;TAMPA CORREIA;51;58,55;57,36;58,55;139,35;139,35;106;172;77;53;45;91;A;30/07/2026;03/08/2026;CVA01M;A;198QD;GM - Brasil;Não;Não;Ativo;1;ONIX - 2020 A 2021, TRACKER - 2021 A 2021
9;55509453;SENSOR DE TEMPERATUR;24;239,08;239,17;313,00;784,35;784,35;3;3;24;20;1;4;A;26/06/2026;14/07/2026;COPA33;A;109BG1;GM - Brasil;Sim;Sim;Ativo;1;
9;55510150;CÁRTER ÓLEO INFERIOR DO MOTOR;181;84,53;112,55;84,53;321,22;321,22;81;86;68;36;78;116;A;13/07/2026;31/07/2026;CVA162;A;161ZB2;GM - Brasil;Não;Não;Ativo;1;ONIX NOVO - 2020 A 2020, TRACKER 3 - 2021 A 2021
9;55510159;BRONZE COM DIAMETRO;12;5,08;6,82;6,77;11,42;11,42;3;2;6;4;0;0;A;02/06/2026;21/07/2026;RA0581;A;107XD1;GM - Brasil;Não;Não;Ativo;1;
9;55510160;MANCAL SUPERIOR VIRABREQUIM;9;5,22;5,22;5,22;11,76;11,76;0;6;2;2;3;1;A;02/07/2026;19/06/2026;RA0677;A;108AA1;GM - Brasil;Não;Não;Ativo;1;ONIX - 2020 A 2021, TRACKER - 2021 A 2021
9;55510163;BRONZINA SUPERIOR EIXO DE MANIVELAS;15;6,28;6,28;6,28;14,14;14,14;18;7;20;10;3;0;A;31/07/2026;24/07/2026;RA0728;A;105PD2;GM - Brasil;Não;Não;Ativo;1;ONIX NOVO - 2020 A 2021, TRACKER 3 - 2021 A 2021
9;55510164;MANCAL SUPERIOR VIRABREQUIM;9;6,64;6,66;8,63;14,99;14,99;0;2;2;4;3;4;A;02/07/2026;19/06/2026;CVA160;A;106AC1;GM - Brasil;Não;Não;Ativo;1;ONIX - 2021 A 2021, TRACKER - 2021 A 2021
9;55510166;BRONZE COM DIAMETRO;11;11,76;15,84;15,74;31,89;31,89;3;2;6;4;0;0;A;02/06/2026;21/07/2026;RA0581;A;111PD1;GM - Brasil;Não;Não;Ativo;1;
9;55510167;MANCAL SUPERIOR VIRABREQUIM;5;11,35;11,35;14,47;31,93;31,93;0;2;2;2;3;1;A;09/07/2026;19/06/2026;CVA170;A;111PA1;GM - Brasil;Não;Não;Ativo;1;ONIX NOVO - 2020 A 2021, TRACKER 3 - 2021 A 2021
9;55510170;BRONZE COM DIAMETRO;9;24,10;23,91;24,10;68,10;68,10;5;3;9;1;1;0;A;29/05/2026;24/07/2026;MAL26;A;105PA1;GM - Brasil;Não;Não;Ativo;1;
9;55510171;MANCAL INFERIOR VIRABREQUIM;12;10,65;9,45;10,65;25,03;25,03;3;4;8;6;3;1;A;02/07/2026;21/07/2026;CVA160;A;105PH2;GM - Brasil;Não;Não;Ativo;1;ONIX NOVO - 2020 A 2021, TRACKER 3 - 2021 A 2021
9;55510174;MANCAL INFERIOR VIRABREQUIM;45;5,62;5,62;5,62;12,64;12,64;29;20;40;26;13;7;A;02/07/2026;24/07/2026;RA0677;A;105AA1;GM - Brasil;Não;Não;Ativo;1;ONIX - 2020 A 2021, TRACKER 3 - 2021 A 2021
9;55511850;JOGO DE BRONZES COM;5;45,04;45,04;69,04;120,96;120,96;0;0;3;0;9;0;B;14/07/2026;24/06/2026;CVA170;B;111CD1;GM - Brasil;Não;Não;Ativo;1;
9;55511851;CASQUILHO BIELA;61;10,88;15,61;14,70;26,08;26,08;27;24;42;27;18;12;A;08/07/2026;28/07/2026;CVA161;A;107AJ1;GM - Brasil;Não;Não;Ativo;1;
9;55513502;SAÍDA ÁGUA;7;179,92;179,93;179,92;343,84;343,84;4;10;3;3;2;3;A;31/07/2026;24/07/2026;RA0728;A;113DB1;GM - Brasil;Não;Não;Ativo;1;
9;55514589;CARCAÇA VEDADOR;43;129,28;172,91;169,22;254,58;254,58;19;30;41;13;21;34;A;09/07/2026;31/07/2026;CVA162;A;198QA;GM - Brasil;Não;Não;Ativo;1;
9;55515480;MOTOR PARTIDA;2;814,37;814,37;814,37;1.832,92;1.832,92;2;0;0;1;1;1;B;20/07/2026;11/07/2026;RA0719;B;144AA1;GM - Brasil;Não;Não;Ativo;1;
9;55515679;ANEL KIT-PIST;3;80,84;80,84;80,84;181,53;181,53;0;0;3;0;3;0;B;09/07/2026;27/05/2026;RA0677;B;111AJ1;GM - Brasil;Não;Não;Ativo;1;
9;55515793;TUBO DE RETORNO E RE;1;233,74;233,80;304,17;524,97;524,97;3;2;3;2;0;1;A;03/07/2026;29/07/2026;CVA162;A;113DB1;GM - Brasil;Não;Não;Ativo;1;
9;55515915;BOBINA DE IGNICAO;3;176,71;176,71;230,08;438,98;438,98;0;0;0;0;4;0;C;16/07/2026;13/03/2026;ABRR14;C;106RD1;GM - Brasil;Não;Não;Ativo;1;
9;55567048;POLIA EIXO COMANDO VÁLVULA ESCAPE;12;1.392,13;1.479,73;1.826,37;3.123,45;3.123,45;3;1;3;2;10;5;A;12/06/2026;23/07/2026;CVA16M;A;113PB;GM - Brasil;Sim;Sim;Ativo;1;CRUZE A  - 2012 A 2016, SONIC - 2012 A 2014, TRACKER B - 2014 A 2019
9;55568386;ENGRENAGEM DE COMANDO DA ADMISSÃO ORIGINAL;12;1.163,31;1.176,01;1.576,75;2.916,67;2.916,67;3;1;3;2;8;5;A;05/06/2026;23/07/2026;CVA10M;A;197BB;GM - Brasil;Sim;Sim;Ativo;1;CRUZE A  - 2012 A 2016, SONIC - 2012 A 2014, TRACKER B - 2014 A 2019
9;55569172;BRAÇO AJUSTADOR;100;75,31;106,79;102,40;152,24;152,24;0;31;40;60;27;29;A;08/07/2026;02/07/2026;RA0677;A;107TC1;GM - Brasil;Não;Não;Ativo;1;CRUZE B - 2017 A 2019, ONIX - 2013 A 2019, TRACKER B - 2014 A 2019
9;55574864;TENSOR DA CORREIA DENTADA;23;257,11;258,62;336,85;735,40;735,40;1;7;21;5;10;8;A;29/07/2026;03/08/2026;JLL17;A;197BA;GM - Brasil;Não;Não;Ativo;1;CRUZE A  - 2012 A 2016, SONIC - 2012 A 2014, TRACKER B - 2014 A 2019
9;55575247;CORREIA DENTADA;49;160,40;160,40;160,43;410,96;410,96;1;7;21;5;11;8;A;14/07/2026;03/08/2026;COPA53;A;107DA1;GM - Brasil;Sim;Sim;Ativo;1;SONIC - 2012 A 2014
9;55586911;VELA DE IGNIÇÃO;1161;25,09;25,02;25,09;65,28;65,28;640;800;904;864;564;1156;A;09/04/2026;03/08/2026;NMA50;A;1SALA I3;GM - Brasil;Não;Não;Ativo;1;CRUZE A  - 2012 A 2016, SONIC - 2012 A 2014, TRACKER B - 2014 A 2019
9;55593759;SENSOR DE ROTAÇÃO;4;393,58;399,88;548,58;784,67;784,67;1;0;0;1;2;1;B;28/04/2026;23/07/2026;CVA130;B;105BC1;GM - Brasil;Sim;Sim;Ativo;1;
9;55593777;VEDADOR;1;35,02;41,45;35,02;127,15;127,15;0;0;0;0;0;0;D;28/10/2024;;ZZ0937;D;111AK1;GM - Brasil;Sim;Sim;Ativo;1;
9;55594651;FILTRO DE ÓLEO;23;34,10;45,74;44,92;107,06;107,06;3;3;2;2;6;3;A;13/06/2026;23/07/2026;LOT11M;A;144CC1;GM - Brasil;Sim;Sim;Ativo;1;CRUZE A  - 2012 A 2016, SONIC - 2012 A 2014, TRACKER B - 2014 A 2019
9;55595130;PARAFUSO DO CABEÇOTE;46;16,41;22,00;22,13;34,65;34,65;10;10;20;30;20;30;A;05/06/2026;31/07/2026;CVA16M;A;108SC2;GM - Brasil;Sim;Sim;Ativo;1;S-10 - 2012 A 2021, TRAILBLAZER - 2013 A 2021
9;55598178;TUBO RETORNO;5;139,61;140,26;182,16;272,73;272,73;2;0;1;2;2;4;A;01/04/2026;09/07/2026;CVA119;A;110DB1;GM - Brasil;Não;Não;Ativo;1;
9;55599223;JUNTA DO CABEÇOTE;1;124,70;124,70;166,18;413,93;413,93;0;3;0;4;3;0;A;10/06/2026;01/07/2026;NMA29;A;112QA1;GM - Brasil;Sim;Sim;Ativo;1;"1.20  mm  ,,;12637607 2 PIQUE"
9;55599331;SOLENÓIDE DO TURBOCOMPRESSOR;13;90,35;124,04;114,28;191,08;191,08;6;3;7;11;6;8;A;23/06/2026;27/07/2026;RA0580;A;112AC1;GM - Brasil;Sim;Sim;Ativo;1;ONIX NOVO - 2020 A 2020, TRACKER 3 - 2021 A 2021
9;700001016;GAS FREON R 134A 12/205;27814;0,11;0,09;0,11;0,34;0,34;8880;6920;6960;6160;9440;9000;A;06/07/2026;31/07/2026;ALMIRANTE DIST.ESTOQ;A;1SALA A1;Outros;Sim;Sim;Ativo;2;
9;84037296;LANTERNA PARA-CHOQUE;1;18,45;24,72;26,15;45,41;45,41;0;0;1;1;1;0;B;16/06/2026;21/05/2026;COPA17;B;113BD1;GM - Brasil;Não;Não;Ativo;1;CRUZE - 2016 A 2017, CRUZE - 2018 A 2021
9;84037297;LANTERNA PARA-CHOQUE;2;18,44;24,72;27,20;45,41;45,41;0;0;1;0;1;2;B;16/06/2026;01/06/2026;COPA17;B;106CJ1;GM - Brasil;Não;Não;Ativo;1;CRUZE B - 2017 A 2019
9;84051789;PARA-CHOQUE TRASEIRO;2;3.573,62;3.576,64;3.573,62;8.137,05;8.137,05;1;1;3;3;1;0;A;03/07/2026;20/07/2026;LOT11M;A;600DA1;GM - Brasil;Não;Não;Ativo;1;CRUZE - 2016 A 2017, CRUZE - 2018 A 2021
9;84051790;PARA-CHOQUE TRASEIRO;1;4.211,14;3.885,34;4.683,41;8.735,97;8.735,97;0;0;0;0;0;0;D;15/05/2025;09/03/2026;LTMA01;D;500CA1;GM - Brasil;Não;Não;Ativo;1;CRUZE B - 2017 A 2019
9;84051796;PARA-CHOQUE DIANTEIRO;3;3.642,14;3.672,34;4.845,87;8.354,80;8.354,80;0;0;0;1;0;2;B;20/07/2026;06/04/2026;LOT11M;B;600AC1;GM - Brasil;Não;Não;Ativo;1;CRUZE B - 2017 A 2019
9;84052337;PORTA TRASEIRA DIREITA;1;1.793,61;1.793,61;2.333,43;4.080,57;4.080,57;1;0;2;0;0;1;B;31/07/2026;28/07/2026;JLL43;B;199AA1;GM - Brasil;Não;Não;Ativo;1;CRUZE B - 2017 A 2019
9;84060062;GRADE DIANTEIRA SUPERIOR;4;1.899,93;1.888,62;1.899,93;4.348,48;4.348,48;1;2;0;1;0;2;A;13/07/2026;28/07/2026;COPA47;A;164QB1;GM - Brasil;Não;Não;Ativo;1;CRUZE B - 2017 A 2019
9;84065813;DEFLETOR AR PARA-CHOQUE DIANTEIRO;3;303,07;316,99;472,97;581,10;581,10;0;1;1;2;0;2;A;02/06/2026;02/07/2026;RA0581;A;160RB1;GM - Brasil;Não;Não;Ativo;1;CRUZE B - 2017 A 2019
9;84077172;SUPORTE CENTRAL DO PARACHOQUE TRAS;3;99,35;81,52;126,02;208,32;208,32;0;0;2;0;2;0;B;02/06/2026;21/05/2026;CVA02M;B;160BA1;GM - Brasil;Sim;Sim;Ativo;1;CRUZE B - 2017 A 2019
9;84121219;ELEMENTO-F/AR;5;282,98;384,19;289,37;692,23;692,23;2;1;2;1;0;1;A;13/07/2026;30/07/2026;COPA46;A;197BD;GM - Brasil;Sim;Sim;Ativo;1;
9;84125967;SHIELD,U/B SPH;1;392,48;392,48;392,48;750,84;750,84;0;0;0;0;0;0;C;31/07/2026;;DD0702;C;162ZB2;GM - Brasil;Não;Não;Ativo;1;
9;84133578;EMBLEMA DA GRADE DIANTEIRA;1;60,02;81,90;82,82;125,85;125,85;1;1;1;1;1;0;B;26/06/2026;14/07/2026;CVA151;B;110PB3;GM - Brasil;Sim;Sim;Ativo;1;S-10 - 2021 A 2021, TRAIBLAZER - 2021 A 2021
9;84138674;SUPORTE PLACA DE LICENÇA DIANT;2;104,17;111,61;148,84;234,04;234,04;0;1;0;0;1;1;B;16/07/2026;02/07/2026;RA0716;B;106DK1;GM - Brasil;Sim;Sim;Ativo;1;CRUZE B - 2017 A 2019
9;84142839;GUIA DO PARACHOQUE TRAS ESQ;2;98,43;101,89;98,43;194,72;194,72;0;1;0;1;1;0;B;20/07/2026;01/07/2026;RA0721;B;161SA1;GM - Brasil;Não;Não;Ativo;1;CRUZE B - 2017 A 2019
9;84142841;GUIA PARA-CHOQUE TRASEIRO DIR;2;97,30;136,48;130,08;194,72;194,72;1;0;0;2;3;0;A;02/06/2026;21/07/2026;CVA02M;A;161GB1;GM - Brasil;Não;Não;Ativo;1;CRUZE - 2016 A 2017, CRUZE - 2018 A 2021
9;84143038;AMORTECEDOR CJ-ENER;1;622,84;597,24;837,88;1.195,93;1.195,93;1;1;0;1;1;0;B;25/04/2026;23/07/2026;CVA130;B;159CC1;GM - Brasil;Não;Não;Ativo;1;
9;84179960;ABSORVEDOR DE IMPACTO PARACHOQUE DIANT;2;173,74;173,74;173,74;430,91;430,91;0;1;0;1;0;1;B;31/07/2026;02/07/2026;JLL42;B;161WC1;GM - Brasil;Não;Não;Ativo;1;CRUZE B - 2017 A 2019
9;84229330;GUIA PARA-CHOQUE DIANT ESQ;3;49,58;45,89;45,89;94,73;94,73;4;4;4;4;2;2;A;29/07/2026;24/07/2026;RA0726;A;107PL1;GM - Brasil;Não;Não;Ativo;1;CRUZE B - 2017 A 2019
9;84229332;GUIA PARA-CHOQUE DIANT DIR;4;49,20;64,57;65,34;94,73;94,73;6;2;2;4;3;3;A;31/07/2026;30/07/2026;RA0728;A;106QA1;GM - Brasil;Não;Não;Ativo;1;CRUZE A  - 2012 A 2016
9;84243708;DEFLETOR VENTILADOR RADIADOR;5;703,27;755,14;997,05;1.590,20;1.590,20;0;3;1;1;3;3;A;29/06/2026;30/06/2026;CVA150;A;163QC1;GM - Brasil;Sim;Sim;Ativo;1;S10 B - 2012 A 2020, TRAILBLAZER - 2013 A 2020
9;84244708;TAMPA TRASEIRA PORTA-MALAS;4;1.899,30;1.899,30;2.504,06;3.693,18;3.693,18;0;0;0;0;0;1;C;31/03/2026;05/03/2026;CVA119;C;DEPOSIT BB;GM - Brasil;Não;Não;Ativo;1;
9;84244708;TAMPA TRASEIRA PORTA-MALAS;4;1.899,30;1.899,30;2.504,06;3.693,18;3.693,18;0;0;0;0;0;1;C;31/03/2026;05/03/2026;CVA119;C;210BB;GM - Brasil;Não;Não;Ativo;1;
9;84244709;TAMPA TRASEIRA PORTA-MALAS;2;1.506,02;1.506,02;1.959,29;2.878,08;2.878,08;0;2;0;1;1;0;B;16/07/2026;19/06/2026;RA0716;B;210BB;GM - Brasil;Não;Não;Ativo;1;
9;84263101;CONTROLE AR CONDIC E AQUECEDOR;1;669,81;669,81;669,81;1.783,69;1.783,69;0;0;0;0;0;2;C;18/05/2026;28/02/2026;RA0574;C;110BJ1;GM - Brasil;Sim;Sim;Substituído;1;S-10 - 2017 A 2021, TRAIBLAZER - 2017 A 2021
9;84277409;BREAK LIGHT LUZ DE FREIO;90;285,72;371,21;285,72;722,60;722,60;14;26;42;24;9;10;A;09/07/2026;29/07/2026;COPA55;A;200GB;GM - Brasil;Não;Não;Ativo;1;CRUZE B - 2017 A 2019
9;84291261;PARA-CHOQUE DIANTEIRO;2;2.328,87;2.328,87;2.328,87;5.303,91;5.303,91;3;1;0;1;0;0;B;31/07/2026;28/07/2026;JLL40;B;600GA1;GM - Brasil;Não;Não;Ativo;1;CRUZE B - 2017 A 2019
9;84304688;DOBRADIÇA ESQUERDA CAPÔ;1;105,10;140,72;140,72;225,72;225,72;0;0;0;0;0;0;D;07/02/2026;20/01/2026;CVA76;D;111CG2;GM - Brasil;Sim;Sim;Ativo;1;
9;84388891;COBERTURA DE PORTA-MALAS;3;1.401,84;2.163,80;2.163,80;2.986,90;2.986,90;0;0;0;0;0;0;D;17/04/2025;17/01/2026;EQNX04;D;162BA1;GM - Brasil;Não;Não;Ativo;1;TAMPÃO DO PORTA MALA EQUINOX 2025/
9;84390002;FILTRO DE AR;5;132,36;104,35;171,39;351,41;351,41;0;0;1;2;0;0;B;20/07/2026;08/05/2026;MAL55;B;106QC2;GM - Brasil;Sim;Sim;Ativo;1;EQUINOX - 2018 A 2019
9;84408298;VEDADOR PINHÃO DIFERENCIAL;7;240,05;240,05;240,05;564,28;564,28;1;4;2;0;5;4;A;27/07/2026;13/07/2026;JLL11;A;109AJ1;GM - Brasil;Não;Não;Ativo;1;S10 B - 2012 A 2020, TRAILBLAZER - 2013 A 2020
9;84422283;DOBRADIÇA DIREITA CAPÔ;3;233,79;173,93;173,93;500,37;500,37;1;0;4;2;0;0;A;02/06/2026;27/07/2026;CVA02M;A;106DJ1;GM - Brasil;Sim;Sim;Ativo;1;S-10 - 2012 A 2020, TRAILBLAZER - 2013 A 2020
9;84422284;DOBRADIÇA ESQUERDA CAPÔ;3;225,55;170,82;170,82;477,01;477,01;1;2;2;2;1;0;A;14/07/2026;27/07/2026;CVA170;A;109CG1;GM - Brasil;Sim;Sim;Ativo;1;S-10 - 2012 A 2020, TRAILBLAZER - 2013 A 2020
9;84437183;JOGO PALHETA LIMPADOR PARABRISA;15;149,50;200,35;203,82;406,03;406,03;7;3;2;4;9;14;A;07/05/2026;29/07/2026;ABRR56;A;144TG1;GM - Brasil;Não;Não;Ativo;1;S10 B - 2012 A 2020, TRAILBLAZER - 2013 A 2020
9;84437184;JOGO PALHETAS LIMPADOR PARABRISA;3;125,59;123,69;164,88;350,66;350,66;0;1;1;0;1;4;A;22/04/2026;02/07/2026;ABRR24;A;144PB1;GM - Brasil;Não;Não;Ativo;1;S10 B - 2012 A 2020, TRAILBLAZER - 2013 A 2020
9;84504758;ALETA AR RADIADOR LD;12;60,56;60,56;79,06;136,00;136,00;3;2;0;16;6;8;A;18/06/2026;21/07/2026;RA0444;A;160SC1;GM - Brasil;Não;Não;Ativo;1;
9;84504759;DEFLETOR DE AR DO RA;11;59,85;56,31;78,63;135,72;135,72;2;1;2;5;5;10;A;18/06/2026;21/07/2026;CVA10M;A;161ZC2;GM - Brasil;Não;Não;Ativo;1;
9;84514420;INTERRUPTOR INDICADOR DIREÇÃO;4;295,39;296,67;295,39;579,63;579,63;0;2;0;0;3;2;A;08/07/2026;18/06/2026;CVA161;A;109CD1;GM - Brasil;Sim;Sim;Ativo;1;
9;84539431;DOBRADICA;18;85,13;118,89;114,68;182,37;182,37;2;8;9;4;6;4;A;02/06/2026;17/07/2026;PDS02;A;113AD1;GM - Brasil;Sim;Sim;Ativo;1;
9;84539432;DOBRADICA;20;93,81;131,32;124,05;201,42;201,42;6;9;11;3;9;5;A;02/07/2026;17/07/2026;CVA161;A;113DG2;GM - Brasil;Sim;Sim;Ativo;1;
9;84555813;TUBO DO COMPRESSOR E;2;367,09;367,09;367,09;1.123,95;1.123,95;1;0;2;1;1;1;A;28/07/2026;16/07/2026;JLL20;A;161HB1;GM - Brasil;Sim;Sim;Ativo;1;
9;84559330;CINTO DE SEGURANCA C;5;640,84;1.590,78;854,56;1.298,19;1.298,19;1;0;1;2;5;1;A;25/04/2026;16/07/2026;CVA133;A;151AC1;GM - Brasil;Não;Não;Ativo;1;
9;84634103;PAINEL GRADE;1;311,58;311,58;311,58;700,38;700,38;0;2;0;0;0;0;C;03/07/2026;01/07/2026;DD0653;C;900PA;GM - Brasil;Não;Não;Ativo;1;
9;84641754;MAÇANETA TAMPA TRASEIRA;5;133,18;183,96;167,24;330,94;330,94;1;0;2;1;2;1;A;02/06/2026;15/07/2026;CVA04M;A;144SB1;GM - Brasil;Sim;Sim;Ativo;1;
9;84646280;EIXO INFEIROR COLUNA DIREÇÃO ELÉTRICA;3;783,61;1.035,48;783,61;1.397,94;1.397,94;0;0;1;0;0;0;D;17/09/2025;21/05/2026;CVA17;D;108AD1;GM - Brasil;Não;Não;Ativo;1;
9;84652020;MANGUEIRA AR SAÍDA CHARGE-COOLER;2;808,56;808,56;808,56;1.544,93;1.544,93;3;5;2;4;2;1;A;29/07/2026;16/07/2026;RA0722;A;161QA1;GM - Brasil;Não;Não;Ativo;1;
9;84664058;ANTENA DO RÁDIO;5;65,48;89,85;89,85;137,36;137,36;4;4;3;3;3;2;A;08/07/2026;01/08/2026;CVA161;A;111DD1;GM - Brasil;Sim;Sim;Ativo;1;
9;84672896;INSERTO DA GRADE DO;9;148,79;150,17;148,79;345,74;345,74;1;0;3;3;2;6;A;28/07/2026;07/07/2026;COPA47;A;162AC1;GM - Brasil;Não;Não;Ativo;1;
9;84672897;MOLDURA GRADE DIANTEIRA;4;247,72;247,72;247,72;570,39;570,39;0;3;1;0;2;0;A;13/07/2026;09/07/2026;COPA47;A;700BA1;GM - Brasil;Não;Não;Ativo;1;
9;84672900;GRADE SUPERIOR DIANTEIRA;15;306,77;403,67;404,66;693,31;693,31;3;2;5;5;3;7;A;13/07/2026;09/07/2026;COPA47;A;700DA1;GM - Brasil;Não;Não;Ativo;1;
9;84672902;GRADE DIANTEIRA;5;293,58;294,11;293,58;677,19;677,19;0;2;1;0;1;1;A;13/07/2026;22/06/2026;COPA47;A;900AA1;GM - Brasil;Não;Não;Ativo;1;
9;84674099;HASTE KIT-AMARRC INT;5;632,25;632,25;632,25;1.173,24;1.173,24;1;1;0;0;0;0;C;16/06/2026;28/07/2026;ZZ0613;C;108BB;GM - Brasil;Não;Não;Ativo;1;
9;84677796;CAIXA DIREÇÃO;9;8.413,85;11.566,72;11.566,72;11.805,18;11.805,18;1;0;1;0;3;2;A;31/03/2026;17/07/2026;PDFX02;A;156AA1;GM - Brasil;Não;Não;Ativo;1;S-10 - 2021 A 2021, TRAIBLAZER - 2021 A 2021
9;84682637;PLACA DE IDENTIFICAC;1;162,19;162,19;221,30;332,30;332,30;0;0;2;1;0;0;B;26/06/2026;29/05/2026;CVA150;B;106AB2;GM - Brasil;Sim;Sim;Ativo;1;
9;84685318;ROLAMENTO DA RODA DIANTEIRA;11;1.103,10;1.478,81;1.435,09;3.011,53;3.011,53;0;1;3;3;5;1;A;13/07/2026;25/06/2026;COPA43;A;113GJ1;GM - Brasil;Não;Não;Substituído;1;
9;84690299;EMBLEMA DE PLASTICO;1;123,33;123,33;123,33;264,27;264,27;1;0;0;0;0;0;D;19/01/2026;27/07/2026;RA0115;D;105AJ1;GM - Brasil;Sim;Sim;Ativo;1;
9;84701878;EMBLEMA DA GRADE DIANTEIRA;12;164,26;173,83;210,19;351,68;351,68;0;1;0;2;4;5;A;02/04/2026;01/07/2026;CVA129;A;110TH3;GM - Brasil;Sim;Sim;Ativo;1;
9;84722096;DISPOSITIVO DE ACO P;7;70,48;76,53;97,45;142,70;142,70;0;0;3;1;6;2;A;08/07/2026;29/05/2026;CVA160;A;108AD3;GM - Brasil;Não;Não;Ativo;1;
9;84725013;PARA-CHOQUE DIANTEIRO;19;219,14;216,59;219,14;502,36;502,36;4;10;3;6;6;6;A;31/07/2026;23/07/2026;JLL40;A;BOX 15;GM - Brasil;Não;Não;Ativo;1;
9;84725015;GRADE DIANTEIRA FAROL NEBLINA;16;249,25;248,80;249,25;566,05;566,05;5;4;4;6;5;4;A;31/07/2026;30/07/2026;JLL40;A;156PC1;GM - Brasil;Não;Não;Ativo;1;ASTRA B - 1999 A 2011, ZAFIRA - 2001 A 2012
9;84725018;PLACA DA COBERTURA D;9;106,93;100,26;172,93;242,68;242,68;4;5;4;8;3;5;A;02/07/2026;27/07/2026;CVA161;A;700AA1;GM - Brasil;Não;Não;Ativo;1;
9;84725176;MOLDURA PARA-CHOQUE DIANTEIRO;17;111,10;149,13;143,36;249,76;249,76;1;8;7;6;3;7;A;02/07/2026;20/07/2026;CVA162;A;900PA;GM - Brasil;Não;Não;Ativo;1;
9;84729374;INSERTO GRADE;6;48,63;48,97;48,63;90,79;90,79;0;0;1;1;4;2;B;13/06/2026;26/05/2026;CVA16M;B;110TJ1;GM - Brasil;Não;Não;Ativo;1;
9;84733544;FITA TRASEIRA;1;54,12;33,82;41,41;94,67;94,67;0;0;0;3;0;0;B;06/01/2026;20/04/2026;PFHY03;B;108AC2;GM - Brasil;Sim;Sim;Ativo;1;
9;84786459;LANTERNA TRASEIRA DIREITA;1;1.537,15;1.300,83;1.300,83;2.381,99;2.381,99;0;0;0;0;0;1;D;19/09/2024;13/02/2026;AGG39;D;152AC1;GM - Brasil;Não;Não;Ativo;1;
9;84789828;PARA-SOL;4;215,23;289,04;287,77;412,04;412,04;1;0;1;0;0;2;B;16/07/2026;08/07/2026;RA0717;B;155QC1;GM - Brasil;Não;Não;Ativo;1;S10 B - 2012 A 2020
9;84789830;SUNSHADE ASM-.;1;160,62;0,00;160,62;326,08;326,08;0;0;0;0;0;0;D;07/08/2024;08/08/2024;DD0802 WALDEY;D;112AA1;GM - Brasil;Não;Não;Ativo;1;
9;84789969;DECALQUE DE POLICLOR;7;124,12;124,12;176,77;261,02;261,02;2;1;1;7;3;4;A;26/06/2026;27/07/2026;CVA10M;A;111AH1;GM - Brasil;Sim;Sim;Ativo;1;
9;84791950;BRACO-SUPORTE LAMINA;1;57,32;0,00;57,32;126,87;126,87;0;0;0;0;0;0;D;19/09/2024;28/10/2024;DD0934;D;112PG1;GM - Brasil;Não;Não;Ativo;1;
9;84800899;ATUADOR ELETRICO DE;2;1.803,29;1.803,29;1.803,29;2.741,82;2.741,82;0;0;0;0;0;0;D;16/10/2025;25/08/2025;CVA41;D;154BB1;GM - Brasil;Não;Não;Ativo;1;
9;84801575;BOMBA LAVADOR PARA-BRISA;1;44,83;44,83;44,83;110,90;110,90;0;1;2;3;6;5;A;28/07/2026;18/06/2026;ZZ0639;A;109GH1;GM - Brasil;Sim;Sim;Ativo;1;
9;84862893;MOLDURA DA GRADE DIANTEIRA;1;16,15;16,15;21,44;30,85;30,85;2;0;0;0;1;0;B;29/07/2026;14/07/2026;RA0724;B;109BC2;GM - Brasil;Não;Não;Ativo;1;S-10 - 2021 A 2021, TRAIBLAZER - 2021 A 2021
9;84862894;GRADE DIANTEIRA;12;429,54;576,12;561,06;964,97;964,97;2;5;3;5;5;8;A;02/07/2026;03/08/2026;CVA162;A;900AA1;GM - Brasil;Não;Não;Ativo;1;
9;84878964;SUPORTE CJ-BARRA IMP;1;1.061,25;1.061,25;1.061,25;2.027,74;2.027,74;0;0;0;0;0;0;C;29/07/2026;;DD0702;C;GERAL;GM - Brasil;Não;Não;Ativo;1;
9;84878968;DEFLETOR-AR P/CHOQUE;1;1.466,84;1.466,84;1.466,84;2.806,17;2.806,17;0;0;0;0;0;0;D;28/07/2026;30/01/2026;DD0702;D;156BA1;GM - Brasil;Não;Não;Ativo;1;
9;84878972;COVER,AUX HTR WRG HA;1;237,70;237,70;237,70;437,08;437,08;0;0;0;0;0;0;D;02/05/2025;;ZZ0444;D;108AG1;GM - Brasil;Não;Não;Ativo;1;
9;84886702;EXTENSAO DO PAINEL D;1;20,92;20,71;27,75;51,58;51,58;7;6;10;3;4;8;A;27/03/2026;31/07/2026;CVA118;A;109BD1;GM - Brasil;Não;Não;Ativo;1;
9;84886703;EXTENSAO DO PAINEL D;7;38,35;51,03;50,34;89,89;89,89;5;5;7;2;4;3;A;27/03/2026;24/07/2026;CVA118;A;112CB1;GM - Brasil;Não;Não;Ativo;1;
9;84888534;PARA-CHOQUE DIANTEIRO;17;522,46;701,38;700,64;1.174,77;1.174,77;5;7;5;9;4;7;A;06/07/2026;31/07/2026;CVA03M;A;500AB1;GM - Brasil;Não;Não;Ativo;1;
9;84889016;COBERTURA INFERIOR PARA-CHOQUE;6;354,51;352,01;354,51;940,94;940,94;1;3;3;5;1;5;A;31/07/2026;08/07/2026;JLL40;A;600CA1;GM - Brasil;Não;Não;Ativo;1;
9;84891176;INSERTO GRADE;1;27,59;25,09;52,95;53,23;53,23;1;0;0;0;1;0;C;28/03/2026;14/07/2026;RA0310;C;113DD1;GM - Brasil;Não;Não;Ativo;1;
9;84918227;GRADE SUPERIOR DIANTEIRA;13;351,38;454,85;453,65;781,20;781,20;4;0;4;3;5;11;A;13/07/2026;28/07/2026;COPA47;A;900KA;GM - Brasil;Não;Não;Ativo;1;
9;84918228;GRADE SUPERIOR DIANTEIRA;1;267,57;265,02;267,57;610,18;610,18;1;1;1;0;1;1;B;03/07/2026;10/07/2026;COPA40;B;163TC1;GM - Brasil;Não;Não;Ativo;1;
9;84927762;PROTECTOR,F/FDR PAIN;1;710,01;710,01;710,01;1.317,55;1.317,55;0;0;0;0;0;0;C;18/05/2026;;DD0502;C;151AB1;GM - Brasil;Não;Não;Ativo;1;
9;84937677;AIR-BAG DIANTEIRO INFERIOR LE;1;1.333,37;1.775,52;1.775,52;2.656,51;2.656,51;1;0;0;2;1;1;B;25/04/2026;16/07/2026;CVA133;B;151QB1;GM - Brasil;Não;Não;Ativo;1;
9;84940511;EIXO DA COLUNA DE DI;3;682,72;682,72;915,25;1.304,72;1.304,72;0;1;3;0;0;1;A;28/07/2026;09/06/2026;CVA162;A;111BK1;GM - Brasil;Não;Não;Ativo;1;
9;84945472;GRADE DIANTEIRA;25;663,70;879,57;883,65;1.774,97;1.774,97;6;3;11;9;6;10;A;13/07/2026;29/07/2026;COPA47;A;210AA;GM - Brasil;Não;Não;Ativo;1;
9;84949112;ANTENA PARA APARELHO;4;36,20;49,76;49,76;76,05;76,05;0;1;2;2;0;2;A;29/06/2026;10/06/2026;CVA151;A;106AH1;GM - Brasil;Sim;Sim;Ativo;1;
9;85131977;COBERTURA DA GRADE D;10;290,05;277,54;377,36;652,78;652,78;10;4;7;13;6;4;A;02/07/2026;31/07/2026;CVA162;A;162XB1;GM - Brasil;Não;Não;Ativo;1;
9;85137335;TRIM ASM-RR S/D;1;2.538,11;0,00;2.538,11;2.489,49;2.489,49;0;0;0;0;0;0;K;25/07/2023;09/01/2025;DD0744;K;800DB1;GM - Brasil;Não;Não;Substituído;1;
9;85137344;PANEL ASM-FRT S;1;89,09;89,09;89,09;204,34;204,34;0;0;0;0;0;0;D;22/09/2025;20/08/2025;CVA23;D;111SG1;GM - Brasil;Não;Não;Ativo;1;
9;85140320;PASTILHA KIT-FR DISC;1;745,30;1.000,35;1.000,03;1.582,64;1.582,64;0;0;0;0;0;1;C;29/05/2026;03/03/2026;CVA94;C;154PC1;GM - Brasil;Não;Não;Ativo;1;
9;85149634;CABO ELETRICO DE COB;2;345,14;470,53;457,28;786,79;786,79;1;1;0;0;0;2;B;18/05/2026;24/07/2026;CVA112;B;113GB1;GM - Brasil;Não;Não;Ativo;1;
9;85154012;BRACKET-ASST ST;1;55,31;4,80;55,31;503,96;503,96;0;0;0;0;0;0;D;11/10/2025;18/12/2025;CVC01;D;162SC1;GM - Brasil;Não;Não;Ativo;1;
9;85534446;TRAVESSA CJ-DIANT CO;1;1.900,63;1.900,63;3.046,57;5.258,22;5.258,22;0;1;0;0;0;0;D;15/01/2026;06/06/2026;PFHY02;D;156DA1;GM - Brasil;Não;Não;Ativo;1;
9;85558642;SENSOR ROTAÇÃO RODA TRASEIRA;3;450,13;449,82;450,13;1.038,20;1.038,20;0;0;1;2;1;1;A;10/06/2026;22/07/2026;CVA11M;A;113BD1;GM - Brasil;Sim;Sim;Ativo;1;
9;85572741;HOOD ASM-.;38;1.703,77;1.550,21;1.550,21;4.508,07;4.508,07;5;13;8;11;2;10;A;07/07/2026;27/07/2026;COPA26;A;199AB1;GM - Brasil;Não;Não;Ativo;1;
9;85572741;HOOD ASM-.;38;1.703,77;1.550,21;1.550,21;4.508,07;4.508,07;5;13;8;11;2;10;A;07/07/2026;27/07/2026;COPA26;A;DEPOSITO B;GM - Brasil;Não;Não;Ativo;1;
9;85596595;PORTA CJ-LAT DI;5;2.003,03;2.003,30;2.608,23;4.502,98;4.502,98;3;1;2;0;3;0;A;31/07/2026;31/07/2026;JLL43;A;199AB1;GM - Brasil;Não;Não;Ativo;1;S10 B - 2012 A 2020, TRAILBLAZER - 2013 A 2020
9;85596597;PORTA DIANTEIRA DIREITA;10;1.944,72;1.944,94;2.527,23;4.371,80;4.371,80;0;1;3;2;4;0;A;30/07/2026;10/06/2026;JLL43;A;DEPOSITO C;GM - Brasil;Não;Não;Ativo;1;
9;85596597;PORTA DIANTEIRA DIREITA;10;1.944,72;1.944,94;2.527,23;4.371,80;4.371,80;0;1;3;2;4;0;A;30/07/2026;10/06/2026;JLL43;A;199AA1;GM - Brasil;Não;Não;Ativo;1;
9;85619240;HOSE ASM-CHRG A;1;931,47;931,47;1.221,85;1.952,59;1.952,59;0;0;1;2;0;0;B;29/06/2026;29/05/2026;CVA150;B;110CA2;GM - Brasil;Sim;Sim;Ativo;1;
9;85619241;HOSE-CHRG AIR C;5;573,49;572,64;743,25;1.094,14;1.094,14;6;8;1;5;4;3;A;13/07/2026;23/07/2026;CVA162;A;108TA1;GM - Brasil;Não;Não;Ativo;1;
9;85640458;NUT PKG,SPL SECURITY;20;183,43;310,02;261,70;549,90;549,00;0;0;0;0;0;0;D;20/07/2026;13/01/2026;TDOA01;D;107PD1;GM - Brasil;Sim;Sim;Ativo;1;
9;85663434;PASTILHA KIT-FR DISC;4;879,52;1.004,93;879,52;1.792,11;1.792,11;3;0;0;1;1;2;A;09/07/2026;30/07/2026;COPA55;A;110CD1;GM - Brasil;Não;Não;Ativo;1;
9;85739453;ACIONADOR CJ-EIXO MO;10;328,06;327,76;328,06;754,01;754,01;3;4;4;1;5;2;A;28/07/2026;20/07/2026;CVA162;A;105AJ2;GM - Brasil;Sim;Sim;Ativo;1;
9;86812481;LAMP ASM-RR COM;1;449,30;449,30;449,30;854,96;854,96;0;0;0;1;0;0;C;04/04/2026;07/04/2026;ZZ0388;C;153SC1;GM - Brasil;Não;Não;Ativo;1;
9;87822487;HEADLAMP ASM-FR;1;876,82;876,82;876,82;2.685,46;2.685,46;0;1;0;1;0;0;C;16/07/2026;16/06/2026;COPA38;C;151CA1;GM - Brasil;Não;Não;Ativo;1;
9;87822489;HEADLAMP ASM-FR;10;957,98;960,70;957,98;2.767,92;2.767,92;0;4;1;8;1;3;A;29/07/2026;01/07/2026;JLL38;A;BOX 27;GM - Brasil;Não;Não;Ativo;1;
9;87822490;HEADLAMP ASM-FR;11;964,34;960,70;964,34;2.767,92;2.767,92;5;5;2;7;3;1;A;29/07/2026;31/07/2026;JLL38;A;BOX 19;GM - Brasil;Não;Não;Ativo;1;
9;87822492;APARELHO ELETRICO (C;6;2.094,84;2.093,58;2.094,84;4.680,79;4.680,79;2;8;4;8;7;12;A;29/07/2026;29/07/2026;CVA162;A;BOX 02;GM - Brasil;Não;Não;Ativo;1;
9;87832677;SHAFT ASM-INTER;3;900,51;900,51;1.273,64;1.752,86;1.752,86;0;0;1;0;1;1;B;01/04/2026;25/05/2026;CVA119;B;112AL1;GM - Brasil;Não;Não;Ativo;1;
9;87836439;BRACKET ASM-ENG;1;102,18;102,18;102,18;214,90;214,90;1;0;0;0;1;0;C;22/06/2026;09/07/2026;ZZ0633;C;112RJ1;GM - Brasil;Sim;Sim;Ativo;1;
9;88904447;CORREIA DENTADA;284;20,57;20,57;28,53;51,94;51,94;54;61;13;71;66;70;A;28/07/2026;03/08/2026;JLL27;A;198QD;GM - Brasil;Sim;Sim;Ativo;1;ONIX - 2013 A 2019
9;88905681;CABO VELA IGNIÇÃO;1;46,93;88,92;58,88;111,33;111,33;0;0;0;0;0;0;D;03/02/2023;02/10/2023;ACD011;D;108DH1;GM - Brasil;Não;Não;Ativo;1;Omega, Suprema 93-94
9;88905685;CABO VELA IGNIÇÃO;1;76,47;98,46;50,10;140,86;84,76;0;0;0;0;0;0;D;06/02/2023;31/03/2025;ACD011;D;106PC1;GM - Brasil;Não;Não;Ativo;1;Omega, S10 97 QC
9;88905742;ADITIVO COMBUSTÍVEL FLEX;486;9,64;9,84;10,38;25,51;25,51;196;146;262;260;83;258;A;31/07/2026;31/07/2026;JLL25;A;156PA1;GM - Brasil;Sim;Sim;Ativo;1;PRISMA - 2007 A 2020, TRACKER - 2014 A 2020, ONIX - 2013 A 2020, COBALT - 2012 A 2020, MONTANA - 2005 A 2012, SPIN - 2013 A 2020, CELTA - 2007 A 2015, AGILE - 2009 A 2014, S-10 - 2007 A 2020, VECTRA - 2007 A 2011, MERIVA - 2005 A 2012, CORSA - 2007 A 2017, ASTRA - 2005 A 2011, MALIBU - 2010 A 2013, CRUZE - 2012 A 2020, CORSA CLASSIC - 2007 A 2017, TRAILBLAZER - 2013 A 2021, ZAFIRA - 2005 A 2011, CORSA NOVO - 2007 A 2012, SONIC - 2012 A 2014, BLAZER - 2007 A 2011, CAMARO - 2011 A 2014, EQUINOX - 2018 A 2020, BOLT - 2017 A 2020
9;88905845;FILTRO DE ÓLEO;280;8,85;8,65;12,65;20,71;20,71;72;134;64;108;86;79;A;25/04/2026;01/08/2026;ABRR16;A;198QC;GM - Brasil;Não;Não;Ativo;1;ONIX - 2013 A 2019
9;88906678;PALHETA DIANTEIRA;1;29,39;71,21;71,21;77,83;77,83;0;0;0;0;0;0;D;16/11/2024;19/07/2024;LACD01;D;144DD1;GM - Brasil;Não;Não;Substituído;1;ASTRA B - 1999 A 2011, CORSA B - 2002 A 2012, MONTANA A - 2004 A 2011
9;900001015;PANO P/LIMPEZA REVISAO;180;0,45;0,46;0,45;3,98;3,98;30;41;34;21;32;34;A;10/07/2026;01/08/2026;NF 34528;A;145RC1;Outros;Sim;Sim;Ativo;2;
9;900001047;COLA SUPER BONDER 5GR;1;9,79;10,41;9,78;24,63;24,63;0;0;0;2;0;1;B;30/04/2026;29/04/2026;NF 14980 JOABE;B;1SALA M4;Outros;Sim;Sim;Ativo;2;
9;900001173;SILICONE SPRAY 300ML MIX;7;28,73;28,73;28,73;89,93;89,93;1;2;2;3;2;1;A;27/06/2026;07/07/2026;POWERX;A;145DB1;Outros;Sim;Sim;Ativo;2;
9;900001204;SOLUCAO ROSA PARA RADIADOR;18;17,37;17,37;17,37;30,90;30,90;0;0;0;0;0;0;D;11/07/2024;27/09/2024;DISPAG DISTRI. ESTOQ;D;145JD1;Outros;Sim;Sim;Ativo;2;
9;900001279;KIT DESCARBONIZACAO N184;2;61,99;61,99;61,99;109,90;109,90;0;0;0;0;0;0;D;11/07/2024;05/09/2024;DISPAG DISTRI. ESTOQ;D;144BD1;Outros;Sim;Sim;Ativo;2;
9;900001280;GRAXA PARA MULTIPLAS APLICACOES;1;29,04;29,04;29,04;66,30;66,30;0;0;0;1;0;0;C;19/03/2026;20/04/2026;FORMULA ESTOQUE;C;145AG1;Outros;Sim;Sim;Ativo;2;
9;900001289;ESTOPA;54;3,45;3,45;3,49;8,90;8,90;11;12;13;15;11;15;A;10/07/2026;29/07/2026;PAWERMIX ESTOQUE;A;150SA1;Outros;Sim;Sim;Ativo;2;
9;900001440;CONTRASTE DETECTAR VAZAZ AR CODICIONADO;37;13,55;13,59;13,55;25,00;25,00;17;15;13;11;18;17;A;10/07/2026;31/07/2026;NF 34528;A;144PD1;Outros;Sim;Sim;Ativo;2;
9;900002022;LED H7;1;160,73;160,73;160,73;380,00;380,00;0;0;0;0;0;0;D;04/07/2025;08/09/2025;NF 64084;D;VITRINE;Outros;Sim;Sim;Ativo;2;
9;900002024;DPF CLEANER 500ML;4;86,18;86,17;86,17;152,90;152,90;0;0;0;0;0;0;D;17/07/2024;20/01/2025;DISPAG ESTOQUE ;D;145CG1;Outros;Sim;Sim;Ativo;2;"
"
9;900007990;CONTRA-PESO P/BALANC.;1960;4,52;1.747,85;4,52;9,00;9,00;123;147;125;112;133;128;A;21/07/2026;03/08/2026;NF 4738;A;1SALA A1;Outros;Sim;Sim;Ativo;2;
9;90058826;REBITE FIXACAO PARABARRO;11;2,22;2,22;2,22;5,46;5,46;0;0;0;0;0;0;D;22/09/2025;18/10/2025;DD0951;D;144PC1;GM - Brasil;Sim;Sim;Ativo;1;AGILE - 2010 A 2014, ASTRA A - 1995 A 1996, ASTRA B - 1999 A 2011, BLAZER - 1996 A 2011, CALIBRA - 1994 A 1995, CELTA - 2001 A 2016, CORSA A - 1994 A 2017, CORSA B - 2002 A 2012, CORSA PICK-UP - 1994 A 2017, CORSA WAGON - 1994 A 2017, MONTANA B - 2011 A 2020, MONZA - 1982 A 1996, OMEGA A - 1993 A 1998, OMEGA B - 1999 A 2009, PRISMA A - 2007 A 2012, S10 A - 1995 A 2011, SUPREMA - 1993 A 1998, TIGRA - 1998 A 2000, UTILITARIOS - 1985 A 1996, VECTRA A - 1994 A 1996, VECTRA B - 1997 A 2005
9;90076745;CALÇO ESCORA DE VÁLVULAS 8V;16;9,87;10,10;9,87;31,56;31,56;3;7;0;0;1;2;A;22/04/2026;21/07/2026;ABRR12;A;107XD1;GM - Brasil;Não;Não;Ativo;1;ASTRA B - 1999 A 2011, BLAZER - 1996 A 2011, CELTA - 2001 A 2016, CORSA A - 1994 A 2017, CORSA B - 2002 A 2012, KADETT - 1989 A 1998, MERIVA - 2002 A 2012, MONTANA A - 2004 A 2011, MONZA - 1982 A 1996, OMEGA A - 1993 A 1998, PRISMA A - 2007 A 2012, S10 A - 1995 A 2011, VECTRA A - 1994 A 1996, VECTRA B - 1997 A 2005, VECTRA C - 2006 A 2011, ZAFIRA - 2001 A 2012
9;90079848;ANEL VEDADOR RETENTOR LUVA ROLAMENTO DIFE;1;14,89;45,37;23,78;22,80;46,90;0;13;19;7;15;7;A;17/03/2026;19/06/2026;NMA07;A;106BD2;GM - Brasil;Sim;Sim;Ativo;1;AGILE - 2010 A 2014, ASTRA B - 1999 A 2011, CELTA - 2001 A 2016, COBALT - 2012 A 2020, CORSA A - 1994 A 2017, CORSA B - 2002 A 2012, CORSA PICK-UP - 1994 A 2017, CORSA WAGON - 1994 A 2017, MERIVA - 2002 A 2012, MONTANA A - 2004 A 2011, MONTANA B - 2011 A 2020, ONIX - 2013 A 2019, PRISMA A - 2007 A 2012, PRISMA B - 2013 A 2019, TIGRA - 1998 A 2000, VECTRA B - 1997 A 2005, VECTRA C - 2006 A 2011, ZAFIRA - 2001 A 2012
9;90091526;GARGALO DA ENTRADA AGUA;12;10,88;10,82;16,37;20,66;20,66;6;9;5;4;8;2;A;13/07/2026;31/07/2026;CVA160;A;106QA1;GM - Brasil;Não;Não;Ativo;1;AGILE - 2010 A 2014, ASTRA B - 1999 A 2011, CELTA - 2001 A 2016, COBALT - 2012 A 2020, CORSA A - 1994 A 2017, CORSA B - 2002 A 2012, CORSA PICK-UP - 1994 A 2017, CORSA WAGON - 1994 A 2017, MERIVA - 2002 A 2012, MONTANA A - 2004 A 2011, MONTANA B - 2011 A 2020, ONIX - 2013 A 2019, PRISMA A - 2007 A 2012, PRISMA B - 2013 A 2019, TIGRA - 1998 A 2000
9;90092679;ANEL ATUADOR EMBREAGEM;3;3,24;3,24;4,32;10,34;10,34;7;1;4;5;5;3;A;08/07/2026;22/07/2026;MAL53;A;105PB1;GM - Brasil;Sim;Sim;Ativo;1;AGILE - 2010 A 2014, ASTRA B - 1999 A 2011, CELTA - 2001 A 2016, COBALT - 2012 A 2020, CORSA A - 1994 A 2017, CORSA B - 2002 A 2012, CORSA PICK-UP - 1994 A 2017, CORSA WAGON - 1994 A 2017, MERIVA - 2002 A 2012, MONTANA A - 2004 A 2011, MONTANA B - 2011 A 2020, ONIX - 2013 A 2019, PRISMA A - 2007 A 2012, PRISMA B - 2013 A 2019, TIGRA - 1998 A 2000, VECTRA B - 1997 A 2005, VECTRA C - 2006 A 2011, ZAFIRA - 2001 A 2012
9;90136113;VALVULA ALIVIO PRESSAO;5;22,40;22,53;22,40;55,87;55,87;1;4;1;3;2;4;A;08/07/2026;07/07/2026;CVA160;A;105BC1;GM - Brasil;Sim;Sim;Ativo;1;AGILE - 2010 A 2014, ASTRA A - 1995 A 1996, ASTRA B - 1999 A 2011, BLAZER - 1996 A 2011, CALIBRA - 1994 A 1995, CELTA - 2001 A 2016, COBALT - 2012 A 2020, CORSA A - 1994 A 2017, CORSA B - 2002 A 2012, CORSA PICK-UP - 1994 A 2017, CORSA WAGON - 1994 A 2017, KADETT - 1989 A 1998, MERIVA - 2002 A 2012, MONTANA A - 2004 A 2011, MONTANA B - 2011 A 2020, MONZA - 1982 A 1996, OMEGA A - 1993 A 1998, OMEGA B - 1999 A 2009, ONIX - 2013 A 2019, PRISMA A - 2007 A 2012, PRISMA B - 2013 A 2019, S10 A - 1995 A 2011, S10 B - 2012 A 2020, TIGRA - 1998 A 2000, VECTRA A - 1994 A 1996, VECTRA B - 1997 A 2005, VECTRA C - 2006 A 2011, ZAFIRA - 2001 A 2012
9;90138810;REBITE GRAMPO FIXAÇÃO PARABARRO DIANT;34;1,90;2,44;2,40;4,49;4,49;0;0;0;6;0;0;C;08/11/2024;29/04/2026;GIR133;C;144QD2;GM - Brasil;Sim;Sim;Ativo;1;AGILE - 2010 A 2014, ASTRA B - 1999 A 2011, CALIBRA - 1994 A 1995, CELTA - 2001 A 2016, CORSA A - 1994 A 2017, CORSA B - 2002 A 2012, CORSA PICK-UP - 1994 A 2017, CORSA WAGON - 1994 A 2017, KADETT - 1989 A 1998, MERIVA - 2002 A 2012, MONTANA A - 2004 A 2011, MONTANA B - 2011 A 2020, MONZA - 1982 A 1996, OMEGA A - 1993 A 1998, PRISMA A - 2007 A 2012, TIGRA - 1998 A 2000, TRACKER A - 2001 A 2009, VECTRA A - 1994 A 1996, VECTRA B - 1997 A 2005, VECTRA C - 2006 A 2011, ZAFIRA - 2001 A 2012
9;90250288;BATETENTE AMORTECEDOR TRASEIRO SUP;6;3,39;3,73;3,39;9,94;9,94;0;0;0;0;0;0;D;13/03/2026;12/01/2026;PDFE09;D;113AB2;GM - Brasil;Não;Não;Ativo;1;AGILE - 2010 A 2014, CELTA - 2001 A 2016, CORSA A - 1994 A 2017, CORSA B - 2002 A 2012, KADETT - 1989 A 1998, OMEGA A - 1993 A 1998, PRISMA A - 2007 A 2012, TIGRA - 1998 A 2000, VECTRA A - 1994 A 1996
9;90320343;SUPORTE PRESILHA DO CABO VELA;2;21,58;26,15;26,15;104,80;104,80;0;0;1;0;0;0;D;10/12/2024;25/05/2026;GIR004;D;107QH3;GM - Brasil;Sim;Sim;Ativo;1;AGILE - 2010 A 2014, ASTRA A - 1995 A 1996, BLAZER - 1996 A 2011, CELTA - 2001 A 2016, COBALT - 2012 A 2020, CORSA A - 1994 A 2017, CORSA B - 2002 A 2012, CORSA PICK-UP - 1994 A 2017, CORSA WAGON - 1994 A 2017, KADETT - 1989 A 1998, MERIVA - 2002 A 2012, MONTANA A - 2004 A 2011, MONTANA B - 2011 A 2020, PRISMA A - 2007 A 2012, S10 A - 1995 A 2011, SPIN - 2013 A 2020, VECTRA B - 1997 A 2005
9;90320344;PRESILHA DOS CABOS VELAS;9;33,76;7,36;8,09;91,56;91,56;0;0;1;0;0;0;D;12/09/2025;25/05/2026;CVA16;D;110TC2;GM - Brasil;Sim;Sim;Ativo;1;AGILE - 2010 A 2014, ASTRA A - 1995 A 1996, ASTRA B - 1999 A 2011, BLAZER - 1996 A 2011, CELTA - 2001 A 2016, COBALT - 2012 A 2020, CORSA A - 1994 A 2017, CORSA B - 2002 A 2012, CORSA PICK-UP - 1994 A 2017, CORSA WAGON - 1994 A 2017, KADETT - 1989 A 1998, MERIVA - 2002 A 2012, MONTANA A - 2004 A 2011, MONTANA B - 2011 A 2020, OMEGA A - 1993 A 1998, PRISMA A - 2007 A 2012, S10 A - 1995 A 2011, S10 B - 2012 A 2020, SPIN - 2013 A 2020, VECTRA A - 1994 A 1996, VECTRA B - 1997 A 2005, VECTRA C - 2006 A 2011, ZAFIRA - 2001 A 2012
9;90332334;SUPORTE PARASOL QUEBRASOL;10;7,34;7,34;7,34;18,09;18,09;0;2;4;2;0;5;A;14/07/2026;27/06/2026;CVA170;A;106DJ1;GM - Brasil;Sim;Sim;Ativo;1;ASTRA A - 1995 A 1996, CELTA - 2001 A 2016, CORSA A - 1994 A 2017, CORSA PICK-UP - 1994 A 2017, CORSA WAGON - 1994 A 2017, OMEGA A - 1993 A 1998, PRISMA A - 2007 A 2012, VECTRA A - 1994 A 1996, VECTRA B - 1997 A 2005
9;90345457;JUNTA DA CARCACA LATERAL;1;20,98;17,75;20,98;43,89;43,89;0;0;0;0;0;1;C;16/07/2026;24/02/2026;DD0715;C;108BD1;GM - Brasil;Sim;Sim;Ativo;1;AGILE - 2010 A 2014, ASTRA B - 1999 A 2011, CELTA - 2001 A 2016, COBALT - 2012 A 2020, CORSA A - 1994 A 2017, CORSA B - 2002 A 2012, CORSA PICK-UP - 1994 A 2017, CORSA WAGON - 1994 A 2017, MERIVA - 2002 A 2012, MONTANA A - 2004 A 2011, MONTANA B - 2011 A 2020, ONIX - 2013 A 2019, PRISMA A - 2007 A 2012, PRISMA B - 2013 A 2019, TIGRA - 1998 A 2000, VECTRA B - 1997 A 2005, VECTRA C - 2006 A 2011, ZAFIRA - 2001 A 2012
9;90357301;PRESILHA;9;1,89;1,97;1,89;22,10;22,10;0;0;0;5;8;0;C;29/05/2026;27/04/2026;CVA01M;C;145GD2;GM - Brasil;Sim;Sim;Ativo;1;VECTRA A - 1994 A 1996, VECTRA B - 1997 A 2005, VECTRA C - 2006 A 2011
9;90377951;PORCA M10 MOLDURA CAIXA RODA PARALAMA;10;0,37;0,37;0,37;14,36;14,36;0;10;0;0;0;0;C;13/06/2026;22/06/2026;DD0563;C;110QD2;GM - Brasil;Sim;Sim;Ativo;1;AGILE - 2010 A 2014, ASTRA B - 1999 A 2011, CELTA - 2001 A 2016, COBALT - 2012 A 2020, CORSA A - 1994 A 2017, CORSA B - 2002 A 2012, CORSA PICK-UP - 1994 A 2017, CORSA WAGON - 1994 A 2017, MERIVA - 2002 A 2012, MONTANA A - 2004 A 2011, MONTANA B - 2011 A 2020, OMEGA A - 1993 A 1998, ONIX - 2013 A 2019, PRISMA A - 2007 A 2012, PRISMA B - 2013 A 2019, TRAILBLAZER - 2013 A 2020, VECTRA B - 1997 A 2005, VECTRA C - 2006 A 2011, ZAFIRA - 2001 A 2012
9;90410741;VEDADOR RETENTOR VALVULA ADMISSÃO;257;2,64;3,56;3,64;7,42;7,42;0;32;16;0;8;0;A;05/05/2026;29/06/2026;NFV17;A;110RG4;GM - Brasil;Sim;Sim;Ativo;1;AGILE - 2010 A 2014, ASTRA B - 1999 A 2011, CELTA - 2001 A 2016, COBALT - 2012 A 2020, CORSA A - 1994 A 2017, CORSA B - 2002 A 2012, CORSA PICK-UP - 1994 A 2017, CORSA WAGON - 1994 A 2017, MERIVA - 2002 A 2012, MONTANA A - 2004 A 2011, MONTANA B - 2011 A 2020, ONIX - 2013 A 2019, PRISMA A - 2007 A 2012, PRISMA B - 2013 A 2019, S10 B - 2012 A 2020, TIGRA - 1998 A 2000, TRAILBLAZER - 2013 A 2020, VECTRA B - 1997 A 2005, VECTRA C - 2006 A 2011, ZAFIRA - 2001 A 2012
9;90410792;SENSOR TEMPERATURA MOTOR;21;70,44;96,77;87,83;179,67;179,67;1;1;5;1;2;0;A;25/06/2026;23/06/2026;COPA18;A;106CC1;GM - Brasil;Sim;Sim;Ativo;1;ASTRA A - 1995 A 1996, ASTRA B - 1999 A 2011, BLAZER - 1996 A 2011, CALIBRA - 1994 A 1995, CORSA A - 1994 A 2017, CORSA B - 2002 A 2012, CORSA PICK-UP - 1994 A 2017, CORSA WAGON - 1994 A 2017, KADETT - 1989 A 1998, OMEGA A - 1993 A 1998, S10 A - 1995 A 2011, VECTRA A - 1994 A 1996, VECTRA B - 1997 A 2005, VECTRA C - 2006 A 2011, ZAFIRA - 2001 A 2012
9;90410981;PESCADOR BOMBA OLEO;3;82,92;111,16;107,57;186,19;186,19;2;0;0;2;2;2;A;28/04/2026;01/08/2026;RA0447;A;111AG3;GM - Brasil;Não;Não;Ativo;1;AGILE - 2010 A 2014, CELTA - 2001 A 2016, COBALT - 2012 A 2020, CORSA A - 1994 A 2017, CORSA B - 2002 A 2012, CORSA PICK-UP - 1994 A 2017, CORSA WAGON - 1994 A 2017, MERIVA - 2002 A 2012, MONTANA A - 2004 A 2011, MONTANA B - 2011 A 2020, ONIX - 2013 A 2019, PRISMA A - 2007 A 2012, PRISMA B - 2013 A 2019
9;90411664;SUPORTE SENSOR DE ROTACAO;4;47,87;48,37;47,87;108,36;108,36;6;2;3;3;5;6;A;21/07/2026;31/07/2026;CVA160;A;144PD1;GM - Brasil;Não;Não;Ativo;1;ASTRA A - 1995 A 1996, ASTRA B - 1999 A 2011, CELTA - 2001 A 2016, CORSA A - 1994 A 2017, CORSA B - 2002 A 2012, CORSA PICK-UP - 1994 A 2017, CORSA WAGON - 1994 A 2017, MERIVA - 2002 A 2012, MONTANA A - 2004 A 2011, PRISMA A - 2007 A 2012
9;90411706;COXIM ANTIRUIDO DA CAIXA DO FILTRO;2;16,09;16,16;16,09;30,70;30,70;1;1;0;2;1;0;B;16/07/2026;25/07/2026;RA0717;B;111PG3;GM - Brasil;Não;Não;Ativo;1;AGILE - 2010 A 2014, CORSA A - 1994 A 2017, CORSA PICK-UP - 1994 A 2017, CORSA WAGON - 1994 A 2017, MONTANA B - 2011 A 2020, TIGRA - 1998 A 2000
9;90411732;ELEMENTO FILTRO AR DO MOTOR;18;11,94;15,48;15,26;36,23;36,23;1;3;0;5;3;1;A;13/05/2026;11/07/2026;ABRR46;A;145PB1;GM - Brasil;Sim;Sim;Ativo;1;AGILE - 2010 A 2014, CORSA A - 1994 A 2017, CORSA PICK-UP - 1994 A 2017, CORSA WAGON - 1994 A 2017, MONTANA B - 2011 A 2020
9;90446618;SAPATA GARFO LUVA 5°;4;35,30;47,34;46,46;67,52;67,52;0;0;2;0;2;0;C;02/06/2026;07/05/2026;CVA04M;C;106QG1;GM - Brasil;Não;Não;Ativo;1;CELTA HTC 2P
9;90459628;PRESILHA DE PLASTICO;15;146,90;154,66;146,90;324,29;324,29;0;0;0;10;0;0;C;02/06/2026;27/04/2026;PDS04;C;144QC1;GM - Brasil;Sim;Sim;Ativo;1;
9;90467661;JUNTA TAMPA DE VÁLVULAS;6;20,85;16,61;27,74;70,52;70,52;4;9;7;5;3;0;A;05/06/2026;23/07/2026;MAL54;A;107GK1;GM - Brasil;Sim;Sim;Ativo;1;ASTRA B - 1999 A 2011, BLAZER - 1996 A 2011, KADETT - 1989 A 1998, S10 A - 1995 A 2011, S10 B - 2012 A 2020, VECTRA B - 1997 A 2005, VECTRA C - 2006 A 2011, ZAFIRA - 2001 A 2012
9;90469582;CORREIA DENTADA;10;32,38;30,45;30,44;101,39;101,39;8;0;14;1;2;0;A;13/07/2026;31/07/2026;COPA53;A;150SA1;GM - Brasil;Sim;Sim;Ativo;1;BLAZER - 1996 A 2011, OMEGA A - 1993 A 1998, S10 A - 1995 A 2011, VECTRA B - 1997 A 2005
9;90482081;CABO ABERTURA DO CAPÔ;2;86,65;88,65;86,65;196,48;196,48;1;0;0;0;0;0;D;02/02/2026;25/07/2026;CVA75;D;160SB1;GM - Brasil;Não;Não;Ativo;1;CORSA - 1994 A 2017, TIGRA - 1998 A 2000
9;90482706;BUCHA FIXAÇÃO PARACHOQUE;3;12,46;12,28;12,46;22,28;22,28;0;0;0;8;0;0;C;31/03/2026;29/04/2026;CICAL OFICINA;C;105CA1;GM - Brasil;Sim;Sim;Ativo;1;AGILE - 2010 A 2014, ASTRA B - 1999 A 2011, CALIBRA - 1994 A 1995, CELTA - 2001 A 2016, CORSA A - 1994 A 2017, CORSA PICK-UP - 1994 A 2017, CORSA WAGON - 1994 A 2017, GRAND BLAZER - 1997 A 2002, KADETT - 1989 A 1998, PRISMA A - 2007 A 2012, SILVERADO - 1997 A 2002, TIGRA - 1998 A 2000, VECTRA B - 1997 A 2005, ZAFIRA - 2001 A 2012
9;90501087;COXIM ISOLADOR INFERIOR;11;17,62;21,86;23,41;56,22;56,22;0;8;5;0;3;2;A;13/07/2026;01/07/2026;COPA47;A;106SA1;GM - Brasil;Não;Não;Ativo;1;ASTRA B - 1999 A 2011, COBALT - 2012 A 2020, CORSA B - 2002 A 2012, MERIVA - 2002 A 2012, MONTANA A - 2004 A 2011, ONIX - 2013 A 2019, PRISMA B - 2013 A 2019, SONIC - 2012 A 2014, TRACKER B - 2014 A 2019, VECTRA B - 1997 A 2005, VECTRA C - 2006 A 2011, ZAFIRA - 2001 A 2012
9;90518425;PINO DA DOBRADIÇA DA PORTA;17;50,48;50,48;69,36;101,94;101,94;0;0;0;0;0;0;D;15/05/2025;05/02/2025;RA0546;D;109CG3;GM - Brasil;Sim;Sim;Ativo;1;AGILE - 2010 A 2014, ASTRA A - 1995 A 1996, ASTRA B - 1999 A 2011, CELTA - 2001 A 2016, CHEVETTE - 1973 A 1994, CORSA A - 1994 A 2017, CORSA B - 2002 A 2012, CORSA PICK-UP - 1994 A 2017, CORSA WAGON - 1994 A 2017, KADETT - 1989 A 1998, MERIVA - 2002 A 2012, MONTANA A - 2004 A 2011, MONZA - 1982 A 1996, OMEGA A - 1993 A 1998, OMEGA B - 1999 A 2009, PRISMA A - 2007 A 2012, VECTRA A - 1994 A 1996, VECTRA B - 1997 A 2005, VECTRA C - 2006 A 2011, ZAFIRA - 2001 A 2012
9;90525544;PORCA PARACHOQUE TRASEIRO;10;3,36;4,32;4,60;8,45;8,45;0;0;0;0;0;0;D;11/11/2023;22/09/2025;ZEUS20;D;106AA1;GM - Brasil;Sim;Sim;Ativo;1;CORSA B - 2002 A 2012, MERIVA - 2002 A 2012, MONTANA A - 2004 A 2011, VECTRA B - 1997 A 2005
9;90528145;ANEL BUJAO CARTER;87;5,55;5,55;7,23;10,76;10,76;45;43;38;35;41;40;A;30/07/2026;31/07/2026;JLL11;A;105PC2;GM - Brasil;Não;Não;Ativo;1;ASTRA B - 1999 A 2011, BLAZER - 1996 A 2011, COBALT - 2012 A 2020, CORSA A - 1994 A 2017, CORSA B - 2002 A 2012, CRUZE A  - 2012 A 2016, MERIVA - 2002 A 2012, MONTANA A - 2004 A 2011, MONTANA B - 2011 A 2020, ONIX - 2013 A 2019, PRISMA B - 2013 A 2019, S10 A - 1995 A 2011, S10 B - 2012 A 2020, SONIC - 2012 A 2014, SPIN - 2013 A 2020, TRACKER B - 2014 A 2019, VECTRA B - 1997 A 2005, VECTRA C - 2006 A 2011, ZAFIRA - 2001 A 2012
9;90531677;CORREIA DENTADA;161;44,94;61,77;61,77;130,99;130,99;54;46;35;50;47;48;A;13/07/2026;03/08/2026;COPA53;A;113QC;GM - Brasil;Sim;Sim;Ativo;1;AGILE - 2010 A 2014, CELTA - 2001 A 2016, COBALT - 2012 A 2020, CORSA A - 1994 A 2017, CORSA B - 2002 A 2012, CORSA PICK-UP - 1994 A 2017, CORSA WAGON - 1994 A 2017, MERIVA - 2002 A 2012, MONTANA A - 2004 A 2011, MONTANA B - 2011 A 2020, ONIX - 2013 A 2019, PRISMA A - 2007 A 2012, PRISMA B - 2013 A 2019
9;90535131;FILTRO AR CONDICIONADO;1;12,83;12,83;12,83;38,76;38,76;1;0;0;0;1;0;B;31/07/2026;20/07/2026;JLL47;B;144CB1;GM - Brasil;Sim;Sim;Ativo;1;CORSA B - 2002 A 2012, MONTANA A - 2004 A 2011
9;90570371;CORREIA DENTADA DISTRIBUICAO 8 V HNBR;3;51,85;51,83;51,85;156,41;156,41;1;1;1;0;1;2;B;13/07/2026;23/07/2026;COPA53;B;106CG1;GM - Brasil;Sim;Sim;Ativo;1;ASTRA A - 1995 A 1996, ASTRA B - 1999 A 2011, KADETT - 1989 A 1998, OMEGA A - 1993 A 1998, VECTRA A - 1994 A 1996, VECTRA B - 1997 A 2005, VECTRA C - 2006 A 2011, ZAFIRA - 2001 A 2012
9;90573301;JUNTA DA BOMBA OLEO;4;99,29;99,28;132,01;310,59;310,59;0;0;3;0;0;0;C;05/06/2026;14/05/2026;MAL54;C;107XG1;GM - Brasil;Sim;Sim;Ativo;1;AGILE - 2010 A 2014, ASTRA B - 1999 A 2011, CELTA - 2001 A 2016, COBALT - 2012 A 2020, CORSA A - 1994 A 2017, CORSA B - 2002 A 2012, CORSA PICK-UP - 1994 A 2017, CORSA WAGON - 1994 A 2017, MONTANA A - 2004 A 2011, MONTANA B - 2011 A 2020, ONIX - 2013 A 2019, PRISMA A - 2007 A 2012, PRISMA B - 2013 A 2019, TIGRA - 1998 A 2000
9;90873208;COXIM DIANTEIRO DO CAPO;1;12,92;1,87;12,92;48,39;48,39;0;0;0;0;0;0;D;26/12/2025;27/12/2025;RA1284;D;105DG1;GM - Brasil;Não;Não;Ativo;1;ONIX - 2020 A 2021, TRACKER 3 - 2021 A 2021
9;92272819;BATENTE SUP AMORTECEDOR DIANTEIRO;9;6,93;9,28;21,20;20,96;20,96;18;0;2;11;12;1;A;13/07/2026;01/08/2026;COPA47;A;109AJ1;GM - Brasil;Sim;Sim;Ativo;1;S10 B - 2012 A 2020
9;93205290;FLUIDO DE FREIO DOT4;61;13,85;14,58;15,14;30,09;30,09;34;14;71;47;84;55;A;22/04/2026;30/07/2026;ABRR31;A;146DA1;GM - Brasil;Sim;Sim;Ativo;1;ONIX - 2013 A 2019
9;93206675;VELA IGNIÇÃO;24;17,73;16,37;14,86;42,26;42,26;9;20;8;16;16;8;A;02/07/2026;22/07/2026;COPA35;A;197BB;GM - Brasil;Não;Não;Ativo;1;ASTRA B - 1999 A 2011, BLAZER - 1996 A 2011, CELTA - 2001 A 2016, COBALT - 2012 A 2020, CORSA A - 1994 A 2017, CORSA B - 2002 A 2012, CORSA PICK-UP - 1994 A 2017, CORSA WAGON - 1994 A 2017, GRAND BLAZER - 1997 A 2002, MERIVA - 2002 A 2012, MONTANA A - 2004 A 2011, MONTANA B - 2011 A 2020, OMEGA A - 1993 A 1998, PRISMA A - 2007 A 2012, S10 A - 1995 A 2011, SILVERADO - 1997 A 2002, SPIN - 2013 A 2020, UTILITARIOS - 1985 A 1996, VECTRA C - 2006 A 2011, ZAFIRA - 2001 A 2012
9;93221445;JUNTA DO CABEÇOTE;14;90,58;72,63;126,73;322,39;322,39;11;21;11;14;16;10;A;05/06/2026;31/07/2026;MAL54;A;108BH1;GM - Brasil;Sim;Sim;Ativo;1;CELTA - 2001 A 2016, CORSA A - 1994 A 2017, CORSA B - 2002 A 2012, CORSA PICK-UP - 1994 A 2017, CORSA WAGON - 1994 A 2017, ONIX - 2013 A 2019, PRISMA A - 2007 A 2012, PRISMA B - 2013 A 2019
9;93221446;VELAS IGNIÇÃO;27;14,51;19,50;19,48;34,25;34,25;60;64;36;84;56;44;A;07/04/2026;31/07/2026;NMA50;A;197BB;GM - Brasil;Não;Não;Ativo;1;BLAZER - 1996 A 2011, COBALT - 2012 A 2020, CORSA A - 1994 A 2017, CORSA PICK-UP - 1994 A 2017, CORSA WAGON - 1994 A 2017, S10 A - 1995 A 2011, S10 B - 2012 A 2020
9;93230926;VELA IGNIÇÃO;268;13,36;17,86;18,12;35,95;35,95;36;64;44;48;117;80;A;07/04/2026;31/07/2026;NMA50;A;197AC;GM - Brasil;Não;Não;Ativo;1;AGILE - 2010 A 2014, ASTRA B - 1999 A 2011, CELTA - 2001 A 2016, COBALT - 2012 A 2020, CORSA B - 2002 A 2012, KADETT - 1989 A 1998, MERIVA - 2002 A 2012, MONTANA B - 2011 A 2020, MONZA - 1982 A 1996, ONIX - 2013 A 2019, PRISMA A - 2007 A 2012, PRISMA B - 2013 A 2019, VECTRA C - 2006 A 2011, ZAFIRA - 2001 A 2012
9;93230927;VELA DE IGNIÇÃO;197;11,92;15,62;16,18;29,49;29,49;4;4;4;4;8;4;A;31/05/2024;20/07/2026;MAE24;A;113QB;GM - Brasil;Não;Não;Ativo;1;AGILE - 2010 A 2014, ASTRA A - 1995 A 1996, ASTRA B - 1999 A 2011, BLAZER - 1996 A 2011, CELTA - 2001 A 2016, CORSA A - 1994 A 2017, CORSA B - 2002 A 2012, CORSA PICK-UP - 1994 A 2017, CORSA WAGON - 1994 A 2017, KADETT - 1989 A 1998, MONTANA A - 2004 A 2011, MONTANA B - 2011 A 2020, MONZA - 1982 A 1996, OMEGA A - 1993 A 1998, OPALA - 1969 A 1992, PRISMA A - 2007 A 2012, S10 A - 1995 A 2011, UTILITARIOS - 1985 A 1996, VECTRA A - 1994 A 1996, VECTRA B - 1997 A 2005, ZAFIRA - 2001 A 2012
9;93236421;VEDADOR TRASEIRO DO CÂMBIO;1;23,37;23,37;23,37;75,28;75,28;0;0;2;0;1;1;B;31/07/2026;30/05/2026;JLL11;B;106QD1;GM - Brasil;Sim;Sim;Ativo;1;BLAZER - 1996 A 2011, OPALA - 1969 A 1992, S10 A - 1995 A 2011, UTILITARIOS - 1985 A 1996
9;93242870;BATENTE AMORTECEDOR DIANTEIRO;1;29,27;27,97;27,97;68,44;68,44;0;0;0;0;0;0;D;26/03/2024;23/09/2025;MACO13;D;106QB1;GM - Brasil;Não;Não;Ativo;1;ASTRA B - 1999 A 2011, VECTRA B - 1997 A 2005, VECTRA C - 2006 A 2011
9;93248331;VELA DE IGNIÇÃO;12;16,60;23,25;23,25;22,48;22,48;0;0;0;0;0;0;D;22/02/2024;14/03/2024;FRVR16;D;197AB;GM - Brasil;Não;Não;Ativo;1;ASTRA B - 1999 A 2011, CORSA A - 1994 A 2017, CORSA B - 2002 A 2012, MERIVA - 2002 A 2012, S10 B - 2012 A 2020, VECTRA A - 1994 A 1996, VECTRA B - 1997 A 2005, VECTRA C - 2006 A 2011, ZAFIRA - 2001 A 2012
9;93248359;BUCHA DO PIVO DA TAMPA TRASEIRA LE;1;5,47;5,47;5,47;13,47;13,47;0;0;2;1;0;3;B;06/01/2026;22/05/2026;PFHY03;B;106AA1;GM - Brasil;Sim;Sim;Ativo;1;S10 A - 1995 A 2011
9;93248360;BUCHA PIVO TAMPA TRASEIRA LD;5;5,21;7,11;7,13;12,97;12,97;0;0;0;1;0;3;C;18/12/2025;30/04/2026;CVA60;C;106AA1;GM - Brasil;Sim;Sim;Ativo;1;S10 A - 1995 A 2011
9;93257666;TAMPÃO NÍVEL;2;153,02;10,80;107,83;363,14;363,14;0;0;0;0;0;0;D;27/10/2025;09/09/2025;RA1005;D;107AH1;GM - Brasil;Não;Não;Ativo;1;BLAZER - 1996 A 2011, S10 A - 1995 A 2011
9;93259380;PROTETOR DE CALOR COLETOR;45;111,02;111,01;144,44;356,11;356,11;3;7;29;32;12;10;A;29/06/2026;29/07/2026;COPA33;A;105DL1;GM - Brasil;Não;Não;Ativo;1;ASTRA B - 1999 A 2011, BLAZER - 1996 A 2011, KADETT - 1989 A 1998, MONZA - 1982 A 1996, S10 A - 1995 A 2011, S10 B - 2012 A 2020, VECTRA C - 2006 A 2011, ZAFIRA - 2001 A 2012
9;93262494;VOLANTE DO MOTOR;2;557,17;578,64;557,17;1.923,87;1.923,87;0;0;0;0;1;1;C;05/05/2026;26/03/2026;ABRR45;C;154PB1;GM - Brasil;Não;Não;Ativo;1;AGILE - 2010 A 2014, CELTA - 2001 A 2016, CORSA A - 1994 A 2017, CORSA B - 2002 A 2012, COBALT - 2012 A 2020, MERIVA - 2002 A 2012, MONTANA A - 2004 A 2011, MONTANA B - 2011 A 2020, ONIX - 2013 A 2019, PRISMA A - 2007 A 2012, PRISMA B - 2013 A 2019, TIGRA - 1998 A 2000
9;93268896;CINTA;19;0,37;0,37;0,38;1,67;1,67;9;4;8;4;16;0;A;14/07/2026;31/07/2026;CVA170;A;110PH1;GM - Brasil;Sim;Sim;Ativo;1;AGILE - 2010 A 2014, CAMARO - 2011 A 2015, CAMARO CONV. B - 2017 A 2021, CAMARO COUPE NG - 2017 A 2021, COBALT - 2012 A 2020, CRUZE A - 2012 A 2016, CRUZE B - 2017 A 2019, EQUINOX - 2018 A 2019, MALIBU - 2013 A 2013, MONTANA B - 2011 A 2020, ONIX - 2013 A 2019, PRISMA B - 2013 A 2019, S10 B - 2012 A 2020, SONIC - 2012 A 2014, SPIN - 2013 A 2020, TRACKER B - 2014 A 2019, TRAILBLAZER - 2013 A 2020
9;93270246;COXIM PAINEL DO RADIADOR;29;57,49;57,49;57,49;147,59;147,59;2;1;10;4;2;0;A;23/06/2026;31/07/2026;COPA09;A;114BC1;GM - Brasil;Não;Não;Ativo;1;BLAZER - 1996 A 2011, S-10 - 1995 A 2011
9;93275736;VALVULA TERMOSTATICA;202;36,69;24,95;24,97;111,23;111,23;45;70;53;153;59;29;A;08/07/2026;30/07/2026;COPA43;A;114BA;GM - Brasil;Sim;Sim;Ativo;1;AGILE - 2010 A 2014, CELTA - 2001 A 2016, COBALT - 2012 A 2020, CORSA A - 1994 A 2017, CORSA B - 2002 A 2012, CORSA PICK-UP - 1994 A 2017, CORSA WAGON - 1994 A 2017, MERIVA - 2002 A 2012, MONTANA A - 2004 A 2011, MONTANA B - 2011 A 2020, ONIX - 2013 A 2019, PRISMA A - 2007 A 2012, PRISMA B - 2013 A 2019
9;93276069;FILTRO DE AR;11;32,48;54,78;81,44;100,96;100,96;0;0;0;0;0;0;D;28/02/2025;26/12/2025;FILT43;D;145SA1;GM - Brasil;Sim;Sim;Obsoleto;1;BLAZER - 1996 A 2011, S10 A - 1995 A 2011
9;93277629;KIT ROLAMENTO RODA TRASEIRA;82;262,24;258,74;262,24;754,50;754,50;70;148;148;115;134;103;A;31/07/2026;31/07/2026;JLL15;A;198AA1;GM - Brasil;Não;Não;Ativo;1;BLAZER - 1996 A 2011, S10 A - 1995 A 2011
9;93277688;BUCHAS BANDEJA SUPERIOR;1;38,93;73,66;51,36;124,10;124,10;0;0;0;0;0;0;D;04/04/2025;11/06/2025;FLO01;D;107QD1;GM - Brasil;Não;Não;Ativo;1;BLAZER - 1996 A 2011, S10 A - 1995 A 2011
9;93278411;ANEL VEDAÇÃO BOBINA IGNIÇÃO;13;3,87;5,08;3,87;13,57;13,57;2;15;1;0;1;11;A;17/03/2026;17/07/2026;NMA07;A;111TC1;GM - Brasil;Sim;Sim;Ativo;1;AGILE - 2010 A 2014, CELTA - 2001 A 2016, COBALT - 2012 A 2020, CORSA A - 1994 A 2017, CORSA B - 2002 A 2012, CORSA PICK-UP - 1994 A 2017, CORSA WAGON - 1994 A 2017, KADETT - 1989 A 1998, MERIVA - 2002 A 2012, MONTANA A - 2004 A 2011, MONTANA B - 2011 A 2020, MONZA - 1982 A 1996, PRISMA A - 2007 A 2012, VECTRA A - 1994 A 1996
9;93279382;CAPA TRASEIRA DA CORREIA DENTADA;2;97,93;97,56;97,93;219,06;219,06;1;0;1;0;1;0;B;31/07/2026;14/07/2026;RA0722;B;105RC1;GM - Brasil;Não;Não;Ativo;1;AGILE - 2010 A 2014, CELTA - 2001 A 2016, CORSA A - 1994 A 2017, CORSA PICK-UP - 1994 A 2017, CORSA WAGON - 1994 A 2017, MONTANA B - 2011 A 2020, PRISMA A - 2007 A 2012
9;93281612;FILTRO DE COMBUSTÍVEL;14;16,50;14,97;21,00;44,29;44,29;0;1;0;0;0;0;D;17/10/2024;27/06/2026;TOU19;D;113PA;GM - Brasil;Não;Não;Obsoleto;1;ASTRA B - 1999 A 2011, CELTA - 2001 A 2016, CORSA A - 1994 A 2017, CORSA B - 2002 A 2012, CORSA PICK-UP - 1994 A 2017, CORSA WAGON - 1994 A 2017, PRISMA A - 2007 A 2012, VECTRA B - 1997 A 2005, ZAFIRA - 2001 A 2012
9;93282665;JUNTA DO CABEÇOTE;14;93,97;91,31;121,71;331,42;331,42;36;26;24;20;27;27;A;20/07/2026;29/07/2026;MAL54;A;105QD1;GM - Brasil;Sim;Sim;Ativo;1;BLAZER - 1996 A 2011, S10 A - 1995 A 2011, S10 B - 2012 A 2020
9;93286309;ADITIVO RADIADOR CONCENTRADO ACDELCO;96;30,24;29,72;31,34;85,78;85,78;41;17;33;28;26;38;A;30/07/2026;01/08/2026;JLL28;A;159PA1;GM - Brasil;Sim;Sim;Ativo;1;AC-DELCO 19525817 CONCENTRADO 
9;93288274;TAMPA RESERVATÓRIO RADIADOR;44;16,43;21,33;21,61;37,29;37,29;2;9;9;17;8;35;A;08/07/2026;30/07/2026;CVA161;A;110RD1;GM - Brasil;Não;Não;Ativo;1;ASTRA B - 1999 A 2011, BLAZER - 1996 A 2011, CHEVETTE - 1973 A 1994, CORSA B - 2002 A 2012, KADETT - 1989 A 1998, MERIVA - 2002 A 2012, MONTANA A - 2004 A 2011, MONZA - 1982 A 1996, OMEGA A - 1993 A 1998, S10 A - 1995 A 2011, UTILITARIOS - 1985 A 1996, VECTRA A - 1994 A 1996, VECTRA B - 1997 A 2005, ZAFIRA - 2001 A 2012
9;93290890;BUCHA BARRA ESTABILIZADORA DIANT;58;8,24;8,29;11,05;22,75;22,75;4;0;4;38;4;0;A;13/07/2026;27/07/2026;COPA47;A;107TG1;GM - Brasil;Não;Não;Ativo;1;AGILE - 2010 A 2014, CELTA - 2001 A 2016, CORSA A - 1994 A 2017, CORSA PICK-UP - 1994 A 2017, CORSA WAGON - 1994 A 2017, PRISMA A - 2007 A 2012
9;93291111;ADESIVO PARA-BRISA;1;130,65;225,90;130,65;246,87;420,87;0;0;0;0;0;0;D;11/11/2024;18/11/2024;SEMPRE VIC. TAIGO;D;109AC1;GM - Brasil;Sim;Sim;Ativo;1;ASTRA B - 1999 A 2011, BLAZER - 1996 A 2011, CORSA A - 1994 A 2017, CORSA B - 2002 A 2012, KADETT - 1989 A 1998, OMEGA A - 1993 A 1998, S10 A - 1995 A 2011, VECTRA A - 1994 A 1996, VECTRA B - 1997 A 2005, ZAFIRA - 2001 A 2012
9;93294583;JUNTA CABEÇOTE;10;83,94;116,18;83,94;308,65;308,65;17;15;16;7;11;20;A;05/06/2026;30/07/2026;MAL54;A;105BD1;GM - Brasil;Sim;Sim;Ativo;1;COBALT - 2012 A 2020, CORSA B - 2002 A 2012, MERIVA - 2002 A 2012, MONTANA A - 2004 A 2011, MONTANA B - 2011 A 2020
9;93295145;ÓLEO TRANSMISSÃO AUTOMÁTICA DEXRON III;11;55,87;84,33;42,96;135,87;135,87;0;0;0;0;0;1;D;16/07/2025;04/02/2026;JUL07A;D;125AA1;GM - Brasil;Sim;Sim;Ativo;1;PRISMA - 2008 A 2019, CELTA - 2001 A 2019, CORSA NOVO - 2002 A 2012, CORSA CLASSIC - 1994 A 2019, MONTANA - 2004 A 2019, ASTRA - 1995 A 2011, VECTRA - 1994 A 2012, MERIVA - 2002 A 2012, ZAFIRA - 2001 A 2012, AGILE - 2009 A 2019, COBALT - 2012 A 2019, ONIX - 2013 A 2019, SPIN - 2013 A 2019, CRUZE - 2012 A 2019, CORSA PICKUP - 1997 A 2003, KADETT - 1989 A 1998, OMEGA - 1993 A 2011, SONIC - 2012 A 2014, TIGRA - 1998 A 2000, MONZA - 1982 A 1996, CAPTIVA - 2008 A 2014, TRACKER - 2001 A 2020, CALIBRA - 1994 A 1995, OPALA - 1969 A 1992, CHEVETTE - 1973 A 1994, IPANEMA - 1989 A 1998, SUPREMA - 1994 A 1998, SILVERADO - 1997 A 2002, TRAILBLAZER - 2013 A 2020, MALIBU - 2010 A 2012, CAMARO - 2011 A 2014, S-10 - 1995 A 2020, BLAZER - 1996 A 2011
9;93296979;ISOLADOR BUCHA BARRA ESTABILIZADORA;8;6,04;8,08;8,09;19,55;19,55;0;0;4;0;11;0;C;30/06/2026;13/05/2026;COPA40;C;111PA1;GM - Brasil;Não;Não;Ativo;1;CORSA A - 1994 A 2017, CORSA PICK-UP - 1994 A 2017, CORSA WAGON - 1994 A 2017
9;93304811;PARAFUSO DO CABEÇOTE;93;9,67;12,30;12,30;24,39;24,39;40;81;51;78;30;54;A;08/07/2026;29/07/2026;CVA161;A;111QG1;GM - Brasil;Sim;Sim;Ativo;1;AGILE - 2010 A 2014, CELTA - 2001 A 2016, COBALT - 2012 A 2020, CORSA A - 1994 A 2017, CORSA B - 2002 A 2012, CORSA PICK-UP - 1994 A 2017, CORSA WAGON - 1994 A 2017, MERIVA - 2002 A 2012, MONTANA A - 2004 A 2011, MONTANA B - 2011 A 2020, ONIX - 2013 A 2019, PRISMA A - 2007 A 2012, PRISMA B - 2013 A 2019
9;93304910;CILINDRO ATUADOR EMBREAGEM;34;79,37;107,34;107,50;242,16;242,16;6;4;1;5;2;20;A;17/03/2026;30/07/2026;NMA09;A;150QA1;GM - Brasil;Não;Não;Ativo;1;ASTRA B - 1999 A 2011, VECTRA C - 2006 A 2011
9;93305641;COXIM DO MOTOR DIREITO;1;103,33;103,33;134,42;266,67;266,67;1;1;1;0;2;0;B;09/07/2026;16/07/2026;COPA09;B;114 AC1;GM - Brasil;Não;Não;Ativo;1;AGILE - 2010 A 2014, CELTA - 2001 A 2016, CORSA A - 1994 A 2017, CORSA PICK-UP - 1994 A 2017, CORSA WAGON - 1994 A 2017, MONTANA B - 2011 A 2020, PRISMA A - 2007 A 2012, TIGRA - 1998 A 2000
9;93306421;VARETA OLEO;2;33,19;32,11;33,19;79,64;79,64;0;3;0;1;1;1;B;16/07/2026;02/07/2026;RA0716;B;107BC2;GM - Brasil;Sim;Sim;Ativo;1;CELTA - 2001 A 2016, CORSA A - 1994 A 2017, CORSA B - 2002 A 2012, CORSA WAGON - 1994 A 2017, MONTANA A - 2004 A 2011, PRISMA A - 2007 A 2012, MERIVA - 2002 A 2012
9;93307462;ÓLEO MINERAL MOTOR SAE 20W50 API SL;147;20,65;31,99;28,29;1.600,47;66,68;249;138;81;65;86;64;A;30/07/2026;03/08/2026;JUN20A;A;125AA1;GM - Brasil;Sim;Sim;Ativo;1;CELTA - 2001 A 2006, CORSA CLASSIC - 1994 A 2005, MONTANA - 2004 A 2005, CORSA NOVO - 2002 A 2005, ASTRA - 1995 A 2003, VECTRA - 1994 A 2005, MERIVA - 2002 A 2005, ZAFIRA - 2001 A 2004, CORSA PICKUP - 1997 A 2003, OMEGA - 1993 A 1998, KADETT - 1989 A 1998, TIGRA - 1998 A 2000, MONZA - 1982 A 1996, TRACKER - 2002 A 2009, IPANEMA - 1989 A 1998, CALIBRA - 1994 A 1995, CHEVETTE - 1973 A 1994, OPALA - 1969 A 1992, SUPREMA - 1994 A 1998, S-10 - 1995 A 2004, BLAZER - 1996 A 2004
9;93310171;LUVA TUBO;2;0,97;0,97;1,25;6,56;6,56;0;2;0;0;2;0;B;09/07/2026;15/06/2026;CVA150;B;106AC2;GM - Brasil;Não;Não;Ativo;1;ASTRA B - 1999 A 2011, COBALT - 2012 A 2020, CORSA B - 2002 A 2012, MERIVA - 2002 A 2012, MONTANA A - 2004 A 2011, ONIX - 2013 A 2019, PRISMA B - 2013 A 2019, SPIN - 2013 A 2020, VECTRA B - 1997 A 2005, VECTRA C - 2006 A 2011, ZAFIRA - 2001 A 2012
9;93310435;SONDA LAMBDA;10;182,85;218,64;218,64;606,19;606,19;0;1;0;1;1;0;C;08/05/2025;06/07/2026;PEAB10;C;106BG1;GM - Brasil;Sim;Sim;Ativo;1;CELTA - 2001 A 2016, CORSA B - 2002 A 2012, CORSA A - 1994 A 2017, MERIVA - 2002 A 2012, MONTANA A - 2004 A 2011, PRISMA A - 2007 A 2012
9;93312682;FILTRO DE COMBUSTÍVEL;4;22,47;31,92;22,48;86,72;86,72;0;0;3;1;3;2;A;12/08/2025;26/05/2026;ATG13;A;144ZC1;GM - Brasil;Sim;Sim;Obsoleto;1;ASTRA B - 1999 A 2011, BLAZER - 1996 A 2011, CORSA A - 1994 A 2017, CORSA PICK-UP - 1994 A 2017, CORSA WAGON - 1994 A 2017, S10 A - 1995 A 2011, S10 B - 2012 A 2020, VECTRA C - 2006 A 2011, ZAFIRA - 2001 A 2012
9;93316245;FILTRO DE COMBUSTÍVEL;298;14,34;14,75;14,34;40,49;40,49;70;94;65;77;75;65;A;31/07/2026;03/08/2026;JLL47;A;113PC;GM - Brasil;Não;Não;Ativo;1;AGILE - 2010 A 2014, CELTA - 2001 A 2016, COBALT - 2012 A 2020, CORSA A - 1994 A 2017, CORSA B - 2002 A 2012, CORSA PICK-UP - 1994 A 2017, CORSA WAGON - 1994 A 2017, CRUZE A  - 2012 A 2016, CRUZE B - 2017 A 2019, MERIVA - 2002 A 2012, MONTANA A - 2004 A 2011, MONTANA B - 2011 A 2020, ONIX - 2013 A 2019, PRISMA A - 2007 A 2012, PRISMA B - 2013 A 2019, S10 B - 2012 A 2020, TRAILBLAZER - 2013 A 2020
9;93317147;TAMPA COMANDO VÁLVULAS;7;198,77;198,77;270,66;505,53;505,53;1;5;3;1;1;3;A;02/07/2026;06/07/2026;RA0676;A;106SC1;GM - Brasil;Não;Não;Ativo;1;ASTRA B - 1999 A 2011, BLAZER - 1996 A 2011, KADETT - 1989 A 1998, S10 A - 1995 A 2011, VECTRA B - 1997 A 2005, VECTRA C - 2006 A 2011, ZAFIRA - 2001 A 2012
9;93320013;TAMPA RESERVATÓRIO PARA-BRISA;2;8,26;8,26;8,26;20,43;20,43;0;0;0;0;0;0;D;25/06/2026;17/05/2025;DD0623;D;113CB1;GM - Brasil;Sim;Sim;Ativo;1;AGILE - 2010 A 2014, BLAZER - 1996 A 2000, CALIBRA - 1994 A 1995, CORSA NOVO - 2002 A 2012, MERIVA - 2002 A 2012, MONTANA - 2004 A 2011, MONTANA NOVA - 2011 A 2014, OMEGA - 1993 A 1998, S-10 - 1995 A 2000, VECTRA - 1994 A 1996
9;93321435;PARA-BARRO DA RODA DIANTEIRA LD;4;20,55;21,07;27,69;61,44;61,44;0;0;0;2;0;0;C;16/06/2026;29/04/2026;LOT11M;C;PARABA25;GM - Brasil;Não;Não;Ativo;1;CORSA B - 2002 A 2012, MONTANA A - 2004 A 2011
9;93321867;TAMPA ACABAM COLUNA DIREÇÃO;1;72,03;93,67;95,10;160,26;160,26;0;0;0;0;0;0;D;05/05/2025;13/02/2025;RA0434;D;108GG1;GM - Brasil;Não;Não;Ativo;1;CORSA - 1997 A 2017
9;93325128;BIELA DO MOTOR;10;96,76;87,34;122,53;282,16;282,16;11;17;25;12;34;47;A;04/04/2026;03/08/2026;NMA52;A;198BA1;GM - Brasil;Não;Não;Ativo;1;AGILE - 2010 A 2014, ASTRA B - 1999 A 2011, CELTA - 2001 A 2016, CORSA A - 1994 A 2017, CORSA B - 2002 A 2012, COBALT - 2012 A 2020, MERIVA - 2002 A 2012, MONTANA A - 2004 A 2011, MONTANA B - 2011 A 2020, PRISMA A - 2007 A 2012
9;93326080;ENGRENAGEM COMANDO DE VÁLVULA;46;49,02;48,98;65,82;178,63;178,63;21;5;9;14;7;10;A;30/07/2026;30/07/2026;JLL15;A;106SB1;GM - Brasil;Sim;Sim;Ativo;1;AGILE - 2010 A 2014, CELTA - 2001 A 2016, CORSA A - 1994 A 2017, CORSA B - 2002 A 2012, COBALT - 2012 A 2020, MERIVA - 2002 A 2012, MONTANA A - 2004 A 2011, MONTANA B - 2011 A 2020, ONIX - 2013 A 2019, PRISMA A - 2007 A 2012, PRISMA B - 2013 A 2019, SPIN - 2013 A 2020
9;93326521;TAMPA RESERVATÓRIO ÁGUA RADIADOR;18;14,93;14,93;14,93;35,75;53,34;55;18;23;35;36;13;A;31/07/2026;31/07/2026;RA0727;A;105QC1;GM - Brasil;Não;Não;Ativo;1;AGILE - 2010 A 2014, ASTRA B - 1999 A 2011, BLAZER - 1996 A 2011, CELTA - 2001 A 2016, CORSA A - 1994 A 2017, CORSA B - 2002 A 2012, CORSA PICK-UP - 1994 A 2017, CORSA WAGON - 1994 A 2017, MERIVA - 2002 A 2012, MONTANA A - 2004 A 2011, MONTANA B - 2011 A 2020, PRISMA A - 2007 A 2012, S10 A - 1995 A 2011, VECTRA C - 2006 A 2011, ZAFIRA - 2001 A 2012
9;93328876;TAMPA CORREIA DENTADA;7;61,32;63,18;61,32;141,87;141,87;8;7;0;9;4;2;A;29/07/2026;31/07/2026;RA0726;A;161BB1;GM - Brasil;Não;Não;Ativo;1;CORSA A - 1994 A 2017, CORSA PICK-UP - 1994 A 2017, CORSA WAGON - 1994 A 2017
9;93333632;ALMA PARA-CHOQUE DIANTEIRO;3;684,09;684,09;684,09;1.850,66;1.850,66;1;0;1;1;0;1;B;31/07/2026;08/07/2026;JLL42;B;162RA1;GM - Brasil;Não;Não;Ativo;1;CELTA - 2001 A 2016, PRISMA A - 2007 A 2012
9;93333868;SUPORTE DO PEDAL DE EMBREAGEM;5;15,73;21,37;21,91;35,79;35,79;1;1;1;0;4;7;A;16/04/2026;17/07/2026;RA0442;A;106BA1;GM - Brasil;Não;Não;Ativo;1;CORSA B - 2002 A 2012, MERIVA - 2002 A 2012
9;93339100;PORCA ROLDANA ESTEPE;1;6,68;6,68;8,82;15,99;15,99;0;0;0;1;1;1;B;25/04/2026;28/04/2026;CVA133;B;106CK;GM - Brasil;Sim;Sim;Ativo;1;AGILE - 2010 A 2014, CELTA - 2001 A 2016, COBALT - 2012 A 2020, ONIX - 2013 A 2019, PRISMA A - 2007 A 2012, SPIN - 2013 A 2020, PRISMA B - 2013 A 2019
9;93341863;CABO EMBREAGEM;17;86,29;129,54;126,04;227,58;227,58;1;3;1;2;2;1;A;18/02/2026;11/07/2026;NFV22;A;108GB1;GM - Brasil;Não;Não;Ativo;1;CELTA - 2001 A 2016, CORSA A - 1994 A 2017, CORSA PICK-UP - 1994 A 2017, CORSA WAGON - 1994 A 2017, PRISMA A - 2007 A 2012
9;93344704;ADITIVO DILUIDO VERMELHO PARA RADIADOR ORIGINAL ACDELCO;265;16,35;16,18;17,14;46,71;46,71;78;78;71;139;117;80;A;27/07/2026;03/08/2026;JLL28;A;146DA1;GM - Brasil;Sim;Sim;Ativo;1;AC-DELCO 19525818 PRONTO PRA USO 
9;93344705;ADITIVO RADIADOR 5 LITROS;206;77,51;77,40;77,51;223,45;223,45;25;30;26;21;5;28;A;31/07/2026;30/07/2026;JLL28;A;146DA1;GM - Brasil;Sim;Sim;Ativo;1;
9;93344759;ALAVANCA EMBREAGEM;6;115,11;116,27;115,11;288,39;288,39;0;1;3;3;0;4;A;05/06/2026;02/07/2026;CVA16M;A;107PH1;GM - Brasil;Não;Não;Ativo;1;AGILE - 2010 A 2014, CALIBRA - 1994 A 1995, CELTA - 2001 A 2016, CORSA A - 1994 A 2017, CORSA B - 2002 A 2012, CORSA PICK-UP - 1994 A 2017, CORSA WAGON - 1994 A 2017, KADETT - 1989 A 1998, MONTANA B - 2011 A 2020, MONZA - 1982 A 1996, PRISMA A - 2007 A 2012, TIGRA - 1998 A 2000
9;93346293;JUNTA DO CABEÇOTE;12;82,17;82,24;82,11;300,13;300,13;13;6;10;7;12;16;A;16/07/2026;03/08/2026;MAL54;A;107AC1;GM - Brasil;Sim;Sim;Ativo;1;AGILE - 2010 A 2014, CELTA - 2001 A 2016, COBALT - 2012 A 2020, CORSA A - 1994 A 2017, CORSA B - 2002 A 2012, CORSA PICK-UP - 1994 A 2017, CORSA WAGON - 1994 A 2017, MERIVA - 2002 A 2012, MONTANA A - 2004 A 2011, MONTANA B - 2011 A 2020, ONIX - 2013 A 2019, PRISMA A - 2007 A 2012, PRISMA B - 2013 A 2019
9;93348077;AMORTECEDOR DIANTEIRO;1;184,25;110,43;184,25;450,97;450,97;0;0;0;0;0;0;D;27/09/2023;26/08/2024;SBT35;D;159CC1;GM - Brasil;Não;Não;Ativo;1;S10 A - 1995 A 2011, BLAZER - 1996 A 2011
9;93349779;BRONZINA MANCAL BIELA;138;10,85;10,48;14,97;32,93;32,93;44;44;96;104;60;72;A;16/03/2026;30/07/2026;NMA08;A;110RH1;GM - Brasil;Não;Não;Ativo;1;AGILE - 2010 A 2014, ASTRA B - 1999 A 2011, CELTA - 2001 A 2016, COBALT - 2012 A 2020, CORSA A - 1994 A 2017, CORSA B - 2002 A 2012, CORSA PICK-UP - 1994 A 2017, CORSA WAGON - 1994 A 2017, MERIVA - 2002 A 2012, MONTANA A - 2004 A 2011, MONTANA B - 2011 A 2020, ONIX - 2013 A 2019, PRISMA A - 2007 A 2012, PRISMA B - 2013 A 2019, TIGRA - 1998 A 2000
9;93351126;FECHADURA TAMPA TRASEIRA;2;85,56;129,21;116,24;216,07;216,07;0;0;0;0;0;0;D;24/02/2026;02/02/2026;CVA92;D;105PB1;GM - Brasil;Não;Não;Ativo;1;CELTA - 2001 A 2016
9;93353848;TENSIONADOR CORREIA DENTADA;63;94,13;94,14;125,90;233,60;233,60;27;25;20;32;27;16;A;31/07/2026;01/08/2026;JLL17;A;197AD;GM - Brasil;Não;Não;Ativo;1;AGILE - 2010 A 2014, ASTRA B - 1999 A 2011, BLAZER - 1996 A 2011, CELTA - 2001 A 2016, COBALT - 2012 A 2020, CORSA A - 1994 A 2017, CORSA B - 2002 A 2012, CORSA PICK-UP - 1994 A 2017, CORSA WAGON - 1994 A 2017, KADETT - 1989 A 1998, MERIVA - 2002 A 2012, MONTANA A - 2004 A 2011, MONTANA B - 2011 A 2020, OMEGA A - 1993 A 1998, ONIX - 2013 A 2019, PRISMA A - 2007 A 2012, PRISMA B - 2013 A 2019, S10 A - 1995 A 2011, S10 B - 2012 A 2020, VECTRA A - 1994 A 1996, VECTRA B - 1997 A 2005, VECTRA C - 2006 A 2011, ZAFIRA - 2001 A 2012
9;93361174;GUARDA-PÓ ALAVANCA;4;81,81;81,81;81,81;182,69;182,69;0;1;2;0;0;4;A;02/07/2026;17/06/2026;RA0676;A;112AD2;GM - Brasil;Não;Não;Ativo;1;
9;93361391;TUCHO BALANCIN ROLETADO;159;33,74;25,91;24,50;55,62;55,62;8;16;24;16;16;1;A;16/06/2023;21/07/2026;MZA11;A;113QB;GM - Brasil;Não;Não;Ativo;1;AGILE - 2010 A 2014, CELTA - 2001 A 2016, COBALT - 2012 A 2020, CORSA A - 1994 A 2017, CORSA B - 2002 A 2012, CORSA PICK-UP - 1994 A 2017, CORSA WAGON - 1994 A 2017, MERIVA - 2002 A 2012, MONTANA A - 2004 A 2011, MONTANA B - 2011 A 2020, ONIX - 2013 A 2019, PRISMA A - 2007 A 2012, PRISMA B - 2013 A 2019
9;93361395;BALANCIM VÁLVULA ROLETADO;38;33,77;16,11;23,38;55,11;55,11;19;8;24;10;16;16;A;15/06/2023;31/07/2026;MZA11;A;198PA;GM - Brasil;Não;Não;Ativo;1;AGILE - 2010 A 2014, ASTRA B - 1999 A 2011, BLAZER - 1996 A 2011, CELTA - 2001 A 2016, COBALT - 2012 A 2020, CORSA A - 1994 A 2017, CORSA B - 2002 A 2012, CORSA PICK-UP - 1994 A 2017, CORSA WAGON - 1994 A 2017, MERIVA - 2002 A 2012, MONTANA A - 2004 A 2011, MONTANA B - 2011 A 2020, ONIX - 2013 A 2019, PRISMA A - 2007 A 2012, PRISMA B - 2013 A 2019, S10 A - 1995 A 2011, S10 B - 2012 A 2020, VECTRA C - 2006 A 2011, ZAFIRA - 2001 A 2012
9;93361473;CORREIA ALTERNADOR 2.8 MWM 6PK1875;48;43,76;43,76;43,76;132,07;132,07;0;18;11;11;2;16;A;13/07/2026;30/06/2026;COPA53;A;108AH1;GM - Brasil;Sim;Sim;Ativo;1;BLAZER - 1996 A 2011, S10 A - 1995 A 2011
9;93363296;VELA DE IGNIÇÃO;115;13,23;19,88;18,64;36,80;36,80;29;68;48;36;80;72;A;07/04/2026;03/08/2026;NMA50;A;198AB1;GM - Brasil;Não;Não;Ativo;1;CELTA - 2001 A 2016, CORSA A - 1994 A 2017, CORSA B - 2002 A 2012, CORSA PICK-UP - 1994 A 2017, CORSA WAGON - 1994 A 2017, ONIX - 2013 A 2019, PRISMA A - 2007 A 2012, PRISMA B - 2013 A 2019
9;93365303;DEFLETOR CALOR DIANTEIRO ESCAPAMENTO NOVO;23;65,23;91,81;89,35;219,68;219,68;5;4;0;1;22;10;A;16/06/2026;03/08/2026;NMA49;A;163PB4;GM - Brasil;Não;Não;Ativo;1;AGILE - 2010 A 2014, CELTA - 2001 A 2016, CORSA A - 1994 A 2017, CORSA PICK-UP - 1994 A 2017, CORSA WAGON - 1994 A 2017, MONTANA B - 2011 A 2020, PRISMA A - 2007 A 2012
9;93366637;BUCHA BARRA ESTABILIZADORA DIANT;3;36,26;36,26;49,34;108,51;108,51;0;4;0;0;0;0;D;01/07/2025;17/06/2026;LTGO13;D;107CG3;GM - Brasil;Não;Não;Ativo;1;S10 A - 1995 A 2011
9;93371386;PARA-CHOQUE DIANTEIRO;1;459,56;459,56;589,22;1.228,45;1.228,45;1;0;3;1;0;0;B;28/07/2026;17/07/2026;JLL02;B;600AC1;GM - Brasil;Não;Não;Ativo;1;ASTRA B - 1999 A 2011, ZAFIRA - 2001 A 2012
9;93373161;FILTRO AR CONDICIONADO;3;13,75;18,15;17,36;42,45;42,45;0;1;0;1;1;2;B;13/06/2026;05/06/2026;LOT11M;B;145AG1;GM - Brasil;Sim;Sim;Ativo;1;ASTRA B - 1999 A 2011, VECTRA C - 2006 A 2011
9;93373723;PARAFUSO TORX TENSOR CORREIA;39;6,44;5,53;8,60;16,08;16,08;13;19;28;6;9;18;A;02/07/2026;31/07/2026;CVA160;A;110CD3;GM - Brasil;Sim;Sim;Ativo;1;AGILE - 2010 A 2014, CELTA - 2001 A 2016, COBALT - 2012 A 2020, CORSA A - 1994 A 2017, CORSA B - 2002 A 2012, MERIVA - 2002 A 2012, MONTANA A - 2004 A 2011, MONTANA B - 2011 A 2020, ONIX - 2013 A 2019, PRISMA A - 2007 A 2012, PRISMA B - 2013 A 2019, SPIN - 2013 A 2020
9;93375903;TAMPA PORTINHOLA COMBUSTÍVEL;4;97,26;97,01;97,26;217,83;217,83;9;5;3;5;4;4;A;31/07/2026;30/07/2026;RA0728;A;151BA1;GM - Brasil;Não;Não;Ativo;1;CORSA B - 2002 A 2012, MONTANA A - 2004 A 2011
9;93376218;ALOJAMENTO EIXO COMANDO VÁLVULAS;1;607,75;607,75;774,96;1.364,64;1.364,64;1;2;1;2;0;1;A;16/06/2026;10/07/2026;RA0672;A;159BB1;GM - Brasil;Não;Não;Ativo;1;AGILE - 2010 A 2014, CELTA - 2001 A 2016, COBALT - 2012 A 2020, CORSA A - 1994 A 2017, CORSA B - 2002 A 2012, CORSA PICK-UP - 1994 A 2017, CORSA WAGON - 1994 A 2017, MERIVA - 2002 A 2012, MONTANA A - 2004 A 2011, MONTANA B - 2011 A 2020, PRISMA A - 2007 A 2012
9;93376337;CABEÇOTE DO MOTOR;14;1.629,31;2.185,47;2.156,62;4.621,43;4.621,43;2;1;5;6;1;7;A;13/07/2026;20/07/2026;COPA47;A;150QA1;GM - Brasil;Não;Não;Ativo;1;
9;93378054;PARA-LAMA DIANTEIRO DIREITO;1;446,01;446,01;446,01;1.192,23;1.192,23;0;0;0;0;1;0;C;24/07/2026;30/03/2026;COPA02;C;900PB;GM - Brasil;Não;Não;Ativo;1;CELTA - 2001 A 2016, PRISMA A - 2007 A 2012
9;93378430;PARA-CHOQUE DIANTEIRO;1;493,23;470,98;643,02;1.321,20;1.321,20;0;0;0;0;0;0;D;12/12/2025;04/07/2026;DZZ03;D;500BB1;GM - Brasil;Não;Não;Ativo;1;CELTA - 2001 A 2016, PRISMA A - 2007 A 2012
9;93378434;PARA-CHOQUE TRASEIRO;2;379,36;379,36;379,36;1.014,07;1.014,07;0;2;0;0;0;1;B;01/08/2026;03/07/2026;JLL40;B;400AB;GM - Brasil;Não;Não;Ativo;1;CELTA - 2001 A 2016, PRISMA A - 2007 A 2012
9;93378437;PARA-BARRO DA RODA DIANTEIRA LE;1;122,29;122,29;146,37;323,81;323,81;0;2;2;1;0;0;B;30/07/2026;24/06/2026;JLL08;B;PARABA01;GM - Brasil;Não;Não;Ativo;1;CELTA - 2001 A 2016, PRISMA A - 2007 A 2012
9;93380242;RETENTOR VÁLVULA FRENAGEM;2;1,88;1,88;1,88;3,54;3,54;0;0;0;0;0;0;D;20/03/2025;30/05/2025;DD0341;D;112QG1;GM - Brasil;Sim;Sim;Ativo;1;ASTRA B - 1999 A 2011, BLAZER - 1996 A 2011, MERIVA - 2002 A 2012, MONTANA A - 2004 A 2011, MONTANA B - 2011 A 2020, S10 A - 1995 A 2011, VECTRA C - 2006 A 2011, ZAFIRA - 2001 A 2012
9;93381887;MANGUEIRA AR QUENTE;4;20,71;20,70;20,71;77,31;77,31;0;1;3;0;1;2;B;31/07/2026;30/06/2026;JLL46;B;109CA1;GM - Brasil;Não;Não;Ativo;1;AGILE - 2010 A 2014, CELTA - 2001 A 2016, COBALT - 2012 A 2020, CORSA A - 1994 A 2017, CORSA B - 2002 A 2012, CORSA PICK-UP - 1994 A 2017, CORSA WAGON - 1994 A 2017, MERIVA - 2002 A 2012, MONTANA A - 2004 A 2011, MONTANA B - 2011 A 2020, PRISMA A - 2007 A 2012
9;93382104;PARAFUSO DO CABEÇOTE;10;19,18;26,82;26,83;48,18;48,18;2;2;4;0;2;6;A;04/04/2026;30/07/2026;CVA129;A;107QH1;GM - Brasil;Sim;Sim;Ativo;1;AGILE - 2010 A 2014, CELTA - 2001 A 2016, COBALT - 2012 A 2020, CORSA A - 1994 A 2017, CORSA B - 2002 A 2012, CORSA PICK-UP - 1994 A 2017, CORSA WAGON - 1994 A 2017, MERIVA - 2002 A 2012, MONTANA A - 2004 A 2011, MONTANA B - 2011 A 2020, PRISMA A - 2007 A 2012
9;93382730;BOMBA DE ÓLEO;28;321,59;321,59;321,59;975,83;975,83;6;13;8;0;6;5;A;28/07/2026;01/08/2026;JLL21;A;112GG1;GM - Brasil;Não;Não;Ativo;1;Astra, Zafira 99/  Kadett 89-98  Monza 87-96  Omega 93-98  Blazer, S10 01/  Vectra 06/  Vectra 97-05
9;93383153;EMBLEMA TAMPA TRASEIRA;1;32,31;33,34;37,51;80,51;80,51;0;0;0;0;0;0;D;27/10/2025;28/10/2025;RA1004;D;108CG2;GM - Brasil;Sim;Sim;Ativo;1;CELTA - 2001 A 2016, PRISMA A - 2007 A 2012
9;93383312;PARACHOQUE DIANTEIRO;11;402,81;402,81;402,81;1.076,77;1.076,77;1;9;3;4;4;0;A;31/07/2026;30/07/2026;JLL02;A;600HA1;GM - Brasil;Não;Não;Ativo;1;VECTRA C - 2006 A 2011
9;93383625;TUBO DO COLETOR ADMISSÃO;15;19,07;26,25;19,07;67,57;67,57;14;14;7;8;8;9;A;27/07/2026;31/07/2026;JLL18;A;110SB3;GM - Brasil;Sim;Sim;Ativo;1;AGILE - 2010 A 2014, CELTA - 2001 A 2016, COBALT - 2012 A 2020, CORSA A - 1994 A 2017, CORSA B - 2002 A 2012, CORSA PICK-UP - 1994 A 2017, CORSA WAGON - 1994 A 2017, MERIVA - 2002 A 2012, MONTANA A - 2004 A 2011, MONTANA B - 2011 A 2020, PRISMA A - 2007 A 2012
9;93384185;BUCHA ISOLADOR DO RESSONADOR;5;11,58;11,58;11,58;25,07;25,07;0;0;0;5;2;0;C;07/05/2026;07/04/2026;CVA138;C;110TG1;GM - Brasil;Não;Não;Ativo;1;AGILE - 2010 A 2014, CELTA - 2001 A 2016, CORSA B - 2002 A 2012, COBALT - 2012 A 2020, CORSA A - 1994 A 2017, MERIVA - 2002 A 2012, MONTANA A - 2004 A 2011, MONTANA B - 2011 A 2020, PRISMA A - 2007 A 2012, SPIN - 2013 A 2020
9;93384469;SUPORTE GUIA PARA-CHOQUE DIANTEIRO LE;2;18,77;18,90;26,81;42,54;42,54;3;0;3;1;2;2;A;02/07/2026;29/07/2026;CVA160;A;107BA1;GM - Brasil;Não;Não;Ativo;1;CELTA - 2001 A 2016, PRISMA A - 2007 A 2012
9;93384470;SUPORTE GUIA PARA-CHOQUE DIANTEIRO LD;1;18,33;18,33;27,07;42,54;42,54;2;1;1;1;1;0;A;16/07/2026;29/07/2026;RA0716;A;111AD3;GM - Brasil;Não;Não;Ativo;1;CELTA - 2001 A 2016, PRISMA A - 2007 A 2012
9;93388516;GUARNIÇÃO CARCAÇA;4;21,70;21,79;21,70;52,09;52,09;0;0;4;0;0;3;B;29/05/2026;20/05/2026;PDS04;B;106QG1;GM - Brasil;Sim;Sim;Ativo;1;ACD 10/20/40/VERANEIO/BONANZA S10 CAB SIMPLES S10 CAB ESTEND S10 CAB DUPLA BLAZER
9;93388997;ANEL BORRACHA VEDACAO TAMPA PORTINHOLA TANQUE;3;5,06;5,12;5,06;12,85;12,85;0;0;0;0;0;0;D;03/02/2026;08/01/2026;CVA75;D;106BC1;GM - Brasil;Sim;Sim;Ativo;1;CORSA A - 1994 A 2017, CORSA PICK-UP - 1994 A 2017, CORSA WAGON - 1994 A 2017
9;93392886;PARAFUSO;3;7,80;7,80;9,04;16,75;16,75;1;1;0;1;0;1;B;;13/07/2026;;B;105PG1;GM - Brasil;Sim;Sim;Ativo;1;
9;93397790;JUNTA COLETOR ADMISSÃO;34;8,91;12,15;12,03;33,08;33,08;8;4;24;18;16;8;A;05/06/2026;22/07/2026;MAL54;A;109CK1;GM - Brasil;Sim;Sim;Ativo;1;AGILE - 2010 A 2014, CELTA - 2001 A 2016, COBALT - 2012 A 2020, CORSA A - 1994 A 2017, CORSA B - 2002 A 2012, CORSA PICK-UP - 1994 A 2017, CORSA WAGON - 1994 A 2017, MERIVA - 2002 A 2012, MONTANA A - 2004 A 2011, MONTANA B - 2011 A 2020, ONIX - 2013 A 2019, PRISMA A - 2007 A 2012, PRISMA B - 2013 A 2019, SPIN - 2013 A 2020
9;93397793;VÁLVULA SOLENÓIDE CÂNISTER;6;93,95;91,09;93,95;442,24;442,24;2;4;3;3;2;2;A;27/07/2026;28/07/2026;JLL18;A;109AC2;GM - Brasil;Não;Não;Ativo;1;AGILE - 2010 A 2014, BLAZER - 1996 A 2011, CELTA - 2001 A 2016, CORSA B - 2002 A 2012, COBALT - 2012 A 2020, CORSA A - 1994 A 2017, MERIVA - 2002 A 2012, MONTANA A - 2004 A 2011, MONTANA B - 2011 A 2020, PRISMA A - 2007 A 2012, S10 A - 1995 A 2011, S10 B - 2012 A 2020, SPIN - 2013 A 2020, TRAILBLAZER - 2013 A 2020, VECTRA C - 2006 A 2011, ZAFIRA - 2001 A 2012
9;93398969;VIRABREQUIM MOTOR 1.0;368;648,03;602,38;845,09;2.019,80;2.019,80;67;31;109;104;90;97;A;28/04/2026;03/08/2026;ABRR11;A;125AA1;GM - Brasil;Não;Não;Ativo;1;CELTA - 2009 A 2016, CORSA - 1994 A 2017, CORSA NOVO - 2002 A 2012, MERIVA - 2002 A 2012, MONTANA - 2004 A 2011, ONIX - 2013 A 2021, PRISMA - 2009 A 2012, PRISMA - 2013 A 2021
9;94215211;PRESILHA GRAMPO GRADE DIANTEIRA;106;4,37;4,39;5,02;9,21;9,21;0;31;64;15;55;26;A;13/07/2026;16/06/2026;CVA160;A;112CC2;GM - Brasil;Sim;Sim;Ativo;1;ONIX - 2013 A 2019, PRISMA B - 2013 A 2019, S10 B - 2012 A 2020, TRAILBLAZER - 2013 A 2020
9;94221150;RETENTOR DE CAIXA DE RODA;5;1,32;1,32;1,32;10,50;10,50;10;6;7;0;4;0;A;29/07/2026;20/07/2026;RA0722;A;105AK2;GM - Brasil;Sim;Sim;Ativo;1;S10 B - 2012 A 2020, TRAILBLAZER - 2013 A 2020
9;94509521;COBERTURA PARA-CHOQUE DIANTEIRO;2;350,98;350,98;428,37;938,21;938,21;1;1;1;1;1;1;A;26/06/2026;27/07/2026;LOT11M;A;600DC1;GM - Brasil;Não;Não;Ativo;1;CRUZE A  - 2012 A 2016
9;94537649;EMBLEMA DA GRADE DIANTEIRA;3;157,29;157,29;230,06;366,07;366,07;1;0;0;1;2;2;A;28/03/2026;22/07/2026;CVA118;A;111PC1;GM - Brasil;Sim;Sim;Ativo;1;SPIN - 2019 A 2021
9;94604482;LÂMPADA;6;9,34;9,53;8,52;15,09;15,09;0;2;1;3;0;0;A;25/06/2026;16/06/2026;;A;144QC2;GM - Brasil;Sim;Sim;Ativo;1;KADETT - 1989 A 1998, MONZA - 1982 A 1996, OPALA - 1969 A 1992, S10 A - 1995 A 2011
9;94615825;LÂMPADA;8;2,13;3,81;2,39;12,80;12,80;7;9;6;3;1;7;A;08/07/2026;29/07/2026;RA0677;A;144QC3;GM - Brasil;Sim;Sim;Ativo;1;ASTRA A - 1995 A 1996, BLAZER - 1996 A 2011, CALIBRA - 1994 A 1995, CAMINHOES - 1985 A 1996, CHEVETTE - 1973 A 1994, CORSA A - 1994 A 2017, CORSA B - 2002 A 2012, CORSA PICK-UP - 1994 A 2017, CORSA WAGON - 1994 A 2017, GMC - 1996 A 2002, GRAND BLAZER - 1997 A 2002, KADETT - 1989 A 1998, MONTANA A - 2004 A 2011, MONZA - 1982 A 1996, OMEGA A - 1993 A 1998, OPALA - 1969 A 1992, S10 A - 1995 A 2011, TIGRA - 1998 A 2000, UTILITARIOS - 1985 A 1996, VECTRA A - 1994 A 1996, VECTRA B - 1997 A 2005
9;94702726;MOLDURA PARACHOQUE DIANTEIRO;6;291,67;293,35;291,67;658,68;658,68;0;4;0;1;1;1;A;14/07/2026;27/06/2026;CVA170;A;900GA;GM - Brasil;Não;Não;Ativo;1;BLAZER - 1996 A 2011, S10 A - 1995 A 2011
9;94703196;CALOTA CENTRAL;4;40,87;59,29;42,19;99,90;99,90;0;0;0;2;0;0;D;24/11/2025;20/04/2026;ACLC01;D;107SH1;GM - Brasil;Não;Não;Ativo;1;AGILE - 2010 A 2014, CELTA - 2001 A 2016, COBALT - 2012 A 2020, CORSA A - 1994 A 2017, CORSA PICK-UP - 1994 A 2017, CORSA WAGON - 1994 A 2017, MONTANA B - 2011 A 2020, ONIX - 2013 A 2019, PRISMA A - 2007 A 2012, PRISMA B - 2013 A 2019, VECTRA C - 2006 A 2011
9;94705159;SUPORTE GUIA PARA-CHOQUE LE;2;33,13;38,66;38,66;74,39;74,39;0;0;1;1;2;0;B;26/05/2026;20/05/2026;RA0579;B;107GG2;GM - Brasil;Não;Não;Ativo;1;AGILE - 2010 A 2014, MONTANA B - 2011 A 2020
9;94706450;EMBLEMA TAMPA TRASEIRA;9;62,93;87,36;84,37;134,24;134,24;4;7;3;3;4;3;A;02/07/2026;31/07/2026;CVA161;A;105RD1;GM - Brasil;Sim;Sim;Ativo;1;S10 B - 2012 A 2020
9;94706508;FAROL LADO DIREITO;5;507,03;507,03;658,99;1.470,61;1.470,61;0;2;0;2;1;1;A;10/07/2026;07/07/2026;COPA38;A;BOX 03;GM - Brasil;Não;Não;Ativo;1;AGILE - 2010 A 2014, MONTANA B - 2011 A 2020
9;94706509;FAROL DIANTEIRO ESQUERDO;4;506,61;680,13;658,56;1.470,61;1.470,61;2;1;0;1;1;2;A;09/07/2026;27/07/2026;COPA55;A;BOX 10;GM - Brasil;Não;Não;Ativo;1;AGILE - 2010 A 2014, MONTANA B - 2011 A 2020
9;94706854;EMBLEMA TAMPA TRASEIRA;17;35,52;28,92;40,85;75,30;75,30;6;5;3;5;8;4;A;05/06/2026;03/08/2026;CVA16M;A;107CG1;GM - Brasil;Sim;Sim;Ativo;1;AGILE - 2010 A 2014, CELTA - 2001 A 2016, CORSA A - 1994 A 2017, CORSA B - 2002 A 2012, CORSA PICK-UP - 1994 A 2017, CORSA WAGON - 1994 A 2017, MERIVA - 2002 A 2012, MONTANA A - 2004 A 2011, MONTANA B - 2011 A 2020, ONIX - 2013 A 2019, PRISMA A - 2007 A 2012
9;94706867;CAPA ESPELHO RETROVISOR LE;1;102,69;102,69;93,00;284,12;284,12;0;0;0;0;0;0;D;10/11/2025;10/11/2025;CICAL COB..VENDA;D;111BL1;GM - Brasil;Sim;Sim;Ativo;1;AGILE - 2010 A 2014, MONTANA B - 2011 A 2020
9;94708088;PARA-CHOQUE TRASEIRO;2;327,32;327,46;327,32;875,31;875,31;0;2;0;1;0;0;B;01/08/2026;26/06/2026;JLL40;B;600DB1;GM - Brasil;Não;Não;Ativo;1;VECTRA C - 2006 A 2011
9;94708477;COIFA AMORTECEDOR DIANTEIRO;8;26,00;26,01;26,00;84,44;84,44;8;4;4;4;4;2;A;16/07/2026;01/08/2026;COPA55;A;111QJ1;GM - Brasil;Não;Não;Ativo;1;S10 B - 2012 A 2020, TRAILBLAZER - 2013 A 2020
9;94708484;BUCHA SUPERIOR AMORTECEDOR LE;25;23,25;31,14;32,21;74,86;74,86;13;0;6;9;21;4;A;09/07/2026;01/08/2026;COPA55;A;107GK1;GM - Brasil;Não;Não;Ativo;1;S10 B - 2012 A 2020, TRAILBLAZER - 2013 A 2020
9;94711956;ATUADOR HIDRÁULICO EMBREAGEM;6;291,46;391,58;391,58;700,76;700,76;2;0;0;0;0;0;C;13/09/2024;22/07/2026;7TB01;C;114AB;GM - Brasil;Não;Não;Ativo;1;S10 B - 2012 A 2020
9;94713409;CALOTINHA CENTRAL DAS RODAS;2;86,50;154,62;154,62;220,41;220,41;0;0;1;0;2;2;B;07/05/2026;03/06/2026;ABRR56;B;112DG1;GM - Brasil;Não;Não;Ativo;1;
9;94713812;CORREIA DO ALTERNADOR;1;63,82;63,20;88,01;188,47;188,47;0;0;0;0;1;1;C;14/10/2025;06/03/2026;OTT20;C;110CJ1;GM - Brasil;Sim;Sim;Ativo;1;S10 B - 2012 A 2020
9;94713815;CAPA DA CORREIA DENTADA INTERNA;1;46,54;46,54;46,54;111,75;111,75;1;0;0;0;0;1;C;31/07/2026;17/07/2026;RA0724;C;160XC1;GM - Brasil;Não;Não;Ativo;1;S-10 - 2012 A 2016
9;94714575;DEFLETOR AR VENTILADOR RADIADOR;10;293,47;398,31;398,32;983,33;983,33;4;3;4;2;5;5;A;02/07/2026;08/07/2026;COPA43;A;900HA;GM - Brasil;Sim;Sim;Ativo;1;S10 B - 2012 A 2020, TRAILBLAZER - 2013 A 2020
9;94716141;PARA-CHOQUE DIANTEIRO;6;309,78;309,78;309,78;828,07;828,07;9;1;2;2;3;4;A;28/07/2026;28/07/2026;JLL02;A;600AA1;GM - Brasil;Não;Não;Ativo;1;VECTRA C - 2006 A 2011
9;94716269;RADIADOR;10;1.482,46;1.973,31;1.924,43;4.244,87;4.244,87;1;1;4;1;3;2;A;08/07/2026;23/07/2026;COPA43;A;900GB;GM - Brasil;Não;Não;Ativo;1;S10 B - 2012 A 2020, TRAILBLAZER - 2013 A 2020
9;94716493;PARABARRO DIANTEIRO ESQUERDO;65;61,42;65,52;61,42;147,90;147,90;27;32;26;50;33;34;A;28/07/2026;30/07/2026;JLL37;A;163BA1;GM - Brasil;Não;Não;Ativo;1;S10 B - 2012 A 2020, TRAILBLAZER - 2013 A 2020
9;94716494;LAMEIRO DIANTEIRO DIREITO;58;59,68;87,89;86,88;147,90;147,90;29;29;27;49;34;36;A;16/07/2026;31/07/2026;CPGM02;A;162RC1;GM - Brasil;Não;Não;Ativo;1;S10 B - 2012 A 2020, TRAILBLAZER - 2013 A 2020
9;94716502;EMBLEMA 1.4 TAMPA TRASEIRA;1;5,25;3,56;4,07;8,77;8,77;1;0;0;1;2;0;B;29/05/2026;27/07/2026;CVA02M;B;105QC1;GM - Brasil;Sim;Sim;Ativo;1;AGILE - 2010 A 2014, CELTA - 2001 A 2016, CORSA A - 1994 A 2017, CORSA B - 2002 A 2012, CORSA PICK-UP - 1994 A 2017, CORSA WAGON - 1994 A 2017, MERIVA - 2002 A 2012, MONTANA A - 2004 A 2011, MONTANA B - 2011 A 2020, ONIX - 2013 A 2019, PRISMA A - 2007 A 2012
9;94716728;EMBLEMA TAMPA TRASEIRA;1;50,91;50,91;76,67;103,57;103,57;0;0;1;0;0;1;C;02/06/2026;15/05/2026;CVA04M;C;107BG1;GM - Brasil;Sim;Sim;Ativo;1;CORSA A - 1994 A 2017, CORSA PICK-UP - 1994 A 2017, CORSA WAGON - 1994 A 2017
9;94716756;CORREIA ALTERNADOR;1;52,64;52,64;52,64;106,90;106,90;1;0;1;1;0;0;B;30/07/2026;29/07/2026;DD0766;B;111PC2;GM - Brasil;Sim;Sim;Ativo;1;AGILE - 2010 A 2014, MONTANA B - 2011 A 2020
9;94716850;EMBREAGEM VISCOSA VENTOINHA;1;516,90;516,90;516,90;990,15;990,15;0;0;0;0;0;0;D;16/07/2026;15/04/2024;DD0711;D;152BC1;GM - Brasil;Não;Não;Ativo;1;
9;94717080;BIELETA ESQUERDA;32;64,41;64,29;64,41;193,05;193,05;6;7;13;2;8;2;A;23/06/2026;29/07/2026;COPA05;A;110PA1;GM - Brasil;Não;Não;Ativo;1;S10 B - 2012 A 2020, TRAILBLAZER - 2013 A 2020
9;94717081;BIELETA DIANTEIRA DIREITO;19;64,29;64,29;87,46;193,05;193,05;5;4;5;2;6;1;A;23/06/2026;29/07/2026;COPA05;A;110DB1;GM - Brasil;Não;Não;Ativo;1;S10 B - 2012 A 2020, TRAILBLAZER - 2013 A 2020
9;94717356;GARFO RÉ;1;62,32;53,61;79,43;155,25;27,17;0;0;0;0;0;0;D;06/11/2023;06/11/2023;NF846707BHZ;D;109DG2;GM - Brasil;Não;Não;Ativo;1;AGILE - 2010 A 2014, ASTRA - 1999 A 2011, CELTA - 2003 A 2016, COBALT - 2012 A 2013, CORSA - 2000 A 2017, CORSA NOVO - 2002 A 2012, MERIVA - 2002 A 2012, MONTANA - 2004 A 2011, MONTANA NOVA - 2011 A 2013, ONIX - 2013 A 2021, ONIX NOVO - 2020 A 2020, PRISMA - 2007 A 2012, PRISMA - 2013 A 2021, SPIN - 2013 A 2013, TIGRA - 1998 A 2000, VECTRA - 2004 A 2005, VECTRA - 2006 A 2010, ZAFIRA - 2001 A 2012
9;94717442;MOLDURA INFERIOR CROMADA DA GRADE;1;338,11;509,56;338,11;827,88;274,54;0;0;0;0;0;0;D;28/04/2025;16/04/2025;RIL43;D;151PA1;GM - Brasil;Não;Não;Ativo;1;AGILE - 2010 A 2014, MONTANA B - 2011 A 2020
9;94717479;GRADE PARA-CHOQUE LE;2;12,46;12,46;12,46;27,97;27,97;2;2;0;0;1;2;A;29/07/2026;20/07/2026;RA0724;A;110RG1;GM - Brasil;Não;Não;Ativo;1;S10 B - 2012 A 2020
9;94717480;MOLDURA FAROL MILHA LD;3;12,46;12,47;12,46;27,97;27,97;5;2;1;1;2;1;A;29/07/2026;16/07/2026;RA0722;A;110QD1;GM - Brasil;Não;Não;Ativo;1;S10 B - 2012 A 2020
9;94721503;MOLDURA FAROL NEBLINA DIANT ESQ;1;64,76;64,76;98,89;145,42;145,42;0;0;0;0;0;0;D;20/07/2026;17/01/2025;DD0732;D;160CA1;GM - Brasil;Não;Não;Ativo;1;MONTANA B - 2011 A 2020
9;94722019;POLIA REGULADORA CORREIA;7;80,26;80,37;107,27;205,53;205,53;1;2;4;1;2;2;A;28/07/2026;16/07/2026;JLL17;A;108AB1;GM - Brasil;Não;Não;Ativo;1;S10 B - 2012 A 2020, TRAILBLAZER - 2013 A 2020
9;94722461;ENCHIMENTO TAMPA TANQUE COMB;1;257,97;226,78;257,97;563,78;140,50;0;0;0;0;0;0;D;30/09/2024;;ZZ0975;D;160XC1;GM - Brasil;Não;Não;Ativo;1;
9;94724344;VARETA DE NÍVEL DO ÓLEO;10;52,72;52,76;52,72;121,94;121,94;0;2;5;1;3;3;A;03/07/2026;18/06/2026;RA0677;A;107HA1;GM - Brasil;Sim;Sim;Ativo;1;BLAZER - 2003 A 2011, S-10 - 2003 A 2011
9;94725342;MOLDURA FAROLETE DIANT LD;3;100,33;134,49;134,49;218,63;218,63;0;2;2;1;0;0;B;03/07/2026;22/06/2026;RA0677;B;110AG3;GM - Brasil;Não;Não;Ativo;1;S10 B - 2012 A 2020
9;94725472;RESERVATÓRIO ÁGUA DO RADIADOR;9;138,90;138,90;186,21;265,44;265,44;4;8;11;5;7;4;A;13/07/2026;22/07/2026;CVA170;A;160CA1;GM - Brasil;Não;Não;Ativo;1;S-10 - 2012 A 2021, TRAILBLAZER - 2013 A 2021
9;94725757;ANTI-RUÍDO TRASEIRO LE;1;16,92;16,92;16,92;53,15;53,15;0;0;0;0;0;0;D;09/07/2025;10/07/2025;DDJ689;D;107HK1;GM - Brasil;Não;Não;Ativo;1;ONIX - 2013 A 2016, PRISMA - 2013 A 2016, SPIN - 2013 A 2016
9;94726354;BOMBA LIMPADOR PARABRISA;9;102,25;102,59;133,34;183,12;183,12;5;8;2;1;9;3;A;13/07/2026;29/07/2026;CVA162;A;105DD1;GM - Brasil;Não;Não;Ativo;1;S10 B - 2012 A 2020
9;94726683;TAMPA FURO PARACHOQUE TRAS;1;17,76;23,82;23,82;40,68;40,68;1;0;0;1;0;1;B;28/03/2026;07/07/2026;CVA120;B;111PC1;GM - Brasil;Não;Não;Ativo;1;S-10 - 2012 A 2021
9;94726697;CALOTA MIOLO DE RODA;15;71,09;72,33;71,09;185,60;185,60;0;100;13;5;3;3;A;13/12/2024;15/07/2026;NVV36;A;114AC1;GM - Brasil;Não;Não;Ativo;1;AGILE - 2010 A 2014, ASTRA - 1999 A 2011, CELTA - 2001 A 2016, COBALT - 2012 A 2020, CORSA - 2011 A 2017, CORSA NOVO - 2002 A 2012, MERIVA - 2002 A 2012, MONTANA - 2004 A 2011, MONTANA NOVA - 2011 A 2020, OMEGA - 1993 A 1998, ONIX - 2013 A 2020, ONIX NOVO - 2020 A 2020, PRISMA - 2007 A 2012, PRISMA - 2013 A 2020, SPIN - 2017 A 2021, TIGRA - 1998 A 2000, TRACKER 3 - 2021 A 2021, VECTRA - 2004 A 2005, VECTRA - 2006 A 2011, ZAFIRA - 2001 A 2012
9;94727804;EMBLEMA TAMPA TRASEIRA;2;82,18;107,85;107,85;169,09;169,09;0;0;0;1;0;0;C;25/04/2026;13/04/2026;RA0449;C;110AG1;GM - Brasil;Sim;Sim;Ativo;1;TRAILBLAZER - 2013 A 2020
9;94728285;DEFLETOR AR RADIADOR DIR;2;50,22;46,35;50,22;104,31;104,31;2;1;3;0;0;0;B;28/07/2026;27/07/2026;RA0722;B;161CB1;GM - Brasil;Não;Não;Ativo;1;S10 B - 2012 A 2020, TRAILBLAZER - 2013 A 2020
9;94728352;INTERRUPTOR ABERTURA PORTA;15;50,83;51,10;51,10;65,99;65,99;10;8;13;1;10;16;A;08/07/2026;01/08/2026;CVA162;A;106CC1;GM - Brasil;Não;Não;Ativo;1;S10 B - 2012 A 2020, TRAILBLAZER - 2013 A 2020
9;94729221;GUARDA-BARRO TRASEIRO ESQ;2;65,52;65,52;65,52;206,90;206,90;2;0;1;0;0;2;B;29/07/2026;21/07/2026;RA0725;B;163PB3;GM - Brasil;Não;Não;Ativo;1;TRAILBLAZER - 2013 A 2020
9;94729222;GUARDA-BARRO TRASEIRO LD;2;78,64;65,52;78,64;206,90;206,90;1;0;1;0;0;2;B;28/07/2026;20/07/2026;RA0724;B;160DB1;GM - Brasil;Não;Não;Ativo;1;TRAILBLAZER - 2013 A 2020
9;94729288;FITA TRASEIRA LD;3;83,77;78,42;83,77;186,87;186,87;0;0;1;0;0;0;C;29/05/2026;22/05/2026;RA0580;C;111RD1;GM - Brasil;Sim;Sim;Ativo;1;S10 B - 2012 A 2020, TRAILBLAZER - 2013 A 2020
9;94729816;CAPA DA CORREIA DENTADA;5;22,17;22,17;36,05;64,28;64,28;2;6;0;2;2;2;A;08/07/2026;29/07/2026;CVA160;A;110BD1;GM - Brasil;Não;Não;Ativo;1;COBALT - 2012 A 2020, MONTANA B - 2011 A 2020, ONIX - 2013 A 2019, PRISMA B - 2013 A 2019
9;94729918;DOBRADIÇA ESQUERDA CAPÔ;2;70,31;69,24;70,31;150,68;150,68;1;2;0;0;0;1;B;28/07/2026;17/07/2026;RA0723;B;113BG2;GM - Brasil;Sim;Sim;Ativo;1;COBALT - 2012 A 2020
9;94730958;MOLDURA GRADE DIANTEIRA;7;223,20;293,50;297,27;593,34;593,34;2;2;1;1;3;2;A;13/07/2026;24/07/2026;COPA47;A;163HC1;GM - Brasil;Não;Não;Ativo;1;COBALT - 2012 A 2020
9;94730963;TAMPA DO REBOQUE DO PARACHOQUE;2;20,24;19,84;26,40;46,01;46,01;1;2;1;0;0;0;B;16/07/2026;21/07/2026;RA0717;B;111BJ1;GM - Brasil;Não;Não;Ativo;1;COBALT - 2012 A 2020
9;94732524;JOGO DE PALHETAS;2;81,66;81,65;104,06;238,69;238,69;0;1;0;1;1;1;B;02/04/2026;19/06/2026;NMA49;B;144SA1;GM - Brasil;Não;Não;Ativo;1;COBALT - 2012 A 2020
9;94732912;MANOPLA ALAVANCA CAMBIO AUTOMATICO;39;265,84;265,97;265,84;655,24;655,24;6;0;7;27;31;13;A;05/06/2026;27/07/2026;CVA11M;A;111GA1;GM - Brasil;Sim;Sim;Ativo;1;S-10 - 2012 A 2021, TRAILBLAZER - 2013 A 2021
9;94733018;CAPA PEDAL FREIO;4;13,43;18,09;17,91;30,30;30,30;2;4;4;4;0;4;A;02/06/2026;15/07/2026;PDS02;A;105AJ2;GM - Brasil;Não;Não;Ativo;1;COBALT - 2012 A 2020, ONIX - 2013 A 2019, PRISMA B - 2013 A 2019
9;94733164;MANGUEIRA FILTRO AR;4;129,65;129,64;129,65;486,33;486,33;0;1;0;1;1;1;B;31/07/2026;14/04/2026;JLL46;B;108XH1;GM - Brasil;Não;Não;Ativo;1;COBALT - 2012 A 2020
9;94733258;BUCHA BARRA ESTABILIZADORA DIANT;9;53,15;52,74;68,74;169,90;169,90;0;2;2;0;0;6;B;13/07/2026;15/06/2026;COPA47;B;108QA2;GM - Brasil;Não;Não;Ativo;1;COBALT - 2012 A 2020, ONIX - 2013 A 2019, PRISMA B - 2013 A 2019
9;94733308;RADIADOR;1;1.224,16;1.224,16;1.641,47;3.765,39;3.765,39;0;1;1;0;0;0;C;03/07/2026;10/06/2026;COPA40;C;163TC1;GM - Brasil;Não;Não;Ativo;1;COBALT - 2012 A 2020, ONIX - 2013 A 2019, PRISMA B - 2013 A 2019, SPIN - 2013 A 2020
9;94733371;ISOPOR ABSORVEDOR IMPACTO;2;114,34;161,42;156,64;262,25;262,25;0;0;0;0;1;0;D;30/10/2025;26/03/2026;RA1008;D;162DC1;GM - Brasil;Não;Não;Ativo;1;CELTA - 2001 A 2016
9;94733839;SUPORTE CENTRAL PARACHOQUE PAINEL DIANT;4;201,76;206,36;201,76;464,46;464,46;0;2;1;3;0;1;A;02/07/2026;29/06/2026;CVA161;A;162WB1;GM - Brasil;Não;Não;Ativo;1;AGILE - 2010 A 2014, CELTA - 2001 A 2016, CORSA A - 1994 A 2017, MONTANA B - 2011 A 2020, PRISMA A - 2007 A 2012
9;94734426;PARA-CHOQUE DIANTEIRO;6;551,08;550,66;551,08;1.475,46;1.475,46;3;2;3;3;2;2;A;31/07/2026;29/07/2026;JLL02;A;500DB1;GM - Brasil;Não;Não;Ativo;1;CELTA - 2001 A 2016, PRISMA A - 2007 A 2012
9;94734430;GRADE DIANTEIRA;2;79,45;79,44;79,45;215,42;215,42;1;1;2;2;0;0;A;29/07/2026;29/07/2026;COPA40;A;160DC1;GM - Brasil;Não;Não;Ativo;1;CELTA - 2001 A 2016, PRISMA A - 2007 A 2012
9;94734435;MOLDURA INFERIOR DA GRADE DIANTEIRA;1;86,70;86,70;86,70;160,72;160,72;1;1;1;1;0;0;B;18/06/2026;29/07/2026;RA0670;B;160XB1;GM - Brasil;Não;Não;Ativo;1;CELTA - 2001 A 2016, PRISMA A - 2007 A 2012
9;94734436;MOLDURA CROMADA GRADE INFERIOR;1;136,46;182,92;182,93;314,16;314,16;1;0;0;1;0;2;B;28/04/2026;08/07/2026;ABRR36;B;163CC1;GM - Brasil;Não;Não;Ativo;1;CELTA - 2001 A 2016, PRISMA A - 2007 A 2012
9;94735014;CALOTA ARO 13;4;69,57;69,57;69,57;190,95;190,95;3;0;1;2;3;0;B;29/07/2026;24/07/2026;JLL23;B;159JA1;GM - Brasil;Não;Não;Ativo;1;CELTA - 2001 A 2016, PRISMA A - 2007 A 2012
9;94735548;TAMPA ACESSO LÂMPADA FAROL DIR;3;32,01;32,75;32,01;73,22;73,22;1;0;0;1;2;0;B;07/05/2026;20/04/2026;CVA138;B;109DH3;GM - Brasil;Não;Não;Ativo;1;S10 B - 2012 A 2020, TRAILBLAZER - 2013 A 2020
9;94735548;TAMPA ACESSO LÂMPADA FAROL DIR;3;32,01;32,75;32,01;73,22;73,22;1;0;0;1;2;0;B;07/05/2026;20/04/2026;CVA138;B;109HD2;GM - Brasil;Não;Não;Ativo;1;S10 B - 2012 A 2020, TRAILBLAZER - 2013 A 2020
9;94735549;TAMPA ACESSO LÂMPADA FAROL ESQ;5;34,16;34,35;34,16;74,49;74,49;0;0;3;2;3;0;A;05/06/2026;26/05/2026;CVA16M;A;107AK2;GM - Brasil;Não;Não;Ativo;1;S10 B - 2012 A 2020, TRAILBLAZER - 2013 A 2020
9;94735742;CAPÔ DO MOTOR;3;1.346,66;1.397,27;1.706,08;3.608,52;3.608,52;1;4;0;3;1;1;A;08/07/2026;20/07/2026;COPA26;A;199AC1;GM - Brasil;Não;Não;Ativo;1;CORSA A - 1994 A 2017, CORSA PICK-UP - 1994 A 2017, CORSA WAGON - 1994 A 2017
9;94736156;RESERVATÓRIO ÁGUA DO RADIADOR;7;53,96;74,20;53,96;124,50;124,50;7;3;4;4;12;1;A;03/07/2026;31/07/2026;CVA160;A;109GA1;GM - Brasil;Não;Não;Ativo;1;AGILE - 2010 A 2014, CELTA - 2001 A 2016, MONTANA B - 2011 A 2020, PRISMA A - 2007 A 2012
9;94737296;VIDRO ESPELHO RETROVISOR ESQ;1;80,45;80,45;80,45;266,97;266,97;0;0;0;0;0;0;D;06/01/2026;18/12/2025;DZZ42;D;106PJ1;GM - Brasil;Não;Não;Ativo;1;SPIN - 2013 A 2021
9;94737468;PARA-CHOQUE TRASEIRO;4;599,74;596,38;831,05;1.761,96;1.761,96;3;1;3;3;2;2;A;20/07/2026;29/07/2026;LOT11M;A;400BA;GM - Brasil;Não;Não;Ativo;1;CORSA A - 1994 A 2017
9;94737498;PARA-CHOQUE DIANTEIRO;4;397,53;389,19;397,53;1.040,33;1.040,33;2;1;0;3;2;1;A;03/07/2026;28/07/2026;LOT11M;A;400AB;GM - Brasil;Não;Não;Ativo;1;CORSA A - 1994 A 2017, CORSA WAGON - 1994 A 2017
9;94737634;PARA-CHOQUE TRASEIRO;1;590,30;693,50;734,50;1.491,86;1.491,86;0;0;1;1;0;0;C;22/05/2026;22/05/2026;ORCA TAG TELEP;C;600DC1;GM - Brasil;Não;Não;Ativo;1;PRISMA A - 2007 A 2012
9;94738259;CAPÔ DO MOTOR;5;1.006,26;1.034,05;1.006,26;2.668,78;2.668,78;0;2;2;2;0;1;A;02/07/2026;26/06/2026;COPA26;A;199AB1;GM - Brasil;Não;Não;Ativo;1;CELTA - 2001 A 2016, PRISMA A - 2007 A 2012
9;94738731;EMBLEMA DA TAMPA TRASEIRA;2;43,26;56,65;55,69;87,98;87,98;1;1;1;3;1;2;A;26/06/2026;31/07/2026;CVA151;A;109AH2;GM - Brasil;Sim;Sim;Ativo;1;COBALT - 2012 A 2020
9;94740331;PINO;1;99,68;99,68;99,68;228,29;228,29;0;0;0;0;0;0;D;14/10/2025;31/07/2025;CVC02;D;112PB1;GM - Brasil;Não;Não;Ativo;1;CELTA - 2001 A 2016, CORSA A - 1994 A 2017, CORSA PICK-UP - 1994 A 2017, CORSA WAGON - 1994 A 2017, PRISMA A - 2007 A 2012
9;94744060;KIT SENSOR ESTACIONAMENTO;10;362,00;522,63;520,06;1.200,89;1.200,89;2;12;9;3;6;9;A;17/06/2026;15/07/2026;;A;1SALA J2;GM - Brasil;Não;Não;Ativo;1;ASTRA B - 1999 A 2011, CELTA - 2001 A 2016, COBALT - 2012 A 2020, CORSA A - 1994 A 2017, ONIX - 2013 A 2019, PRISMA A - 2007 A 2012, SPIN - 2013 A 2020, VECTRA C - 2006 A 2011, ZAFIRA - 2001 A 2012
9;94744071;EMBLEMA TAMPA TRASEIRA;2;52,30;52,41;52,30;109,88;109,88;3;2;0;1;0;0;A;29/07/2026;31/07/2026;RA0722;A;108AG2;GM - Brasil;Sim;Sim;Ativo;1;SPIN - 2013 A 2021
9;94744080;GRADE DIANTEIRA;1;94,16;94,16;94,16;254,74;254,74;0;0;0;1;0;0;C;28/07/2026;29/04/2026;COPA01;C;161QC1;GM - Brasil;Não;Não;Ativo;1;MONTANA B - 2011 A 2020
9;94744776;DEFLETOR SUPERIOR RADIADOR;2;111,05;111,05;154,43;249,95;249,95;0;1;0;1;1;0;B;29/07/2026;17/06/2026;CVA170;B;160BA1;GM - Brasil;Não;Não;Ativo;1;COBALT - 2012 A 2015
9;94745285;RETENTOR DO PARA-CHOQUE TRASEIRO LD;1;15,17;21,18;18,64;35,48;35,48;0;0;0;0;0;0;D;27/12/2024;22/07/2025;RA1267;D;111QJ3;GM - Brasil;Não;Não;Ativo;1;CORSA A - 1994 A 2017
9;94746307;DEFLETOR AGUA PORTA DIANT LE;1;60,90;20,71;26,93;46,48;46,48;1;0;1;1;2;1;A;28/04/2026;24/07/2026;CVA130;A;107HB1;GM - Brasil;Não;Não;Ativo;1;ONIX - 2013 A 2019, PRISMA B - 2013 A 2019
9;94746309;PESTANA EXTERNA PORTA DIANTEIRA LE;1;93,16;131,54;127,87;220,71;220,71;4;1;0;1;0;2;A;29/07/2026;31/07/2026;JLL10;A;161RC1;GM - Brasil;Não;Não;Ativo;1;ONIX - 2013 A 2019, PRISMA B - 2013 A 2019
9;94746356;VEDADOR LE;2;62,69;52,30;62,69;132,08;132,08;0;0;0;0;0;0;D;05/03/2024;02/01/2026;DD0253 LORIVAL;D;111SH1;GM - Brasil;Não;Não;Ativo;1;COBALT - 2012 A 2020
9;94746846;GUARNIÇÃO DE BORRACHA PORTA;1;266,09;266,09;266,09;595,24;595,24;1;0;0;0;0;0;C;22/05/2026;24/07/2026;DD0540;C;162TC1;GM - Brasil;Não;Não;Ativo;1;ONIX - 2013 A 2019, PRISMA B - 2013 A 2019
9;94746850;BORRACHA DA TAMPA PORTA MALAS;8;182,70;182,64;240,55;429,33;429,33;1;2;5;1;1;0;A;30/07/2026;06/07/2026;JLL10;A;161RC1;GM - Brasil;Não;Não;Ativo;1;PRISMA B - 2013 A 2019
9;94746851;BORRACHA DA TAMPA PORTA MALAS;3;254,42;236,08;331,70;598,05;598,05;1;1;2;1;0;0;B;30/07/2026;31/07/2026;JLL10;B;160CA1;GM - Brasil;Não;Não;Ativo;1;ONIX - 2013 A 2019
9;94746980;ABSORVEDOR IMPACTO PARACHOQUE;8;134,89;134,89;134,89;365,80;365,80;0;5;2;2;1;1;A;31/07/2026;18/06/2026;JLL42;A;162DC1;GM - Brasil;Não;Não;Ativo;1;ONIX - 2013 A 2019
9;94747609;SUPORTE DO PARACHOQUE ESQUERDO;1;47,84;48,04;47,84;107,63;107,63;7;4;2;0;0;2;A;29/07/2026;30/07/2026;RA0722;A;111QG2;GM - Brasil;Não;Não;Ativo;1;ONIX - 2013 A 2019, PRISMA B - 2013 A 2019
9;94747610;SUPORTE PARALAMA DIREITO;2;50,33;48,04;50,33;107,63;107,63;4;2;1;0;2;3;A;30/07/2026;30/07/2026;RA0726;A;110RJ1;GM - Brasil;Não;Não;Ativo;1;ONIX - 2013 A 2019, PRISMA B - 2013 A 2019
9;94747618;DOBRADICA ESQUERDO CAPO;4;89,29;89,34;89,29;188,57;188,57;3;7;1;3;1;4;A;29/07/2026;30/07/2026;RA0722;A;110QJ1;GM - Brasil;Sim;Sim;Ativo;1;ONIX - 2013 A 2019, PRISMA B - 2013 A 2019
9;94747619;DOBRADICA DIREITO CAPO;4;89,26;72,55;89,26;188,57;188,57;2;8;4;2;1;4;A;08/07/2026;03/08/2026;CVA161;A;108DC1;GM - Brasil;Sim;Sim;Ativo;1;ONIX - 2013 A 2019, PRISMA B - 2013 A 2019
9;94747898;EMBLEMA DA GRADE DIANTEIRA;3;130,88;183,05;149,67;274,48;274,48;2;6;1;2;4;3;A;08/07/2026;29/07/2026;CVA162;A;108TH1;GM - Brasil;Sim;Sim;Ativo;1;ONIX - 2013 A 2019, PRISMA B - 2013 A 2019
9;94747899;EMBLEMA PRISMA TAMPA TRASEIRA;12;27,90;28,05;27,90;69,54;69,54;6;6;7;1;7;6;A;13/07/2026;03/08/2026;CVA161;A;109GK2;GM - Brasil;Sim;Sim;Ativo;1;PRISMA B - 2013 A 2019
9;94747905;EMBLEMA TAMPA TRASEIRA ONIX;12;39,10;31,91;31,91;97,10;97,10;2;5;4;7;4;3;A;02/07/2026;31/07/2026;CVA161;A;110AA1;GM - Brasil;Sim;Sim;Ativo;1;ONIX - 2013 A 2019
9;94747948;EXTENSAO PARABARRO TRASEIRO;4;32,51;31,29;44,88;91,45;91,45;2;3;1;3;3;0;A;05/06/2026;30/07/2026;LOT11M;A;161AB1;GM - Brasil;Não;Não;Ativo;1;PRISMA B - 2013 A 2019
9;94748089;MANGUEIRA DE HIDROVACUO DO SERVO-FREIO;2;50,22;50,22;64,64;113,02;113,02;2;6;1;0;2;3;A;16/07/2026;30/07/2026;RA0717;A;113AC1;GM - Brasil;Não;Não;Ativo;1;COBALT - 2017 A 2020, ONIX - 2013 A 2021, PRISMA - 2013 A 2021, SPIN - 2017 A 2021
9;94748284;MOLDURA CROMADA PARACHOQUE TRASEIRO;1;455,07;455,07;632,80;869,65;869,65;1;0;1;2;0;0;B;16/07/2026;20/07/2026;CVA04M;B;151QC1;GM - Brasil;Não;Não;Ativo;1;COBALT - 2012 A 2020
9;94748564;ESPELHO RETROVISOR ESQUERDO;2;84,05;83,74;108,83;254,67;254,67;2;2;0;1;0;1;A;13/07/2026;29/07/2026;COPA47;A;112RG1;GM - Brasil;Não;Não;Ativo;1;"ONIX SEDAN ONIX HATCH   
PRIMER LE"
9;94749539;MANGUEIRA AR QUENTE;225;80,80;80,80;105,46;303,08;303,08;7;39;86;38;13;70;A;29/07/2026;01/08/2026;JLL20;A;113QA;GM - Brasil;Não;Não;Ativo;1;COBALT - 2012 A 2020, ONIX - 2013 A 2019, PRISMA B - 2013 A 2019
9;94749564;MANGUEIRA BOMBA ÁGUA;1;46,35;49,20;68,93;116,31;116,31;5;1;3;0;1;2;A;16/03/2026;29/07/2026;CVA109;A;109DJ1;GM - Brasil;Não;Não;Ativo;1;COBALT - 2012 A 2020, ONIX - 2013 A 2019, PRISMA B - 2013 A 2019, SPIN - 2013 A 2020
9;94749565;TUBO FLUXO D'ÁGUA;1;45,51;45,51;59,00;129,41;129,41;3;8;9;9;5;3;A;07/05/2026;15/07/2026;ABRR45;A;110DG1;GM - Brasil;Não;Não;Ativo;1;COBALT - 2012 A 2020, ONIX - 2013 A 2019, PRISMA B - 2013 A 2019
9;94750376;PARABARRO DIANTEIRO ESQUERDO;8;38,68;35,65;38,68;104,20;104,20;3;0;1;7;3;4;A;25/06/2026;13/07/2026;LOT11M;A;PARABA18;GM - Brasil;Não;Não;Ativo;1;AGILE - 2010 A 2014, MONTANA B - 2011 A 2020
9;94750377;PARABARRO DIANTEIRO DIREITO;5;36,33;34,12;51,15;104,20;104,20;0;2;0;3;0;2;A;05/06/2026;30/06/2026;LOT11M;A;PARABA19;GM - Brasil;Não;Não;Ativo;1;AGILE - 2010 A 2014, MONTANA B - 2011 A 2020
9;94751168;CHICOTE LANTERNA TRASEIRA;2;174,64;174,64;174,64;332,99;332,99;0;2;0;0;0;0;C;09/07/2026;23/06/2026;RA0683;C;106AK3;GM - Brasil;Não;Não;Ativo;1;S10 B - 2012 A 2020
9;94751266;FAROL NEBLINA DIANT DIREITO;1;240,11;240,11;240,11;588,81;588,81;1;0;2;0;0;0;B;31/07/2026;23/07/2026;JLL39;B;110PG1;GM - Brasil;Não;Não;Ativo;1;S10 B - 2012 A 2020, TRAILBLAZER - 2013 A 2020
9;94751376;BUCHA BARRA ESTABILIZADORA DIANT;12;39,25;52,65;39,25;127,46;127,46;14;2;8;8;8;11;A;09/07/2026;31/07/2026;COPA47;A;107DK1;GM - Brasil;Não;Não;Ativo;1;S10 B - 2012 A 2020, TRAILBLAZER - 2013 A 2020
9;94751887;VIDRO ESPELHO RETROVISOR ESQ;2;40,13;64,89;64,89;136,09;136,09;0;0;0;1;0;2;B;17/03/2026;25/04/2026;NMA04;B;108GC1;GM - Brasil;Não;Não;Ativo;1;ONIX - 2013 A 2019, PRISMA B - 2013 A 2019
9;94751888;LENTE DO RETROVISOR EXTERNO LD;5;42,03;44,74;78,60;136,09;136,09;1;0;1;1;2;0;B;13/07/2026;17/07/2026;COPA47;B;105CA1;GM - Brasil;Não;Não;Ativo;1;ONIX - 2013 A 2019, PRISMA B - 2013 A 2019
9;94752782;BUCHA BARRA ESTABILIZADORA DIANTEIRA;20;10,79;11,02;14,75;30,20;30,20;4;0;0;12;2;0;B;13/07/2026;14/07/2026;COPA47;B;110AH1;GM - Brasil;Não;Não;Ativo;1;MONTANA B - 2011 A 2020
9;94753355;SUPORTE PRESILHA VARETA CAPO;3;90,20;123,95;123,93;171,38;171,38;1;1;1;0;2;3;A;04/04/2026;27/07/2026;CVA129;A;106DD1;GM - Brasil;Não;Não;Ativo;1;S10 B - 2012 A 2020, TRAILBLAZER - 2013 A 2020
9;94753411;MANGUEIRA DIRECAO HIDRAULICA;3;217,87;219,11;217,87;499,47;499,47;0;0;1;0;2;0;B;25/03/2026;26/05/2026;CVA112;B;160QB2;GM - Brasil;Não;Não;Ativo;1;CELTA - 2001 A 2016, PRISMA A - 2007 A 2012
9;94754636;GUIA PARA-CHOQUE DIANT LE;1;10,93;10,93;10,93;23,80;23,80;0;1;0;1;1;0;B;08/07/2026;22/06/2026;RA0677;B;108CJ;GM - Brasil;Não;Não;Ativo;1;CORSA A - 1994 A 2017, CORSA PICK-UP - 1994 A 2017, CORSA WAGON - 1994 A 2017
9;94754637;RETENTOR PARA-CHOQUE LD;2;10,93;10,93;10,93;23,80;23,80;1;1;0;2;1;0;B;14/07/2026;20/07/2026;CVA170;B;106CA1;GM - Brasil;Não;Não;Ativo;1;CORSA B - 2002 A 2012, CORSA A - 1994 A 2017
9;94755220;SUPORTE PARA-CHOQUE LE;1;411,76;411,76;411,76;922,52;922,52;0;1;0;1;0;0;C;20/07/2026;11/06/2026;RA0720;C;106CB1;GM - Brasil;Não;Não;Ativo;1;ONIX - 2013 A 2019, PRISMA B - 2013 A 2019
9;94755223;SUPORTE PARA-CHOQUE LD;1;392,53;392,53;392,53;879,45;879,45;0;1;0;1;0;2;B;24/07/2026;03/08/2026;CVA138;B;108CH2;GM - Brasil;Não;Não;Ativo;1;ONIX - 2013 A 2019, PRISMA B - 2013 A 2019
9;94756310;TAMPÃO FURO PAINEL TRASEIRO;1;0,31;0,31;0,31;10,05;10,05;0;0;0;0;0;0;D;29/01/2026;29/11/2018;ZZ1270;D;105DG1;GM - Brasil;Sim;Sim;Ativo;1;
9;94756646;DEFLETOR INFERIOR DO MOTOR;4;63,51;63,70;63,51;157,98;157,98;0;3;1;1;3;3;A;13/07/2026;30/06/2026;CVA160;A;160LB1;GM - Brasil;Sim;Sim;Ativo;1;S10 B - 2012 A 2020, TRAILBLAZER - 2013 A 2020
9;94757247;PARA-CHOQUE DIANTEIRO;1;410,42;536,79;513,72;1.070,33;1.070,33;2;2;1;1;1;0;A;06/06/2026;27/07/2026;LOT11M;A;600BA1;GM - Brasil;Não;Não;Ativo;1;MONTANA B - 2011 A 2020
9;94757281;BRAÇO PARA-CHOQUE LE;1;211,93;280,64;280,96;405,63;405,63;1;2;1;2;1;3;A;13/07/2026;27/07/2026;CVA161;A;111QB1;GM - Brasil;Não;Não;Ativo;1;S10 B - 2012 A 2020, TRAILBLAZER - 2013 A 2020
9;94757663;FILTRO DE AR;45;35,70;35,02;35,70;90,51;90,51;16;22;1;21;18;14;A;31/07/2026;29/07/2026;JLL47;A;113QB;GM - Brasil;Sim;Sim;Ativo;1;COBALT - 2012 A 2020, ONIX - 2013 A 2019, PRISMA B - 2013 A 2019, SPIN - 2013 A 2020
9;94757728;CAPA RETROVISOR EXT DIREITO;1;118,37;118,37;118,37;305,70;305,70;0;0;0;1;0;1;C;16/07/2026;22/04/2026;COPA04;C;151RB1;GM - Brasil;Não;Não;Ativo;1;S10 B - 2012 A 2020, TRAILBLAZER - 2013 A 2020
9;94758640;CALOTA DE RODA ARO 15;1;116,93;116,93;116,93;353,01;353,01;0;0;1;0;3;2;B;29/07/2026;05/05/2026;JLL23;B;160XB1;GM - Brasil;Não;Não;Ativo;1;AGILE - 2010 A 2014, ONIX - 2013 A 2019, PRISMA B - 2013 A 2019
9;94759438;EXTENSÃO TRASEIRO ESTRUTURA LAT;1;133,50;133,50;133,50;314,74;314,74;0;0;0;0;0;0;D;30/06/2025;03/07/2025;DD0671;D;162SC1;GM - Brasil;Não;Não;Ativo;1;ONIX - 2013 A 2021
9;94759589;HASTE MAÇANETA;1;12,22;6,14;16,11;30,58;30,58;0;0;0;0;0;0;D;23/05/2024;17/11/2020;DD0559 THIAGO;D;107HB1;GM - Brasil;Não;Não;Ativo;1;MONTANA NOVA - 2011 A 2020
9;94763467;ALÇA APOIO ESQUERDA TRASEIRA TETO;3;56,39;56,39;56,39;115,19;115,19;0;3;2;0;2;0;A;14/07/2026;29/06/2026;CVA170;A;113GC1;GM - Brasil;Sim;Sim;Ativo;1;"Trailblazer - 2013 A 2021
S10 - 2015 A 2019"
9;94763468;ALÇA APOIO DIREITA TRASEIRA TETO;4;56,39;75,23;76,39;115,19;115,19;0;4;3;0;2;0;A;14/07/2026;29/06/2026;CVA170;A;109GK1;GM - Brasil;Sim;Sim;Ativo;1;S-10 - 2015 A 2019, TRAILBLAZER - 2013 A 2021
9;94763686;PLACA TAMPA;7;67,20;68,53;78,22;139,38;139,38;3;3;2;3;2;2;A;26/06/2026;28/07/2026;CVA150;A;105CH1;GM - Brasil;Sim;Sim;Ativo;1;S10 B - 2012 A 2020
9;94763817;SUPORTE SENSOR LD;6;18,96;18,96;18,96;39,75;39,75;1;6;1;2;1;1;A;13/07/2026;08/07/2026;CVA160;A;109AH1;GM - Brasil;Sim;Sim;Ativo;1;S10 B - 2012 A 2020
9;94764852;COXIM DIANTEIRA;14;43,83;57,96;55,26;138,92;138,92;4;4;2;0;7;0;A;28/04/2026;16/07/2026;ABRR17;A;105PC1;GM - Brasil;Não;Não;Ativo;1;S10 B - 2012 A 2020, TRAILBLAZER - 2013 A 2020
9;94765085;VIDRO ESPELHO RETROVISOR ESQ;2;106,46;106,46;106,46;230,88;230,88;0;0;1;1;0;0;C;16/06/2026;28/05/2026;RA0667;C;105DA1;GM - Brasil;Não;Não;Ativo;1;S10 B - 2012 A 2020, TRAILBLAZER - 2013 A 2020
9;94765086;VIDRO ESPELHO RETROVISOR DIR;3;105,17;142,56;142,56;230,88;230,88;1;0;0;2;1;0;B;25/06/2026;30/07/2026;RA0675;B;110QG1;GM - Brasil;Não;Não;Ativo;1;S10 B - 2012 A 2020, TRAILBLAZER - 2013 A 2020
9;94765361;EIXO DIREÇÃO INTERMEDIÁRIO;57;507,11;507,12;507,11;1.258,61;1.258,61;14;27;39;27;15;38;A;31/07/2026;31/07/2026;JLL51;A;197CC;GM - Brasil;Não;Não;Ativo;1;S10 NOVA CAB SIMPLES S10 NOVA CAB DUPLA
9;94766384;SUPORTE MÓDULO;4;44,81;44,76;44,81;113,38;113,38;1;0;0;0;0;0;D;06/09/2025;16/08/2025;CVA11;D;105QH1;GM - Brasil;Sim;Sim;Ativo;1;
9;94767104;SUPORTE PLACA;2;58,65;58,64;58,65;145,45;145,45;2;3;1;4;0;0;A;13/07/2026;23/07/2026;RA0673;A;109DK2;GM - Brasil;Sim;Sim;Ativo;1;S10 B - 2012 A 2020
9;94767160;VÁLVULA EXPANSÃO;1;151,54;151,54;151,54;417,20;417,20;0;0;0;0;0;0;D;12/02/2026;27/09/2025;ZZ0215;D;111PH1;GM - Brasil;Sim;Sim;Ativo;1;
9;94767732;ARRUELA;2;7,53;7,54;7,53;18,65;18,65;0;0;2;0;4;0;B;31/07/2026;26/05/2026;RA0723;B;106QK2;GM - Brasil;Sim;Sim;Ativo;1;S10 B - 2012 A 2020, TRAILBLAZER - 2013 A 2020
9;94767734;LUVA EMBREAGEM;1;117,72;118,24;117,72;253,27;253,27;0;0;0;0;0;0;D;01/07/2025;21/01/2026;RA0663;D;105AC1;GM - Brasil;Não;Não;Ativo;1;
9;94767736;GARFO EMBREAGEM EIXO DIANT;23;78,52;78,53;78,52;176,04;176,04;6;3;2;22;12;9;A;25/04/2026;31/07/2026;RA0447;A;107AD3;GM - Brasil;Não;Não;Ativo;1;S10 NOVA CAB SIMPLES S10 NOVA CAB ESTEND S10 NOVA CAB DUPLA
9;94767737;MOLA GRAFO;4;2,10;2,10;2,10;5,19;5,19;15;7;0;18;0;1;A;29/07/2026;31/07/2026;RA0722;A;111BH1;GM - Brasil;Sim;Sim;Ativo;1;S-10 - 2012 A 2021, TRAIBLAZER - 2013 A 2021
9;94767965;MOTOR VIDRO PORTA DIANTEIRA ESQ;3;487,24;742,04;699,39;984,05;984,05;0;0;0;1;0;1;C;02/03/2026;15/04/2026;CVA95;C;111PK1;GM - Brasil;Não;Não;Ativo;1;S10 B - 2012 A 2020, TRAILBLAZER - 2013 A 2020
9;94768098;CHICOTE PORTA DIANTEIRA L.E;1;25,95;25,95;25,95;229,56;58,41;0;0;0;0;0;0;C;25/06/2026;30/06/2026;DD0622;C;109DC1;GM - Brasil;Não;Não;Ativo;1;ONIX - 2013 A 2016, PRISMA - 2013 A 2014
9;94768420;ALETA AR ADMISSÃO;1;62,40;62,40;62,40;140,45;140,45;0;0;0;0;1;0;C;20/07/2026;13/03/2026;DD0723;C;160AB3;GM - Brasil;Não;Não;Ativo;1;S10 B - 2012 A 2020, TRAILBLAZER - 2013 A 2020
9;94768880;INTERRUPTOR FAROL;2;523,89;523,89;523,89;668,67;668,67;0;0;0;0;0;1;C;24/02/2026;18/02/2026;CVA93;C;112PB2;GM - Brasil;Não;Não;Ativo;1;S10 B - 2012 A 2020, TRAILBLAZER - 2013 A 2020
9;94769102;ALAVANCA RECLINADOR BANCO DIANT ESQ;2;84,30;85,03;84,30;210,40;210,40;0;0;1;0;0;0;C;16/06/2026;02/06/2026;RA0668;C;108AH1;GM - Brasil;Sim;Sim;Ativo;1;ONIX - 2013 A 2021, PRISMA - 2013 A 2021
9;94769754;TAMPA RESERVÁTORIO ÓLEO FREIO;8;200,19;262,84;275,81;477,60;477,60;0;1;1;0;0;6;A;28/03/2026;15/06/2026;CVA120;A;107SG1;GM - Brasil;Não;Não;Ativo;1;S-10 - 2012 A 2021, TRAILBLAZER - 2013 A 2020
9;94769819;CAPA RETROVISOR EXT ESQUERDO;4;504,83;492,37;504,83;1.272,87;1.272,87;3;0;0;0;4;1;B;13/07/2026;30/07/2026;COPA47;B;153AC1;GM - Brasil;Não;Não;Ativo;1;CROMADO S10 NOVA CAB ESTEND S10 NOVA CAB DUPLA   le
9;94769820;CAPA CROMADA RETROVISOR DIREITO;5;524,53;492,37;657,18;1.272,87;1.272,87;0;0;1;2;0;1;B;13/07/2026;08/06/2026;COPA47;B;150PC1;GM - Brasil;Não;Não;Ativo;1;S-10 - 2012 A 2021, TRAILBLAZER - 2013 A 2021
9;94770226;PINÇA FREIO LE;2;736,10;1.316,12;1.316,12;1.877,63;1.877,63;0;0;1;0;2;0;C;13/07/2026;28/05/2026;COPA31;C;112BL1;GM - Brasil;Não;Não;Ativo;1;S-10 - 2012 A 2021, TRAIBLAZER - 2013 A 2021
9;94770467;SENSOR NÍVEL COMBUSTÍVEL;2;146,10;142,26;146,10;352,82;352,82;3;0;0;0;1;0;B;16/07/2026;01/08/2026;RA0718;B;108QB1;GM - Brasil;Sim;Sim;Ativo;1;S10 B - 2012 A 2020
9;94770522;COXIM RADIADOR;1;15,89;15,89;20,66;51,09;51,09;0;0;0;2;0;0;C;23/06/2026;27/04/2026;COPA09;C;112BB3;GM - Brasil;Não;Não;Ativo;1;S-10 - 2012 A 2021, TRAILBLAZER - 2013 A 2021
9;94770783;MOLDURA SUPERIOR DO PARALAMA LD;4;74,96;74,96;96,87;168,71;168,71;0;2;2;3;1;0;A;01/07/2026;22/06/2026;RA0676;A;107GL1;GM - Brasil;Não;Não;Ativo;1;S10 B - 2012 A 2020, TRAILBLAZER - 2013 A 2020
9;94771066;COBERTURA DO BLOCO D;3;7,37;7,37;7,37;20,15;20,15;0;0;0;0;0;0;C;11/02/2026;;DD0207;C;110RC2;GM - Brasil;Sim;Sim;Ativo;1;
9;94771552;RETENTOR PONTA-DE-EIXO;11;73,64;96,56;98,71;262,23;262,23;5;6;6;7;2;5;A;13/07/2026;31/07/2026;COPA43;A;108AC1;GM - Brasil;Sim;Sim;Ativo;1;ANEL DE FERRO
9;94771553;RETENTOR VEDADOR EXTERNO RODA TRASEIRA;10;55,84;82,18;74,58;139,56;139,56;9;3;9;6;5;10;A;26/06/2026;29/07/2026;CVA151;A;105RC1;GM - Brasil;Sim;Sim;Ativo;1;S10 B - 2012 A 2020, TRAILBLAZER - 2013 A 2020
9;94771554;ROLAMENTO EIXO RODA TRASEIRA;12;279,47;277,58;368,99;980,51;980,51;4;3;4;4;2;5;A;08/07/2026;29/07/2026;COPA43;A;106SG3;GM - Brasil;Sim;Sim;Ativo;1;S10 B - 2012 A 2020, TRAILBLAZER - 2013 A 2020
9;94771555;RETENTOR SEMI-EIXO TRASEIRO;14;46,90;65,05;62,59;117,06;117,06;8;2;10;5;8;21;A;05/06/2026;03/08/2026;CVA16M;A;107DJ;GM - Brasil;Sim;Sim;Ativo;1;S10 B - 2012 A 2020, TRAILBLAZER - 2013 A 2020
9;94771556;TRAVA EIXO;4;4,47;6,07;5,96;10,77;10,77;2;1;4;1;2;2;A;02/06/2026;13/07/2026;PDS04;A;110RH3;GM - Brasil;Sim;Sim;Ativo;1;S-10 - 2012 A 2021, TRAILBLAZER - 2013 A 2021
9;94771562;GARFO PINHÃO DIFERENCIAL;4;336,90;354,97;461,80;797,05;797,05;1;1;2;1;2;0;A;02/06/2026;29/07/2026;CVA04M;A;112GC1;GM - Brasil;Não;Não;Ativo;1;26064029 RETENTOR
9;94771584;ANEL SENSOR VELOCIDADE;4;129,45;128,93;129,45;317,65;317,65;2;1;3;4;0;4;A;16/07/2026;29/07/2026;CVA10M;A;105BH2;GM - Brasil;Sim;Sim;Ativo;1;S10 B - 2012 A 2020, TRAILBLAZER - 2013 A 2020
9;94772237;RESFRIADOR ADMISSÃO INTERCOOLER;11;1.015,78;993,60;993,60;3.183,54;3.183,54;3;4;1;5;6;6;A;09/07/2026;20/07/2026;COPA43;A;700BB1;GM - Brasil;Não;Não;Ativo;1;S10 B - 2012 A 2020, TRAILBLAZER - 2013 A 2020
9;94772298;DEFLETOR ÁGUA PORTA TRAS ESQ;2;60,32;60,89;60,32;137,04;137,04;0;0;1;0;1;1;B;02/06/2026;29/05/2026;RA0583;B;160XB1;GM - Brasil;Não;Não;Ativo;1;S-10 - 2012 A 2021
9;94772338;MOLDURA PARA-CHOQUE TRASEIRO LD;12;74,86;75,19;97,66;169,24;169,24;6;11;10;2;7;7;A;14/07/2026;28/07/2026;CVA170;A;108QP1;GM - Brasil;Não;Não;Ativo;1;S10 B - 2012 A 2020
9;94772339;PROTETOR LATERAL PISANTE PARA-CHOQUE TRASEIRO;17;77,49;77,82;101,13;174,74;174,74;4;7;10;2;7;6;A;13/07/2026;29/07/2026;CVA161;A;108TB2;GM - Brasil;Não;Não;Ativo;1;S10 B - 2012 A 2020
9;94773716;TUBO ENCHIMENTO;2;52,18;50,26;52,18;105,84;105,84;4;3;0;0;4;0;A;08/07/2026;29/07/2026;CVA160;A;112CG1;GM - Brasil;Sim;Sim;Ativo;1;S10 B - 2012 A 2020, TRAILBLAZER - 2013 A 2020
9;94775121;FAROL DIANTEIRO DIREITO;2;340,73;340,73;340,73;988,28;988,28;0;0;0;2;0;1;B;25/05/2026;30/04/2026;MAL22;B;152BC1;GM - Brasil;Não;Não;Ativo;1;CORSA A - 1994 A 2017, CORSA PICK-UP - 1994 A 2017, CORSA WAGON - 1994 A 2017
9;94776000;PLACA ACABAMENTO;1;121,14;121,14;121,14;271,99;271,99;0;0;0;0;0;0;D;31/07/2026;19/10/2023;DD0750;D;160ZC2;GM - Brasil;Não;Não;Ativo;1;COBALT - 2012 A 2020
9;94776584;GRADE DIANTEIRA;10;241,21;320,83;311,35;647,44;647,44;1;3;3;2;1;1;A;13/07/2026;14/07/2026;COPA47;A;163GC1;GM - Brasil;Não;Não;Ativo;1;S10 B - 2012 A 2020, TRAILBLAZER - 2013 A 2020
9;94776678;TAMPA ABERTURA;2;8,27;8,27;8,27;15,60;15,60;0;0;0;0;0;2;C;23/02/2026;18/02/2026;RA0248;C;107AK1;GM - Brasil;Não;Não;Ativo;1;TRAILBLAZER
9;94777442;COXIM DIANTEIRA;5;45,27;61,33;60,61;145,56;145,56;4;4;2;0;7;0;A;28/04/2026;16/07/2026;ABRR17;A;114 AC1;GM - Brasil;Não;Não;Ativo;1;S10 B - 2012 A 2020
9;94777788;SUPORTE PARA-CHOQUE LD;5;317,67;303,96;412,92;715,50;715,50;3;5;3;0;2;3;A;13/07/2026;31/07/2026;CVA162;A;162XB1;GM - Brasil;Não;Não;Ativo;1;S10 B - 2012 A 2020
9;94777789;SUPORTE PARA-CHOQUE LE;3;317,72;317,90;413,03;715,50;715,50;3;2;4;1;1;3;A;13/07/2026;31/07/2026;CVA161;A;162QA1;GM - Brasil;Não;Não;Ativo;1;S10 B - 2012 A 2020
9;94777799;ALMA PARA-CHOQUE DIANTEIRO;2;552,79;479,71;552,79;916,75;916,75;1;2;1;0;2;2;A;09/07/2026;14/07/2026;CVA162;A;162ZB2;GM - Brasil;Não;Não;Ativo;1;S10 B - 2012 A 2020, TRAILBLAZER - 2013 A 2020
9;94779923;ISOLADOR PARA-LAMA DIANT DIR;3;104,72;104,72;104,72;235,70;235,70;0;0;0;1;0;0;C;14/07/2026;11/06/2026;RA0682;C;152AA1;GM - Brasil;Não;Não;Ativo;1;S-10 - 2012 A 2020, TRAILBLAZER - 2013 A 2020
9;95016649;SUPORTE SUPERIOR RADIADOR;15;14,74;14,60;16,28;51,39;51,39;4;9;2;4;9;5;A;13/07/2026;23/07/2026;COPA47;A;109AG1;GM - Brasil;Sim;Sim;Ativo;1;COBALT - 2012 A 2020, ONIX - 2013 A 2019, PRISMA B - 2013 A 2019, SONIC - 2012 A 2014
9;95021102;FILTRO AR DO MOTOR;4;53,14;73,09;74,55;145,35;145,35;0;0;1;2;0;0;B;13/07/2026;19/05/2026;LOT11M;B;107SJ1;GM - Brasil;Sim;Sim;Ativo;1;TRACKER B - 2014 A 2019
9;95025072;SAÍDA AR;2;33,44;33,44;33,44;61,98;61,98;0;2;0;1;0;0;B;24/06/2026;18/06/2026;RA0674;B;113AD1;GM - Brasil;Não;Não;Ativo;1;AGILE - 2010 A 2014, MONTANA B - 2011 A 2020
9;95028562;BATENTE AMORTECEDOR DIANTEIRO;1;22,56;22,56;42,31;73,26;73,26;4;0;1;4;0;4;A;13/07/2026;22/07/2026;COPA47;A;111PD1;GM - Brasil;Não;Não;Ativo;1;COBALT - 2012 A 2020, ONIX - 2013 A 2019, SONIC - 2012 A 2014
9;95034165;SPOILER PARA-CHOQUE DIANTEIRO;4;156,68;154,91;156,68;415,07;415,07;1;0;1;1;1;1;B;31/07/2026;10/07/2026;JLL40;B;162GC1;GM - Brasil;Não;Não;Ativo;1;CRUZE A  - 2012 A 2016
9;95048411;RESERVATÓRIO DE ÁGUA DO RADIADOR;48;58,81;79,09;78,93;132,70;132,70;31;29;31;36;16;31;A;13/07/2026;31/07/2026;CVA162;A;113PA;GM - Brasil;Não;Não;Ativo;1;COBALT - 2012 A 2020, ONIX - 2013 A 2019, PRISMA B - 2013 A 2019, SONIC - 2012 A 2014
9;95072614;TAMPA DIANTEIRA RACK TETO;1;134,68;72,34;134,68;318,90;318,90;0;0;0;0;0;0;D;22/01/2025;22/01/2025;DD0135;D;107TC1;GM - Brasil;Não;Não;Ativo;1;
9;95073074;GRAMPO RETENTOR HASTE CAPÔ;4;2,26;2,04;2,04;6,30;6,30;3;0;1;0;2;1;A;04/04/2026;31/07/2026;CVA129;A;110CH1;GM - Brasil;Sim;Sim;Ativo;1;COBALT - 2012 A 2020, ONIX - 2013 A 2019, PRISMA B - 2013 A 2019, TRACKER B - 2014 A 2019
9;95073432;DEFLETOR PARA-CHOQUE DIANTEIRO;2;126,73;170,84;165,79;289,92;289,92;1;0;0;2;2;0;B;05/06/2026;27/07/2026;MAL48;B;162GC1;GM - Brasil;Não;Não;Ativo;1;CRUZE A  - 2012 A 2016
9;95074483;PARABARRO CAIXA RODA DIANTEIRA;2;212,00;201,53;212,00;589,08;589,08;0;0;0;0;0;0;D;05/06/2026;29/01/2026;LOT11M;D;PARABA14;GM - Brasil;Não;Não;Ativo;1;CRUZE A  - 2012 A 2016
9;95128507;PARA-CHOQUE DIANTEIRO;4;316,18;310,57;404,04;830,18;830,18;0;0;3;3;2;2;A;21/05/2026;21/05/2026;MAL06;A;500CB1;GM - Brasil;Não;Não;Ativo;1;CRUZE A  - 2012 A 2016
9;95128509;PARA-CHOQUE TRASEIRO;1;722,93;722,93;722,93;1.623,27;1.623,27;0;0;0;0;0;0;D;29/07/2026;21/07/2025;DD0738;D;500DA1;GM - Brasil;Não;Não;Ativo;1;CRUZE A  - 2012 A 2016
9;95130243;PAINEL GRADE LD;1;189,00;189,00;189,00;586,11;586,11;0;0;0;0;0;0;D;06/01/2026;19/12/2025;PFMY05;D;161AB1;GM - Brasil;Não;Não;Ativo;1;CRUZE A  - 2012 A 2016
9;95169827;FAROL NEBLINA DIANT DIREITO;2;211,94;209,90;273,52;547,12;547,12;0;0;0;0;0;1;C;05/05/2026;26/02/2026;ABRR45;C;113CJ1;GM - Brasil;Não;Não;Ativo;1;CRUZE A  - 2012 A 2016
9;95190896;COXIM CÂMBIO ESQUERDO;16;200,84;292,00;283,36;562,15;562,15;4;6;7;2;5;9;A;13/07/2026;31/07/2026;COPA47;A;114PA;GM - Brasil;Não;Não;Ativo;1;COBALT - 2012 A 2020, ONIX - 2013 A 2019, PRISMA B - 2013 A 2019, SPIN - 2013 A 2020
9;95207399;GUIA PARA-CHOQUE DIANT DIR;3;17,64;16,92;24,21;41,79;41,79;0;2;0;0;0;2;B;24/03/2026;18/06/2026;CVA113;B;106AJ1;GM - Brasil;Não;Não;Ativo;1;CRUZE A  - 2012 A 2016
9;95218390;TAMPA RESERVATÓRIO DIREÇÃO;9;13,58;18,63;18,59;26,57;26,57;1;2;2;2;2;6;A;04/04/2026;06/07/2026;CVA129;A;108BG1;GM - Brasil;Não;Não;Ativo;1;COBALT - 2012 A 2020, ONIX - 2013 A 2019, PRISMA B - 2013 A 2019, SONIC - 2012 A 2014
9;95218391;PROTETOR TAMPA;7;25,16;25,78;25,16;49,27;49,27;0;2;2;2;1;5;A;08/07/2026;10/06/2026;CVA160;A;105BH1;GM - Brasil;Não;Não;Ativo;1;COBALT - 2012 A 2020, ONIX - 2013 A 2019, PRISMA B - 2013 A 2019, SONIC - 2012 A 2014, SPIN - 2013 A 2020
9;95218392;RESERVATÓRIO DIREÇÃO HIDRAULICA;2;202,14;203,30;202,14;388,52;388,52;1;2;0;1;0;3;A;29/06/2026;25/07/2026;CVA151;A;112CA1;GM - Brasil;Não;Não;Ativo;1;COBALT - 2012 A 2020, SONIC - 2012 A 2014
9;95227628;COXIM AMORTECEDOR DIANTEIRO;123;96,16;128,80;124,27;265,18;265,18;42;48;87;52;57;58;A;21/07/2026;03/08/2026;COPA06;A;114AB;GM - Brasil;Não;Não;Ativo;1;COBALT - 2012 A 2020, ONIX - 2013 A 2019, PRISMA B - 2013 A 2019, SONIC - 2012 A 2014, SPIN - 2013 A 2020
9;95275365;MOLDURA DA PORTA DIANTEIRA;2;237,90;237,90;237,90;521,50;521,50;0;0;0;0;0;0;D;06/01/2026;15/12/2025;PFHY03;D;160XB1;GM - Brasil;Não;Não;Ativo;1;TRACKER B - 2014 A 2019
9;95291687;GUIA DA COBERTURA DO;1;29,29;29,29;29,29;56,03;56,03;0;0;1;0;2;0;B;31/07/2026;14/05/2026;ZZ0750;B;112CK1;GM - Brasil;Não;Não;Ativo;1;
9;95351862;MOLDURA PORTA;2;258,20;279,45;364,06;518,01;518,01;0;0;0;0;0;0;D;25/04/2026;15/12/2025;RA0449;D;160WC1;GM - Brasil;Não;Não;Ativo;1;TRACKER B - 2014 A 2019
9;95353394;RETENTOR ALÇA;1;56,96;56,96;77,46;110,01;110,01;0;0;0;0;0;1;D;24/07/2025;03/03/2026;RA0704;D;106BJ1;GM - Brasil;Não;Não;Ativo;1;
9;95353818;LANTERNA INDICADORA DIREÇÃO LE;2;34,36;34,36;37,73;84,25;84,25;0;1;1;1;1;0;B;25/05/2026;03/07/2026;MAL22;B;113BA1;GM - Brasil;Não;Não;Ativo;1;COBALT - 2012 A 2020
9;95358438;SUPORTE SUSPENSÃO DIANTEIRA;1;3.479,45;3.479,45;4.526,66;7.812,78;7.812,78;0;1;0;2;0;1;B;29/05/2026;02/07/2026;PDS04;B;162DB1;GM - Brasil;Não;Não;Ativo;1;ONIX - 2013 A 2019, PRISMA B - 2013 A 2019
9;95374114;MOLDURA PAINEL;1;1.172,14;1.172,14;1.172,14;2.641,80;2.641,80;0;0;0;0;0;0;D;06/01/2026;15/12/2025;PFMY05;D;156AB1;GM - Brasil;Não;Não;Ativo;1;95374127
9;95374907;LANTERNA PISCA RETROVISOR DIREITO;1;858,87;858,87;1.119,25;2.042,86;2.042,86;0;0;1;0;0;0;C;16/06/2026;07/05/2026;COPA04;C;108DB1;GM - Brasil;Não;Não;Ativo;1;
9;95459860;TAMPA RESERVATÓRIO FREIO;1;141,88;191,01;191,01;278,14;278,14;0;1;0;0;0;0;C;02/07/2026;16/06/2026;RA0678;C;109HC1;GM - Brasil;Não;Não;Ativo;1;COBALT - 2012 A 2020, ONIX - 2013 A 2019, PRISMA B - 2013 A 2019, SONIC - 2012 A 2014
9;95478782;MANGUEIRA ENTRADA RADIADOR;1;199,33;199,33;199,33;380,86;380,86;0;0;0;0;0;0;D;22/06/2026;29/11/2019;DD0625;D;108QH1;GM - Brasil;Não;Não;Ativo;1;
9;95492001;DUTO SAÍDA FILTRO AR;2;474,53;475,55;474,53;908,79;908,79;0;1;0;1;0;0;C;09/07/2026;24/06/2026;RA0683;C;112DG1;GM - Brasil;Não;Não;Ativo;1;
9;95492916;SENSOR ÁGUA NO FILTRO DIESEL;17;171,59;172,31;229,22;338,91;338,91;1;1;4;8;9;9;A;05/06/2026;28/07/2026;CVA16M;A;105CC1;GM - Brasil;Sim;Sim;Ativo;1;S10 B - 2012 A 2020, TRAILBLAZER - 2013 A 2020
9;95493722;COXIM DO MOTOR;30;156,74;209,14;153,19;356,15;356,15;10;9;16;22;23;12;A;03/07/2026;31/07/2026;CVA161;A;114BA;GM - Brasil;Não;Não;Ativo;1;COBALT - 2012 A 2020, ONIX - 2013 A 2019, PRISMA B - 2013 A 2019, SONIC - 2012 A 2014, TRACKER B - 2014 A 2019
9;95905361;FILTRO DE COMBUSTÍVEL;1;96,34;205,23;131,34;239,61;239,61;0;1;0;0;0;0;D;27/12/2024;05/06/2026;NVV09;D;112PC1;GM - Brasil;Não;Não;Obsoleto;1;SONIC - 2012 A 2014
9;95920465;COXIM CAIXA FILTRO DE AR MOTOR;3;5,90;7,89;7,89;13,17;13,17;22;4;17;3;8;5;A;02/06/2026;31/07/2026;CVA03M;A;108CH1;GM - Brasil;Não;Não;Ativo;1;COBALT - 2012 A 2020, ONIX - 2013 A 2019, PRISMA B - 2013 A 2019, SONIC - 2012 A 2014, SPIN - 2013 A 2020
9;95925418;COBERTURA SUP RADIADOR PARACHOQ DIANT;1;541,73;726,24;715,89;1.035,27;1.035,27;0;0;0;1;0;1;C;05/05/2026;15/04/2026;CVA138;C;160CB1;GM - Brasil;Não;Não;Ativo;1;CRUZE A  - 2012 A 2016
9;95931769;GRADE DIANTEIRA;2;162,77;163,71;205,56;367,59;367,59;0;0;1;0;1;1;B;18/05/2026;06/05/2026;RA0569;B;161XC1;GM - Brasil;Não;Não;Ativo;1;CRUZE A  - 2012 A 2016
9;95940539;BANDEJA SUSPENSÃO DIANTEIRA ESQ;5;225,71;302,32;320,28;853,83;853,83;10;4;4;1;2;1;A;22/06/2026;29/07/2026;COPA05;A;161GA1;GM - Brasil;Não;Não;Ativo;1;COBALT - 2012 A 2020, ONIX - 2013 A 2019, PRISMA B - 2013 A 2019
9;95940540;BANDEJA SUSPENSÃO DIANTEIRA DIR;9;241,65;256,48;241,65;853,83;853,83;9;5;3;7;3;2;A;13/07/2026;30/07/2026;COPA47;A;159HA1;GM - Brasil;Não;Não;Ativo;1;COBALT - 2012 A 2020, ONIX - 2013 A 2019, PRISMA B - 2013 A 2019
9;95941608;CARCAÇA CAIXA FUSÍVEIS;1;44,33;44,54;50,18;92,16;92,16;0;0;0;0;0;1;C;04/04/2026;03/03/2026;RA0313;C;108SK1;GM - Brasil;Sim;Sim;Ativo;1;COBALT - 2012 A 2020, ONIX - 2013 A 2019, PRISMA B - 2013 A 2019, SPIN - 2013 A 2020
9;95941992;MOLDURA FAROL NEBLINA ESQ;2;286,76;286,76;395,15;561,90;561,90;0;1;1;0;0;0;C;09/07/2026;22/06/2026;RA0683;C;112PD1;GM - Brasil;Não;Não;Ativo;1;CRUZE A  - 2012 A 2016
9;95952908;TAMPA REBOQUE PARA-CHOQUE TRAS;2;13,13;12,99;13,13;24,82;24,82;2;0;1;1;0;0;B;28/07/2026;29/07/2026;DD0738;B;111AH2;GM - Brasil;Não;Não;Ativo;1;CRUZE A  - 2012 A 2016
9;95969680;COXIM CAIXA FILTRO DE AR MOTOR;1;10,29;11,32;14,98;59,08;59,08;0;1;0;0;0;0;D;11/11/2025;12/06/2026;RA1010;D;107AD1;GM - Brasil;Não;Não;Ativo;1;COBALT - 2012 A 2016, ONIX - 2013 A 2019, PRISMA - 2013 A 2019, SONIC - 2012 A 2014, SPIN - 2013 A 2021
9;95991355;PARA-CHOQUE DIANTEIRO;5;362,70;362,70;362,70;969,54;969,54;3;2;0;1;1;2;A;31/07/2026;17/07/2026;JLL40;A;400AB;GM - Brasil;Não;Não;Ativo;1;CRUZE A  - 2012 A 2016
9;96497159;COXIM DIANT BATENTE CAPÔ;2;7,41;7,15;10,03;14,93;14,93;0;0;2;0;2;0;C;22/09/2025;06/05/2026;CVA23;C;110PD1;GM - Brasil;Não;Não;Ativo;1;COBALT - 2012 A 2020, CRUZE A - 2012 A 2016, CRUZE B - 2017 A 2019, EQUINOX - 2018 A 2019, ONIX - 2013 A 2019, PRISMA B - 2013 A 2019, SONIC - 2012 A 2014, SPIN - 2013 A 2020, TRACKER B - 2014 A 2019
9;96852625;SUPORTE COXIM;1;74,67;74,67;74,67;167,67;167,67;0;0;0;0;0;0;D;16/07/2026;15/02/2018;DD0721;D;GERAL;GM - Brasil;Não;Não;Ativo;1;
9;96853901;COIFA AMORTECEDOR DIANTEIRO;31;12,40;12,40;12,40;33,99;33,99;1;1;6;14;9;4;A;31/07/2026;17/07/2026;COPA06;A;108XJ1;GM - Brasil;Não;Não;Ativo;1;COBALT - 2012 A 2020, ONIX - 2013 A 2019, PRISMA B - 2013 A 2019, SONIC - 2012 A 2014, SPIN - 2013 A 2020
9;96889998;TAMPA EIXO COMANDO VÁLVULAS;7;1.605,75;2.262,05;2.143,98;3.123,10;3.123,10;1;0;0;0;1;1;B;18/12/2025;30/07/2026;CVA61;B;150QC1;GM - Brasil;Não;Não;Ativo;1;
9;96895448;SUPORTE HASTE DO CAPÔ;2;0,84;0,84;0,84;21,87;21,87;1;0;1;0;1;1;B;29/07/2026;16/07/2026;RA0722;B;107RC1;GM - Brasil;Não;Não;Ativo;1;COBALT - 2012 A 2020, ONIX - 2013 A 2019, PRISMA B - 2013 A 2019, SONIC - 2012 A 2014, SPIN - 2013 A 2020, TRACKER B - 2014 A 2019
9;96950990;FILTRO DE AR;2;65,31;100,99;99,53;239,08;239,08;2;0;0;0;2;1;A;12/08/2025;31/07/2026;ATG13;A;105BK1;GM - Brasil;Sim;Sim;Ativo;1;COBALT - 2012 A 2020
9;97289169;COXIM DO ESCAPAMENTO;14;18,11;18,27;18,11;33,67;33,67;0;0;3;0;11;8;A;25/06/2026;29/05/2026;CVA130;A;108PD2;GM - Brasil;Não;Não;Ativo;1;S10 B - 2012 A 2020, TRAILBLAZER - 2013 A 2020
9;97357492;BUCHA ALGEMA MOLA TRASEIRA;222;6,11;6,11;6,11;16,76;16,76;136;90;95;78;127;119;A;29/07/2026;31/07/2026;COPA55;A;111SC1;GM - Brasil;Não;Não;Ativo;1;S10 B - 2012 A 2020
9;97946545;BUCHA TRASEIRA;150;4,81;4,86;6,14;13,33;13,33;44;60;30;41;82;36;A;13/07/2026;28/07/2026;COPA40;A;105DC1;GM - Brasil;Não;Não;Ativo;1;S10 B - 2012 A 2020
9;98057114;BUCHA PINO;1;10,87;11,00;17,67;22,42;22,42;0;0;0;2;0;4;B;07/05/2026;29/04/2026;CVA138;B;107RK1;GM - Brasil;Sim;Sim;Ativo;1;MONTANA B - 2011 A 2020, S10 B - 2012 A 2020
9;98057864;REBITE NAO ROSCADO D;3;6,49;5,96;6,49;15,00;15,00;0;0;0;0;0;0;D;23/10/2025;18/11/2025;CICAL THIAGO;D;108QG2;GM - Brasil;Sim;Sim;Ativo;1;
9;98128415;EIXO DIREÇÃO INFERIOR;1;212,21;212,21;212,21;526,67;526,67;0;1;1;0;2;0;B;31/07/2026;18/06/2026;JLL51;B;197BD;GM - Brasil;Não;Não;Ativo;1;S-10 - 2012 A 2016
9;98129627;ALAVANCA CABO;2;30,99;41,52;46,75;59,29;59,29;0;0;1;1;1;0;B;05/06/2026;21/05/2026;CVA10M;B;106AH1;GM - Brasil;Não;Não;Ativo;1;S-10 - 2012 A 2021, TRAILBLAZER - 2013 A 2021
9;98132552;PROTETOR DIANTEIRO LD;4;91,25;92,86;124,31;171,21;171,21;1;1;1;3;3;1;A;08/07/2026;30/07/2026;CVA161;A;108QD1;GM - Brasil;Não;Não;Ativo;1;S10 B - 2012 A 2020, TRAILBLAZER - 2013 A 2020
9;98132554;PROTETOR DIANTEIRO LE;8;91,02;123,62;123,73;175,49;175,49;2;0;1;6;2;3;A;02/06/2026;30/07/2026;CVA03M;A;112DD1;GM - Brasil;Não;Não;Ativo;1;S10 B - 2012 A 2020, TRAILBLAZER - 2013 A 2020
9;98165412;MOTOR VENTILADOR AR INTERNO;4;366,66;366,66;512,23;1.081,15;1.081,15;0;0;0;0;0;2;C;17/03/2026;18/02/2026;NMA21;C;153CC1;GM - Brasil;Sim;Sim;Ativo;1;S10 B - 2012 A 2020, TRAILBLAZER - 2013 A 2020
9;98180461;LIGAÇÃO TAMPA LE;1;121,41;121,41;121,41;240,09;44,00;0;0;0;0;0;0;D;07/01/2026;29/01/2016;ZZ0975;D;106PH1;GM - Brasil;Não;Não;Ativo;1;
9;98180462;LIGAÇÃO TAMPA LD;1;102,84;102,84;102,84;202,61;42,65;0;0;0;0;0;0;D;07/10/2025;18/08/2021;DDS999;D;110PD1;GM - Brasil;Não;Não;Ativo;1;S-10 - 2012 A 2015
9;98186801;VIDRO ESPELHO RETROVISOR DIR;1;135,33;135,33;135,33;348,01;348,01;2;0;0;0;0;2;B;02/07/2026;16/07/2026;COPA40;B;110AK1;GM - Brasil;Não;Não;Ativo;1;S-10 - 2012 A 2021, TRAILBLAZER - 2013 A 2021
9;98500130;EMBREAGEM E PLATÔ 2.4 FLEX;1;1.040,85;1.040,85;1.040,85;2.178,24;2.178,24;1;1;0;0;0;1;B;21/07/2026;17/07/2026;NF 1019842 CICAL;B;198BB1;GM - Brasil;Não;Não;Ativo;1;S10 B - 2012 A 2020
9;98500161;MOTOR PARCIAL;5;6.558,30;6.597,49;6.558,30;19.239,05;19.239,05;0;0;0;0;0;0;D;30/07/2026;11/08/2021;MP1307;D;BLOCO A;GM - Brasil;Não;Não;Ativo;1;COBALT - 2013 A 2015, SPIN - 2013 A 2015
9;98500212;COMANDO DE VALVULAS;11;601,47;794,48;794,48;1.731,24;1.731,24;4;5;4;4;2;1;A;13/07/2026;31/07/2026;COPA47;A;107SB1;GM - Brasil;Não;Não;Ativo;1;ONIX - 2013 A 2019, PRISMA B - 2013 A 2019
9;98500224;ARVORE EIXO COMANDO VALVULAS;9;697,90;938,29;938,29;2.044,61;2.044,61;2;0;3;1;4;2;A;25/04/2026;28/07/2026;ABRR13;A;144GC1;GM - Brasil;Não;Não;Ativo;1;COBALT - 2012 A 2020, ONIX - 2013 A 2019, PRISMA B - 2013 A 2019
9;98500507;MOTOR PARCIAL;1;3.766,45;3.766,45;3.766,45;10.983,40;10.983,40;1;0;1;1;1;1;B;28/07/2026;14/07/2026;MP1307;B;BLOCO A;GM - Brasil;Não;Não;Ativo;1;1.4 COBALT
9;98500555;CABO SELETOR DE MARCHA;16;589,32;575,53;763,61;1.723,05;1.723,05;0;0;2;3;5;0;A;28/07/2026;03/07/2026;JLL13;A;161ZC2;GM - Brasil;Não;Não;Ativo;1;CELTA - 2001 A 2016, CORSA A - 1994 A 2017, CORSA PICK-UP - 1994 A 2017, CORSA WAGON - 1994 A 2017, PRISMA A - 2007 A 2012
9;98550032;SILICONE SPRAY VECTRA B 1997 1998 1999;166;13,58;13,85;13,58;23,77;23,77;120;56;67;66;64;56;A;08/07/2026;01/08/2026;CVA16M;A;144BD1;GM - Brasil;Sim;Sim;Ativo;1;ONIX - 2013 A 2019, PRISMA B - 2013 A 2019, COBALT - 2012 A 2020, SPIN - 2013 A 2020, MERIVA - 2002 A 2012, MONZA - 1982 A 1996, TIGRA - 1998 A 2000, CALIBRA - 1994 A 1995, TRAILBLAZER - 2013 A 2020, OMEGA B - 1999 A 2009, ZAFIRA - 2001 A 2012, VECTRA B - 1997 A 2005, ASTRA B - 1999 A 2011, CORSA B - 2002 A 2012, MONTANA B - 2011 A 2020, CELTA - 2001 A 2016, PRISMA A - 2007 A 2012, CORSA A - 1994 A 2017, S-10 - 1995 A 2011, OPALA - 1969 A 1992, CAMARO - 2011 A 2015
9;98550134;OLEO CAMBIO AUTOMATICO ACDELCO DEXRON VI;780;67,49;56,35;60,77;143,75;143,75;892;540;392;479;299;303;A;30/07/2026;03/08/2026;JUN20A;A;125AA1;GM - Brasil;Sim;Sim;Ativo;1;PRISMA - 2008 A 2020, CELTA - 2001 A 2020, CORSA NOVO - 2002 A 2012, MONTANA - 2004 A 2020, ASTRA - 1995 A 2011, VECTRA - 1994 A 2012, MERIVA - 2002 A 2012, ZAFIRA - 2001 A 2012, AGILE - 2009 A 2020, COBALT - 2012 A 2020, ONIX - 2013 A 2020, CORSA PICKUP - 1997 A 2003, SPIN - 2013 A 2020, CRUZE - 2012 A 2020, KADETT - 1989 A 1998, TIGRA - 1998 A 2000, OMEGA - 1993 A 2011, MONZA - 1982 A 1996, SONIC - 2012 A 2014, CAPTIVA - 2008 A 2014, TRACKER - 2001 A 2020, CALIBRA - 1994 A 1995, OPALA - 1969 A 1992, CHEVETTE - 1973 A 1994, IPANEMA - 1989 A 1998, SUPREMA - 1994 A 1998, SILVERADO - 1997 A 2002, TRAILBLAZER - 2013 A 2020, MALIBU - 2010 A 2012, CAMARO - 2011 A 2014, S-10 - 1995 A 2020, BLAZER - 1996 A 2011, CORSA CLASSIC - 1994 A 2020
9;98550135;ÓLEO SINTÉTICO DIFERENCIAL SAE 75W90;78;157,56;197,86;157,56;410,71;410,71;30;30;31;35;35;32;A;30/07/2026;29/07/2026;JUN20A;A;125AA1;GM - Brasil;Sim;Sim;Ativo;1;TRAILBLAZER - 2013 A 2020, S-10 - 2012 A 2020
9;98550159;ÓLEO MINERAL MOTOR DIESEL 15W40 API CI4;133;31,56;31,84;31,56;98,72;98,72;0;24;0;95;19;0;A;16/07/2026;10/06/2026;JUN16A;A;125AA1;GM - Brasil;Sim;Sim;Ativo;1;S-10 - 2001 A 2011, BLAZER - 2001 A 2011
9;98550168;ÓLEO SINTÉTICO MOTOR SAE 5W30 API SN;1262;35,99;37,08;35,49;77,29;77,30;1339;865;472;613;530;612;A;30/07/2026;31/07/2026;JUN20A;A;125AA1;GM - Brasil;Sim;Sim;Ativo;1;PRISMA - 2013 A 2019, COBALT - 2012 A 2019, AGILE - 2012 A 2014, ONIX - 2013 A 2019, SPIN - 2013 A 2020, CRUZE - 2012 A 2020, SONIC - 2012 A 2014, TRACKER - 2014 A 2020, CAPTIVA - 2009 A 2017, TRAILBLAZER - 2013 A 2020, CAMARO - 2011 A 2020, MALIBU - 2010 A 2012, S10 - 2012 A 2020
9;98550378;ÓLEO SEMISSINTÉTICO MOTOR SAE 5W30 API SN;608;24,86;24,41;35,48;75,40;75,40;109;143;80;578;164;229;A;16/07/2026;01/08/2026;JUN16A;A;125AA1;GM - Brasil;Sim;Sim;Ativo;1;PRISMA - 2008 A 2016, CELTA - 2007 A 2016, CORSA CLASSIC - 2006 A 2017, CORSA NOVO - 2007 A 2012, MONTANA - 2004 A 2017, MERIVA - 2006 A 2012, AGILE - 2009 A 2015, COBALT - 2012 A 2016, ONIX - 2013 A 2016, SPIN - 2013 A 2016
9;98550549;ÓLEO SINTÉTICO MOTOR SAE 0W20 API SN;416;31,05;40,53;41,30;2.302,84;95,45;98;101;79;90;61;64;A;27/05/2026;01/08/2026;ABR17A;A;125AA1;GM - Brasil;Sim;Sim;Ativo;1;PRISMA - 2017 A 2019, COBALT - 2017 A 2019, ONIX - 2017 A 2019, SPIN - 2017 A 2020, CRUZE - 2017 A 2020, S-10 - 2015 A 2020
9;98550553;ÓLEO MOTOR SEMISSINTÉTICO SAE 15W40 API SL;232;32,37;23,66;23,66;79,05;79,06;66;1;62;13;14;63;A;07/01/2026;03/08/2026;DEZ04A;A;125AA1;GM - Brasil;Sim;Sim;Ativo;1;PRISMA - 2008 A 2016, CELTA - 2007 A 2016, CORSA CLASSIC - 1994 A 2017, MONTANA - 2004 A 2016, CORSA NOVO - 2006 A 2012, ASTRA - 2004 A 2011, VECTRA - 2006 A 2012, MERIVA - 2003 A 2012, ZAFIRA - 2004 A 2012, COBALT - 2012 A 2016, AGILE - 2009 A 2014, ONIX - 2013 A 2016, SPIN - 2013 A 2016, CRUZE - 2012 A 2016, OMEGA - 2008 A 2011, SONIC - 2012 A 2014, CAPTIVA - 2008 A 2016, TRACKER - 2014 A 2016, TRAILBLAZER - 2013 A 2016, MALIBU - 2010 A 2012, CAMARO - 2011 A 2020, S-10 - 2005 A 2016, BLAZER - 2005 A 2011
9;98550670;ADITIVO DIESEL 200ML;10;14,80;12,76;11,95;32,70;32,70;12;4;2;1;7;1;A;28/04/2026;27/07/2026;RA0446;A;145BG1;GM - Brasil;Sim;Sim;Ativo;1;
9;98550706;JOGO PASTILHAS FREIO DIANTEIRO;1;24,12;32,66;32,66;59,54;59,54;0;1;0;1;0;1;B;21/01/2026;23/06/2026;PFHY03;B;110TG1;GM - Brasil;Não;Não;Ativo;1;
9;98550707;PASTILHA FREIO DIANTEIRO;2;30,19;33,44;44,44;83,59;83,59;0;0;0;0;0;0;D;24/07/2025;16/12/2025;JULU51;D;109BC1;GM - Brasil;Não;Não;Ativo;1;
9;98550709;JOGO PASTILHAS FREIO DIANTEIRO;3;22,14;27,50;59,99;73,66;73,66;0;0;0;0;0;0;D;03/02/2023;16/10/2025;ACD011;D;144DC1;GM - Brasil;Não;Não;Ativo;1;
9;98550713;PASTILHA FREIO DIANTEIRO;2;28,80;27,91;38,85;75,79;75,79;0;0;0;0;0;0;D;22/02/2024;09/07/2025;FRVR21;D;106DC1;GM - Brasil;Não;Não;Ativo;1;
9;98550724;JOGO PASTILHAS FREIO DIANTEIRO;13;45,04;48,35;45,04;128,70;128,70;0;0;0;0;0;0;D;13/12/2023;30/01/2025;PSTF15;D;144TC1;GM - Brasil;Não;Não;Substituído;1;
9;98550725;JOGO PASTILHAS FREIO DIANTEIRO;1;46,27;38,51;46,27;128,01;128,01;0;0;0;0;0;0;D;04/09/2023;10/08/2023;OTO66;D;111PG1;GM - Brasil;Não;Não;Ativo;1;
9;98550727;JOGO PASTILHAS FREIO DIANTEIRO;1;55,67;53,16;53,16;150,07;150,07;0;0;0;0;0;0;D;06/02/2023;03/01/2025;ACD011;D;110RB1;GM - Brasil;Não;Não;Ativo;1;
9;98550735;JOGO PASTILHAS FREIO DIANTEIRO;85;39,02;39,03;54,25;95,46;95,46;22;30;20;10;20;30;A;31/07/2026;30/07/2026;JLL31;A;144PG1;GM - Brasil;Não;Não;Ativo;1;
9;98550739;JOGO PASTILHAS FREIO DIANTEIRO;1;69,19;69,19;69,19;169,20;169,20;0;0;0;0;0;0;D;21/11/2025;27/10/2025;LTAC08;D;108RP1;GM - Brasil;Não;Não;Ativo;1;
9;98550769;BATERIA 60AH D  ADR60DD;4;273,40;279,25;263,75;454,42;454,42;4;3;3;7;4;2;A;22/07/2026;31/07/2026;NF 851169;A;197CA;GM - Brasil;Sim;Sim;Obsoleto;1;VARIOS MODELOS
9;98550771;BATERIA 70AH D  ADR70ND;2;385,92;412,12;422,27;614,75;614,75;0;2;0;2;3;2;A;22/07/2026;24/06/2026;NF 851169;A;197CB;GM - Brasil;Sim;Sim;Obsoleto;1;70AMP 18MESES 16.20KG  52149385 gm 70amp 98550798 24meses
9;98550774;BATERIA 50AH D  ADR50GD;4;267,75;279,25;285,88;475,26;475,26;0;2;1;3;1;6;A;22/07/2026;02/07/2026;NF 851169;A;197CA;GM - Brasil;Sim;Sim;Obsoleto;1;VARIOS MODELOS
9;98550806;PNEU BRIDGESTONE 245/70R 16   DUELER H/T 684 III ECOPIA  111T;2;995,91;995,91;995,91;1.720,00;1.720,00;0;1;0;0;3;1;B;08/05/2026;29/06/2026;PNG656;B;PNEUS;GM - Brasil;Não;Não;Ativo;1;
9;98550816;PNEU FIRESTONE 175/65R 14  F-700  82T;1;352,76;449,00;326,55;699,94;699,94;0;0;0;0;0;0;D;26/06/2023;12/03/2026;018350183/BGT10;D;PNEUS;GM - Brasil;Não;Não;Ativo;1;CITROEN ZX, CITROEN BERLINGO, FIAT MOBI, FIAT PALIO, FIAT SIENA, FIAT TIPO, FIAT UNO, FORD FIESTA, FORD KA, HONDA FIT, KIA RIO, PEUGEOT 206, PEUGEOT 207, PEUGEOT PARTNER, RELY VAN, RENAULT CLIO, RENAULT KANGOO, RENAULT SYMBOL, TOYOTA ETIOS, VW FOX
9;98550982;PNEU CONTINENTAL 215/55R18 95H CONTIPREMIUMCONTACT 2;3;950,37;1.165,00;1.165,00;1.889,64;1.889,64;0;0;0;0;0;0;D;05/08/2025;30/08/2025;PNUT10;D;PNEUS;GM - Brasil;Não;Não;Obsoleto;1;
9;98551016;PALHETA DIANTEIRA;4;70,34;92,30;93,61;164,29;164,29;0;0;0;0;0;0;D;21/11/2025;27/10/2025;LTAC07;D;145HD1;GM - Brasil;Não;Não;Ativo;1;
9;98551028;FLUIDO FREIO DOT4;1207;18,55;19,05;19,96;39,31;39,31;443;431;446;402;414;433;A;30/07/2026;03/08/2026;JLL30;A;159KB1;GM - Brasil;Sim;Sim;Ativo;1;
9;98551046;FRISO DE PORTA ¿ BRANCO SUMMIT ;1;253,12;339,01;339,27;565,90;565,90;0;0;0;0;0;0;D;22/01/2025;17/02/2025;KITP97;D;159CA1;GM - Brasil;Sim;Sim;Obsoleto;1;EQUINOX - 2018 A 2019
9;98551188;PNEU BRIDGESTONE 205/60R16  ECOPIA EP150  92H;9;623,81;625,50;594,48;1.319,13;1.350,00;0;0;0;4;0;4;B;16/06/2026;30/04/2026;PNEJUN;B;PNEUS;GM - Brasil;Não;Não;Ativo;1;
9;98551266;AMORTECEDOR TAMPA CAÇAMBA;7;283,80;283,80;283,80;561,88;561,88;2;1;1;4;4;1;A;24/07/2026;08/07/2026;JLL35;A;105PD1;GM - Brasil;Não;Não;Ativo;1;S10
9;98551284;APARELHO SOM PIONEER BLUETOOTH USB MVH S218BT USB AUTOMOTIVO;3;275,03;371,78;275,03;440,60;440,60;0;0;0;1;0;0;D;05/11/2024;14/04/2026;RYD102;D;1SALA B3;GM - Brasil;Não;Não;Obsoleto;1;
9;98551299;FRISO DE PORTA - AZUL SEEKER ;3;253,12;413,94;393,28;552,90;552,90;0;0;1;0;0;1;C;07/07/2025;06/05/2026;ACE06;C;163BB1;GM - Brasil;Sim;Sim;Ativo;1;ONIX PLUS E NOVO ONIX
9;98551304;FRISO DE PORTA - LARANJA ;1;253,12;357,26;253,12;552,22;552,22;0;0;0;0;0;0;D;22/01/2025;26/11/2024;KITP97;D;159CA1;GM - Brasil;Sim;Sim;Ativo;1;ONIX - 2020 A 2020
9;98551308;FRISO DE PORTA - AZUL ECLIPSE ;1;249,40;332,23;332,23;552,22;552,22;0;0;0;1;0;0;D;22/01/2025;13/04/2026;KITP97;D;163BC1;GM - Brasil;Sim;Sim;Ativo;1;NOVO TRACKER
9;98551310;FRISO DE PORTA - VERMELHO CHILI ;1;253,13;253,13;338,15;552,22;552,22;0;0;0;0;0;0;D;01/09/2025;30/07/2025;AC0805;D;159HB1;GM - Brasil;Sim;Sim;Ativo;1;NOVO TRACKER
9;98551346;SOLEIRA PORTA RESINADA ONIX;3;83,90;121,11;132,22;179,90;179,90;1;1;0;0;3;3;A;17/04/2026;10/07/2026;AC0402;A;1SALA L3;GM - Brasil;Sim;Sim;Ativo;1;
9;98551347;SOLEIRA PORTA RESINADA ONIX TURBO;15;89,18;88,40;89,18;179,90;179,90;4;6;7;4;5;7;A;27/07/2026;30/07/2026;JLL35;A;1SALA L4;GM - Brasil;Sim;Sim;Ativo;1;
9;98551348;SOLEIRA PORTA RESINADA TRACKER;3;89,81;121,12;116,74;179,90;179,90;1;2;6;4;5;0;A;29/06/2026;29/07/2026;;A;1SALA J4;GM - Brasil;Sim;Sim;Ativo;1;
9;98551349;SOLEIRA PORTA RESINADA TRACKER TURBO;3;79,70;121,12;109,92;179,90;179,90;8;1;3;6;12;1;A;29/06/2026;31/07/2026;;A;144CB1;GM - Brasil;Sim;Sim;Ativo;1;
9;98551356;SOLEIRA RESINADA PRETA;5;97,41;97,41;97,41;179,90;179,90;4;3;1;1;1;3;A;27/07/2026;24/07/2026;JLL35;A;1SALA B2;GM - Brasil;Não;Não;Ativo;1;
9;98551362;SOLEIRA RESINADA PRETA;1;89,80;90,22;89,80;179,90;179,90;2;3;1;4;2;3;A;29/06/2026;21/07/2026;;A;1SALA C3;GM - Brasil;Não;Não;Ativo;1;
9;98551363;SOLEIRA RESINADA ALUMÍNIO;4;90,03;90,22;90,04;179,90;179,90;4;5;4;6;2;1;A;29/06/2026;30/07/2026;;A;1SALA L4;GM - Brasil;Não;Não;Ativo;1;
9;98551371;PONTEIRA ESCAPAMENTO AÇO INOX;1;220,89;220,89;413,85;628,10;628,10;0;0;0;0;0;0;D;07/07/2025;03/06/2025;;D;VITRINE;GM - Brasil;Não;Não;Ativo;1;
9;98551379;TAPETE BANDEJA PORTA MALAS;9;178,60;228,62;228,62;664,90;664,90;0;0;0;0;0;1;D;13/05/2024;11/02/2026;BLZ031;D;200AA1;GM - Brasil;Não;Não;Ativo;1;EQUINOX - 2018 A 2019
9;98552025;PONTEIRA ESCAPAM AÇO INOX DUPLA;2;602,29;602,29;601,36;1.143,75;1.143,75;1;0;0;0;0;0;D;28/01/2026;07/07/2026;;D;1SALA A3;GM - Brasil;Não;Não;Ativo;1;
9;98552043;VEDADOR SILICONE LÍQUIDO;135;33,00;21,40;34,90;75,63;75,63;111;87;139;99;89;78;A;16/07/2026;31/07/2026;COPA55;A;145HC1;GM - Brasil;Sim;Sim;Ativo;1;
9;98552888;PNEU BRIDGESTONE 215/60R16  ECOPIA EP150  95V;4;775,85;580,80;590,12;1.203,65;1.203,65;0;0;0;0;4;0;C;07/04/2026;18/03/2026;PN6598;C;PNEUS;GM - Brasil;Não;Não;Ativo;1;
9;98552896;PNEU CONTINENTAL 185/65R15 CONTIPOWERCONTACT 2;5;484,47;483,00;484,47;966,89;966,89;2;4;4;8;2;6;A;16/07/2026;21/07/2026;PNEAUTOMOTIVAJUL;A;PNEUS;GM - Brasil;Não;Não;Ativo;1;MONTANA,  ONIX,  PRISMA II, CHRYSLER: NEON, CITROEN C3, CITROEN XANTIA, CITROEN XSARA PICASSO, HONDA CIVIC, KIA CERATO, NISSAN GRAND LIVINA, NISSAN LIVINA, NISSAN LIVINA, NISSAN VERSA, PEUGEOT HOGGAR, PEUGEOT PARTNER, RENAULT SCENIC, TOYOTA ETIOS
9;98552898;PNEU CONTINENTAL 195/55R16 CONTIPOWERCONTACT 2;8;530,92;650,00;530,21;955,98;955,98;0;1;4;1;10;3;A;23/04/2026;27/06/2026;PN6598;A;PNEUS;GM - Brasil;Não;Não;Ativo;1;
9;98552923;ÓLEO MOTOR DIESEL SAE 5W30 API SN DEXOS2;2713;42,69;35,66;56,96;128,89;100,00;1405;1441;1476;1386;1357;1202;A;16/07/2026;01/08/2026;JUN16A;A;125AA1;GM - Brasil;Sim;Sim;Ativo;1;
9;98553006;PNEU CONTINENTAL 195/65R15 CONTIPOWERCONTACT 2;3;504,84;508,17;504,84;969,34;969,34;0;0;2;0;2;0;C;23/04/2026;29/05/2026;PN6598;C;PNEUS;GM - Brasil;Não;Não;Ativo;1;
9;98553127;PONTEIRA ESCAPAM BLACK PIANO DUPLA;1;641,91;641,91;641,91;1.272,69;1.272,69;0;0;0;0;1;1;C;16/04/2026;12/03/2026;AC0402;C;1SALA C2;GM - Brasil;Não;Não;Ativo;1;
9;98553129;PONTEIRA ESCAPAM BLACK PIANO SIMPLES;1;280,55;280,55;365,83;798,00;798,00;0;0;0;0;0;0;D;07/07/2025;;;D;1SALA I4;GM - Brasil;Não;Não;Ativo;1;
9;98553139;DECALQUE-INF PTA/LAT;1;81,47;81,47;81,47;224,26;224,26;0;0;0;0;1;0;C;11/02/2026;30/03/2026;DD0203;C;113GB1;GM - Brasil;Sim;Sim;Ativo;1;
9;98553143;DECAL,PUBX SI UPR;2;36,12;28,43;28,43;86,31;86,31;2;3;0;0;0;1;B;09/07/2026;07/07/2026;RA0682;B;108QG1;GM - Brasil;Sim;Sim;Ativo;1;
9;98553169;KIT MOLDURA DE PARALAMA DIANTEIRO;3;258,47;348,15;258,47;482,90;482,90;0;2;1;0;1;1;B;05/12/2025;02/07/2026;AFECH;B;900DA;GM - Brasil;Não;Não;Ativo;1;
9;98553463;TAPETE DE CAÇAMBA PUXA FÁCIL;5;188,41;195,58;188,41;411,25;790,00;1;0;0;3;3;0;A;23/04/2026;07/07/2026;AC0402;A;163PA1;GM - Brasil;Sim;Sim;Ativo;1;NOVA MONTANA 23/
9;98553466;KIT MOLDURA DE PARALAMA TRASEIRO;8;255,76;315,14;345,75;471,90;471,90;0;0;1;0;1;0;C;28/08/2024;06/05/2026;GGY104;C;900GA;GM - Brasil;Não;Não;Ativo;1;
9;98553726;PONTEIRA ESCAPAM AÇO INOX DUPLA;1;478,49;854,62;693,08;1.232,21;1.232,21;1;0;0;0;0;0;D;19/03/2025;07/07/2026;ORCA DF OFIC;D;1SALA L1;GM - Brasil;Não;Não;Ativo;1;
9;98553767;BATERIA 72AH;1;355,05;607,12;525,73;838,79;838,79;0;0;0;0;0;0;C;;;;C;197CA;GM - Brasil;Sim;Sim;Ativo;1;
9;98553843;Estribo Lateral Tubular Preto;2;791,72;1.073,00;918,45;1.695,09;1.695,09;0;0;2;0;1;2;B;20/07/2026;02/06/2026;RDS002;B;156CC1;GM - Brasil;Não;Não;Ativo;1;NOVA MONTANA 23/
9;98553845;Santo Antônio Tubular Preto;1;717,78;950,41;808,97;1.493,03;1.493,03;0;0;0;0;0;1;C;13/03/2026;05/02/2026;AFEV02;C;156AC1;GM - Brasil;Não;Não;Ativo;1;NOVA MONTANA 23/
9;98553846;Santo Antônio Tubular Cromado;3;942,64;1.319,18;1.319,18;2.053,52;2.053,52;0;0;1;0;0;1;C;09/02/2024;22/05/2026;;C;DEPOSIT BB;GM - Brasil;Não;Não;Ativo;1;NOVA MONTANA 23/
9;98553886;OLEO MOTOR 5W-30 ACDELCO;4146;39,09;36,25;47,03;100,02;100,02;3063;2438;2483;2339;2434;2075;A;30/07/2026;03/08/2026;JUN20A;A;125AA1;GM - Brasil;Sim;Sim;Ativo;1;
9;98553888;ÓLEO SINTÉTICO MOTOR SAE 0W20 API SP DEXOS1 GEN3;3856;48,85;53,80;52,63;112,15;112,15;2897;2477;2146;1842;1759;1780;A;30/07/2026;03/08/2026;JUN20A;A;125AA1;GM - Brasil;Sim;Sim;Ativo;1;GAS/FLEX/GNV
9;98553963;FRISO DE PORTA - AZUL DARKMOON BLUE ;1;308,05;412,75;328,43;628,90;965,00;0;0;0;0;0;0;D;23/06/2025;14/05/2025;TROCAKITO;D;163AB1;GM - Brasil;Sim;Sim;Ativo;1;NOVA MONTANA 23/
9;98553964;FRISO DE PORTA - PRATA SWITCHBLADE SILVER ;1;325,03;325,03;325,60;628,90;628,90;0;0;0;0;0;0;D;04/06/2024;21/07/2023;DEV. KITOPLASTIC;D;151SC1;GM - Brasil;Sim;Sim;Ativo;1;NOVA MONTANA 23/
9;98553966;FRISO DE PORTA - PRETO BLACK MEET KETTLE ;2;254,77;375,05;331,57;628,90;628,90;0;0;0;0;0;0;D;28/04/2025;24/03/2025;TROCA3;D;159CB1;GM - Brasil;Sim;Sim;Ativo;1;NOVA MONTANA 23/
9;98553967;FRISO DE PORTA - VERDE SAFARI CANNON GREEN ;1;254,78;330,48;254,78;628,90;628,90;0;0;0;0;0;0;D;22/01/2025;11/12/2024;KITP97;D;152CB1;GM - Brasil;Sim;Sim;Ativo;1;NOVA MONTANA 23/
9;98553968;FRISO DE PORTA - VERMELHO CHILI RED ;1;247,39;375,05;375,05;628,90;628,90;0;0;0;0;0;0;D;01/04/2024;18/12/2024;DSC700;D;159GB1;GM - Brasil;Sim;Sim;Ativo;1;NOVA MONTANA 23/
9;98553973;EMBLEMA ALTO RELEVO TAMPA TRASEIRA;3;240,03;240,03;240,04;524,89;524,89;0;0;0;0;0;0;D;28/11/2025;03/11/2025;;D;112AK1;GM - Brasil;Sim;Sim;Ativo;1;NOVA MONTANA 23/
9;98553974;EMBLEMA ALTO RELEVO TAMPA TRASEIRA;5;184,19;228,97;228,97;502,25;502,25;2;0;2;1;3;0;A;07/07/2026;20/07/2026;ALDS03;A;106BC1;GM - Brasil;Sim;Sim;Ativo;1;NOVA MONTANA 23/
9;98553975;EMBLEMA ALTO RELEVO TAMPA TRASEIRA;1;255,07;386,40;295,39;593,48;593,48;1;0;0;0;0;0;D;10/05/2024;28/07/2026;3TMO24;D;106CA1;GM - Brasil;Sim;Sim;Ativo;1;NOVA MONTANA 23/
9;98553985;SOLEIRAS PORTA RESINADA;4;80,67;81,87;80,67;179,90;179,90;2;0;2;4;2;2;A;09/06/2026;30/07/2026;;A;144BD1;GM - Brasil;Sim;Sim;Ativo;1;NOVA MONTANA 23/
9;98554060;BAR,PUBX ORNAMENTATI;1;1.452,74;1.452,74;1.452,74;3.124,15;3.124,15;1;0;0;0;0;0;C;27/07/2026;21/07/2026;MARC01;C;156CB1;GM - Brasil;Não;Não;Ativo;1;
9;98554086;PNEU GENERAL 185/70R14 ALTIMAX ONE;1;369,72;0,00;369,72;718,39;718,39;0;0;0;0;0;0;D;13/12/2023;27/08/2024;CBF100;D;PNEUS;GM - Brasil;Não;Não;Ativo;1;
9;98554223;FRISO DE PORTA - BRANCO SUMMIT WHITE ;3;259,57;257,69;395,18;628,90;628,90;0;0;0;0;0;2;C;18/12/2025;27/02/2026;AFECH;C;163AC1;GM - Brasil;Sim;Sim;Ativo;1;NOVA MONTANA 23/
9;98554227;FRISO DE PORTA - PRATA SHARKSKIN SILVER ;2;287,63;287,63;379,27;628,90;628,90;0;0;0;0;0;0;C;27/02/2026;03/07/2026;AFEV02;C;163BA1;GM - Brasil;Sim;Sim;Ativo;1;NOVA MONTANA 23/
9;98554228;FRISO DE PORTA - PRATA SHARKSKIN SILVER ;3;284,63;382,40;382,40;628,90;628,90;2;0;3;2;1;0;A;23/06/2026;30/07/2026;ALDS03;A;163DC1;GM - Brasil;Sim;Sim;Ativo;1;NOVA MONTANA 23/
9;98554269;PNEU BRIDGESTONE 215/50R17  TURANZA T005  95W;4;735,00;711,00;673,93;1.279,32;1.279,32;0;0;0;0;0;0;D;23/01/2026;05/12/2025;NF 30647;D;PNEUS;GM - Brasil;Não;Não;Ativo;1;CRUZE, FIAT CROMA, FIAT STILO, FORD FOCUS, HONDA CIVIC, MITSUBISHI ECLIPSE, SUBARU LEGACY, TOYOTA COROLLA, VOLVO C70, VOLVO S60, VOLVO S80
9;98554358; MÓDULO DE ENTRETENIMENTO;1;977,15;977,15;2.030,97;3.350,31;3.350,31;0;0;0;0;0;0;D;17/03/2026;25/11/2025;NF OCT;D;1SALA B1;GM - Brasil;Sim;Sim;Ativo;1;
9;98554473;REGULADOR KIT-JAN PT;1;770,04;770,04;770,04;1.817,52;1.817,52;0;0;0;0;0;0;C;23/02/2026;;MODU01;C;1SALA M3;GM - Brasil;Sim;Sim;Ativo;1;
9;98554479;ALARM,THEFT DTRNT;10;351,45;367,99;564,95;1.104,79;1.104,79;0;0;0;0;0;0;D;15/07/2026;18/09/2025;TDOA01;D;VITRINE;GM - Brasil;Não;Não;Ativo;1;
9;98554479;ALARM,THEFT DTRNT;10;351,45;367,99;564,95;1.104,79;1.104,79;0;0;0;0;0;0;D;15/07/2026;18/09/2025;TDOA01;D;1SALA C3;GM - Brasil;Não;Não;Ativo;1;
9;98554480;ILUMINACAO INTERNA EM LED RGB;2;569,72;610,00;610,00;757,32;757,32;0;0;0;0;0;0;D;18/07/2025;03/06/2025;6TDFDH;D;106SH1;GM - Brasil;Não;Não;Ativo;1;
9;98554481;LANTERNA CJ-FIAC  C;7;178,89;169,68;214,15;509,90;509,90;0;0;0;0;0;0;D;28/07/2026;;SNSR03;D;105PJ1;GM - Brasil;Não;Não;Ativo;1;
9;98554487;RECEPTACULO CJ-FORCA;2;551,08;551,08;551,08;1.172,54;1.172,54;0;0;0;0;1;1;C;28/04/2026;16/03/2026;;C;1SALA L3;GM - Brasil;Sim;Sim;Ativo;1;
9;98554488;SENSOR KIT-OBJETO TR;2;498,53;498,53;498,53;1.134,74;1.134,74;0;0;1;1;0;0;C;07/07/2026;28/05/2026;RDS002;C;1SALA A2;GM - Brasil;Sim;Sim;Ativo;1;
9;98554489;SENSOR DE ESTACIONAMENTO DIANTEIRO;2;593,01;589,98;593,01;1.218,69;1.218,69;1;0;0;0;1;0;C;06/07/2026;25/07/2026;AC0402;C;1SALA I2;GM - Brasil;Não;Não;Ativo;1;
9;98554490;LAMP PKG,AMB LIGHTIN;5;626,22;1.003,78;923,02;1.032,19;1.032,19;0;0;0;0;0;0;D;23/07/2025;08/08/2025;NF 132374 KITO;D;1SALA L2;GM - Brasil;Não;Não;Ativo;1;
9;98554501;FRISO DE PORTA - PRETO BLACK MEET;1;254,51;374,66;340,01;624,90;624,90;0;0;0;0;0;0;D;08/08/2025;03/06/2025;ACDS30;D;150QC1;GM - Brasil;Sim;Sim;Ativo;1;
9;98554503;FRISO DE PORTA - AZUL SOME KINDA BLUE;1;283,26;420,54;420,54;624,90;624,90;0;0;0;2;0;2;B;22/05/2026;28/04/2026;ACAL01;B;152PA1;GM - Brasil;Sim;Sim;Ativo;1;
9;98554504;FRISO DE PORTA - CINZA GRAFITE RUSH METALIC;9;254,51;374,66;340,01;624,90;624,90;0;0;0;0;0;0;D;18/12/2025;03/07/2026;AFECH;D;159KA1;GM - Brasil;Sim;Sim;Ativo;1;
9;98554514;CONTROL,AUX AUDIO/VI;1;1.233,53;2.150,90;2.150,90;3.350,90;3.350,90;0;1;0;0;0;1;B;07/04/2026;24/06/2026;NF OCT;B;109AD2;GM - Brasil;Não;Não;Ativo;1;
9;98554540;PELICULA MYLINK;2;85,75;144,74;144,74;313,90;313,90;0;0;0;0;0;0;D;04/07/2025;21/05/2025;2TDFDH;D;1SALA J4;GM - Brasil;Sim;Sim;Ativo;1;
9;98554551;LUBRIFICANTE-TR/MAN;1;128,16;126,42;128,16;177,25;177,25;11;2;11;5;1;4;A;13/10/2025;30/07/2026;;A;198AC1;GM - Brasil;Sim;Sim;Ativo;1;
9;98554566;DIVIDER PKG,PUBX DIV;2;1.503,52;2.147,65;2.143,21;4.207,90;4.207,90;0;0;0;0;0;0;D;07/07/2025;24/07/2024;TDFDH1;D;700BB1;GM - Brasil;Não;Não;Ativo;1;
9;98554605;FRISO DE PORTA - CINZA GRAFITE RUSH METALIC ;2;282,27;287,63;282,27;628,90;628,90;0;0;0;0;2;0;C;04/05/2026;01/04/2026;ADSC56;C;144GB1;GM - Brasil;Sim;Sim;Ativo;1;
9;98554607;FRISO DE PORTA - CINZA GRAFITE RUSH METALIC ;1;264,89;264,89;342,35;628,90;628,90;0;0;0;0;0;0;D;20/07/2023;;;D;154QA1;GM - Brasil;Sim;Sim;Ativo;1;
9;98554608;FRISO DE PORTA - PRATA SHARKSKIN ;1;259,66;491,39;259,66;698,22;698,22;0;0;0;1;1;2;A;23/06/2026;07/04/2026;ALDS03;A;163BB1;GM - Brasil;Sim;Sim;Ativo;1;
9;98554609;FRISO DE PORTA - CINZA GRAFITE RUSH METALIC ;1;256,86;374,36;377,85;552,22;552,22;0;0;0;0;2;0;C;09/10/2025;23/03/2026;ACDS01;C;159GC1;GM - Brasil;Sim;Sim;Ativo;1;
9;98554610;FRISO DE PORTA - VERDE SAFARI CANNON GREEN - LETRAS CROMADAS;3;257,98;381,35;381,35;552,22;552,22;0;0;0;0;0;0;D;04/07/2025;31/05/2025;ACGY03;D;159GA1;GM - Brasil;Sim;Sim;Ativo;1;
9;98554611;FRISO DE PORTA - CINZA DRAKE ;3;259,87;358,52;369,78;552,90;552,90;0;0;1;0;0;1;C;09/10/2025;20/05/2026;ACDS01;C;151QB1;GM - Brasil;Sim;Sim;Ativo;1;
9;98554623;MOLDING,HOOD CTR;2;1.167,69;1.667,96;1.623,66;2.042,17;2.042,17;0;1;0;0;0;0;D;28/10/2025;02/07/2026;AOUT02;D;BOX 18;GM - Brasil;Não;Não;Ativo;1;
9;98554625;LOOP PKG,PUBX CARGO;2;83,56;83,56;83,56;175,90;175,90;0;0;0;0;0;0;D;01/07/2025;24/07/2024;TDFDH1;D;112PG1;GM - Brasil;Não;Não;Ativo;1;
9;98554655;PLACA CJ-NOME T/ELEV;24;400,13;393,94;400,13;1.201,47;1.201,47;4;4;5;6;3;2;A;07/07/2026;30/07/2026;RDS002;A;1SALA B4;GM - Brasil;Sim;Sim;Ativo;1;
9;98554657;PLACA CJ-NOME T/ELEV;4;429,58;576,71;467,46;939,19;939,19;1;0;0;2;2;0;B;04/05/2026;07/07/2026;ADSC56;B;1SALA L3;GM - Brasil;Sim;Sim;Ativo;1;
9;98554664;FASCIA PKG,FRT BPR U;2;839,10;894,25;1.111,13;1.982,12;1.982,12;2;1;0;2;1;0;A;05/09/2025;09/07/2026;ACDS01;A;159KC1;GM - Brasil;Não;Não;Ativo;1;
9;98554665;MOLDURA CJ-DIANT CAP;4;401,60;401,60;401,60;979,01;979,01;1;0;1;0;2;0;B;08/07/2026;30/07/2026;RDS002;B;156DB1;GM - Brasil;Não;Não;Ativo;1;
9;98554675;FILM,F/FDR PAINT PRO;2;83,18;144,74;140,20;313,90;313,90;0;0;0;0;0;0;D;04/07/2025;24/07/2024;TDFDH1;D;1SALA C1;GM - Brasil;Sim;Sim;Ativo;1;
9;98554738;SENSOR DE ESTACIONAMENTO TRASEIRO;1;524,00;0,00;705,20;1.063,61;1.063,61;0;0;0;0;0;0;K;22/04/2024;26/01/2026;;K;1SALA I4;GM - Brasil;Não;Não;Ativo;1;
9;98554797;ORGANIZADOR UNIVERSAL DE PORTA-MALAS;3;86,19;86,19;86,19;283,76;283,76;0;0;0;0;0;0;C;29/06/2026;;TDSN01;C;198QB;GM - Brasil;Sim;Sim;Ativo;1;
9;98554874;MOLDURA CJ-TPA/TRAS;7;421,11;601,36;601,36;979,46;979,46;1;5;5;4;2;2;A;08/07/2026;08/07/2026;RDS002;A;162BA1;GM - Brasil;Não;Não;Ativo;1;
9;98554894;PNEU BRIDGESTONE 265/60R18  DUELER H/T 684II ECOPIA  110T;4;962,06;947,52;962,06;1.898,56;1.898,56;13;4;11;10;0;8;A;20/07/2026;24/07/2026;PNEJUL;A;PNEUS;GM - Brasil;Não;Não;Ativo;1;S10,  TRAILBLAZER, DODGE DURANGO, FORD RANGER, JEEP GRAND CHEROKEE, KIA MOHAVE, MERCEDES CLASSE G, MITSUBISH PAJERO FULL, TOYOTA: HILUX, SW4, TOYOTA SW4
9;98554971;MOLDING PKG,FRT  RR;1;594,27;869,14;869,15;1.206,90;1.206,90;0;2;0;1;2;2;A;18/12/2025;17/06/2026;AFECH;A;153QC1;GM - Brasil;Não;Não;Ativo;1;
9;98554972;MOLDING PKG,FRT  RR;3;529,08;608,03;529,08;1.206,90;1.206,90;0;0;0;0;2;1;B;02/04/2026;16/03/2026;ACGY56;B;159BA1;GM - Brasil;Não;Não;Ativo;1;
9;98554973;MOLDING PKG,FRT  RR;3;549,79;751,00;751,00;1.206,90;1.206,90;0;0;1;1;0;1;B;18/12/2025;19/05/2026;AFECH;B;154RA1;GM - Brasil;Não;Não;Ativo;1;
9;98554974;MOLDING PKG,FRT  RR;1;592,74;835,62;792,29;1.206,90;1.206,90;5;2;0;3;0;1;A;12/02/2026;25/07/2026;AJAN01;A;159HB1;GM - Brasil;Não;Não;Ativo;1;
9;98554987;DECAL PKG,RR;3;146,41;182,74;154,25;365,57;365,57;1;0;0;0;0;0;D;09/07/2025;07/07/2026;;D;1SALA A3;GM - Brasil;Sim;Sim;Ativo;1;
9;98554991;LACO CJ-AMARRACAO CA;3;220,01;249,06;220,01;559,90;559,90;0;0;0;0;0;0;D;01/07/2025;31/05/2025;TDFDH1;D;112PH1;GM - Brasil;Não;Não;Ativo;1;
9;98554997;VENT,F/FDR ORNAMENTA;4;326,25;325,50;436,04;658,90;658,90;0;0;0;0;1;0;D;10/07/2025;31/03/2026;TROCAKITO;D;1SALA J3;GM - Brasil;Não;Não;Ativo;1;
9;98555010;MOLDING PKG,FRT  RR;1;549,79;549,79;765,26;1.206,90;1.206,90;0;0;0;0;0;0;D;12/08/2025;27/06/2025;ACDS30;D;162QB1;GM - Brasil;Não;Não;Ativo;1;
9;98555025;MOLDING,HOOD CTR;2;1.167,69;1.167,69;1.167,69;2.042,17;2.042,17;0;0;0;0;0;0;D;10/07/2025;24/07/2024;NF 131928;D;152QC1;GM - Brasil;Não;Não;Obsoleto;1;
9;98555056;FITA DE TECIDO IMPRE;1;60,72;60,72;63,83;135,41;135,41;0;0;0;0;0;0;B;31/07/2026;28/12/2023;NF 1021699 CICAL;B;109AA1;GM - Brasil;Sim;Sim;Ativo;1;
9;98555070;MOLDING PKG,FRT  RR;4;264,46;372,62;338,15;558,80;558,80;0;0;0;0;0;0;D;27/12/2024;29/05/2025;FRIS27;D;153QC1;GM - Brasil;Sim;Sim;Ativo;1;
9;98555072;MOLDING PKG,FRT  RR;2;264,49;380,33;380,33;558,80;558,80;0;0;0;0;0;0;D;04/07/2025;04/08/2025;ACGY03;D;159CC1;GM - Brasil;Sim;Sim;Ativo;1;
9;98555073;MOLDING PKG,FRT  RR;3;264,46;0,00;363,74;558,80;558,80;0;0;0;0;0;0;D;27/12/2024;08/10/2025;FRIS27;D;154RB1;GM - Brasil;Sim;Sim;Ativo;1;
9;98555074;MOLDING PKG,FRT  RR;3;260,78;383,88;348,44;628,90;628,90;0;0;0;0;0;0;D;23/12/2024;06/06/2025;FRIS27;D;159DB1;GM - Brasil;Sim;Sim;Ativo;1;
9;98555075;MOLDING PKG,FRT  RR;5;260,78;331,58;349,52;628,90;628,90;0;0;0;0;0;0;D;23/12/2024;;FRIS27;D;152DA1;GM - Brasil;Sim;Sim;Ativo;1;
9;98555076;MOLDING PKG,FRT  RR;3;260,78;364,19;349,52;628,90;628,90;0;0;0;0;0;0;D;23/12/2024;15/08/2025;FRIS27;D;152SA1;GM - Brasil;Sim;Sim;Ativo;1;
9;98555077;MOLDING PKG,FRT  RR;5;260,78;0,00;345,35;628,90;628,90;0;0;1;0;0;0;D;23/12/2024;20/05/2026;FRIS27;D;153PC1;GM - Brasil;Sim;Sim;Ativo;1;
9;98555083;MOLDING PKG,FRT  RR;7;260,77;260,77;260,77;628,90;628,90;0;0;0;0;0;0;D;01/09/2025;;AC0805;D;154PB1;GM - Brasil;Sim;Sim;Ativo;1;
9;98555084;MOLDING PKG,FRT  RR;7;260,77;260,77;260,77;628,90;628,90;0;0;0;0;0;0;D;01/09/2025;;AC0805;D;162QB1;GM - Brasil;Sim;Sim;Ativo;1;
9;98555085;MOLDING PKG,FRT  RR;4;260,77;260,77;428,05;628,90;628,90;0;1;0;0;0;0;D;01/09/2025;10/06/2026;AC0805;D;154SB1;GM - Brasil;Sim;Sim;Ativo;1;
9;98555086;MOLDING PKG,FRT  RR;7;260,77;260,77;386,43;551,01;551,01;0;0;0;0;0;0;D;01/09/2025;;AC0805;D;154CC1;GM - Brasil;Sim;Sim;Ativo;1;
9;98555241;CARPET,PUBX;5;211,18;211,18;211,18;372,42;372,42;0;0;0;1;0;0;C;26/03/2026;13/04/2026;TITANI  MARCOS;C;200DB1;GM - Brasil;Não;Não;Ativo;1;
9;98555292;PNEU BRIDGESTONE 185/65R15  ECOPIA EP150  88H;2;453,07;453,07;442,32;890,08;890,08;2;0;0;4;0;0;C;16/06/2026;07/07/2026;PNEJUN;C;PNEUS;GM - Brasil;Não;Não;Ativo;1;
9;98555303;PNEU FIRESTONE 185/70R14  F-700  88T;1;434,75;434,75;434,75;849,33;849,33;0;1;0;0;0;0;D;23/10/2025;27/06/2026;PNBR14;D;PNEUS;GM - Brasil;Não;Não;Ativo;1;
9;98555308;CABLE,DRV MOT BAT CH;1;1.913,57;1.913,57;2.712,16;5.869,90;5.869,90;0;0;0;0;0;0;D;22/10/2025;;TDSK02;D;1SALA J4;GM - Brasil;Sim;Sim;Ativo;1;
9;98555405;MOLDURA KIT-ADRNO LA;4;276,67;395,20;328,00;530,50;530,50;0;0;1;0;2;1;B;03/09/2025;12/05/2026;ACDS30;B;154DB1;GM - Brasil;Não;Não;Ativo;1;
9;98555408;VENT KIT,F/FDR ORNAM;2;189,56;270,76;247,18;363,47;363,47;1;0;1;0;2;1;B;01/09/2025;07/07/2026;ACDS30;B;144QG1;GM - Brasil;Não;Não;Ativo;1;
9;98555412;MOLDING KIT,RR BPR F;12;287,40;287,41;407,00;551,08;551,08;0;0;0;0;0;0;D;07/10/2025;;ACDS30;D;1SALA M4;GM - Brasil;Não;Não;Ativo;1;
9;98555416;MOLDING KIT,RR BPR F;5;276,17;394,49;360,13;550,78;550,78;0;0;0;0;0;0;D;20/10/2025;;TDON01;D;155CC1;GM - Brasil;Não;Não;Ativo;1;
9;98555419;VENT KIT,F/FDR ORNAM;1;191,19;189,11;191,19;363,47;363,47;2;0;1;1;1;2;A;23/06/2026;10/07/2026;ALDS03;A;1SALA L2;GM - Brasil;Não;Não;Ativo;1;
9;98555423;AEROFOLIO KIT-P/TRAS;3;626,25;894,55;816,64;1.200,84;1.200,84;0;0;0;0;0;1;D;17/10/2025;28/02/2026;TDPL01;D;162PB1;GM - Brasil;Não;Não;Ativo;1;
9;98555426;MOLDING KIT,RR BPR F;3;241,92;345,56;315,47;463,87;595,00;0;0;0;0;0;0;D;08/10/2025;;TDPL01;D;1SALA B2;GM - Brasil;Não;Não;Ativo;1;
9;98555433;SPEAKER,RDO R/CMPT;2;733,75;1.267,37;1.267,37;2.045,90;2.045,90;0;0;0;1;0;2;B;21/01/2026;28/04/2026;TDCAP1;B;1SALA C3;GM - Brasil;Sim;Sim;Ativo;1;
9;98555433;SPEAKER,RDO R/CMPT;2;733,75;1.267,37;1.267,37;2.045,90;2.045,90;0;0;0;1;0;2;B;21/01/2026;28/04/2026;TDCAP1;B;VITRINE;GM - Brasil;Sim;Sim;Ativo;1;
9;98555434;CHICOTE CJ-FIAC CARR;7;284,59;247,88;416,34;671,90;671,90;0;0;0;0;0;0;C;20/07/2026;;TDSN02;C;1SALA M4;GM - Brasil;Não;Não;Ativo;1;
9;98555441;GANCHO REBOQUE-PACOT;1;689,49;977,68;800,02;1.984,96;1.984,96;0;0;0;0;0;0;D;18/11/2025;22/01/2026;TDMO01;D;156AB1;GM - Brasil;Sim;Sim;Ativo;1;
9;98555473;LAMP PKG,AMB LIGHTIN;9;657,21;642,78;657,21;1.162,28;1.162,28;3;0;1;0;0;0;B;09/07/2026;01/08/2026;SNSR02;B;1SALA J1;GM - Brasil;Não;Não;Ativo;1;
9;98555474;LAMP PKG,AMB LIGHTIN;14;665,97;950,92;950,92;1.162,28;1.162,28;0;0;0;0;0;0;D;05/09/2025;;ACDS30;D;1SALA B1;GM - Brasil;Não;Não;Ativo;1;
9;98555475;LAMP PKG,AMB LIGHTIN;2;665,97;665,97;916,17;1.162,28;1.162,28;0;0;0;0;0;0;D;07/01/2026;;TDMO01;D;111SJ1;GM - Brasil;Não;Não;Ativo;1;
9;98555519;TAPETE CJ-PNL ASS;7;257,94;257,94;372,51;693,90;693,90;0;4;11;0;0;0;A;02/07/2026;30/06/2026;RDS002;A;152DC1;GM - Brasil;Não;Não;Ativo;1;
9;98555520;TAPETE CJ-PNL ASS;3;265,44;204,49;274,30;693,90;693,90;1;0;0;0;0;0;D;19/09/2025;08/07/2026;TDPL01;D;152DB1;GM - Brasil;Não;Não;Ativo;1;
9;98555522;TAPETE CJ-ASS CRGA;5;267,55;277,06;257,15;526,25;526,25;0;0;0;0;0;0;D;17/11/2025;;TDPL01;D;147AC1;GM - Brasil;Sim;Sim;Ativo;1;
9;98555523;TAPETE CJ-ASS CRGA;6;252,42;213,85;302,41;526,25;526,25;1;0;0;0;0;0;C;20/07/2026;28/07/2026;TDOA01;C;148AK1;GM - Brasil;Não;Não;Ativo;1;
9;98555524;TAPETE CJ-ASS CRGA;6;239,17;250,38;215,70;475,57;475,57;0;0;0;0;0;0;D;17/11/2025;;TDTR03;D;148AC1;GM - Brasil;Não;Não;Ativo;1;
9;98555542;COBERTURA CJ-CHVE FE;2;256,46;377,02;377,01;851,52;851,52;0;0;0;0;0;0;D;11/08/2025;;TDTR01;D;1SALA A3;GM - Brasil;Sim;Sim;Ativo;1;
9;98555552;MOLDING PKG,FRT  RR;1;455,90;650,54;594,51;902,90;902,90;0;1;1;0;1;1;B;12/02/2026;26/06/2026;AJAN01;B;162BB1;GM - Brasil;Não;Não;Ativo;1;
9;98555553;MOLDING PKG,FRT  RR;1;400,80;634,12;400,80;902,90;902,90;0;1;0;0;1;1;B;12/02/2026;09/06/2026;ACFG10;B;162BB1;GM - Brasil;Não;Não;Ativo;1;
9;98555554;MOLDING PKG,FRT  RR;7;373,26;533,17;373,26;902,90;902,90;0;0;0;0;1;1;B;17/09/2025;06/07/2026;AC0805;B;162BB1;GM - Brasil;Não;Não;Ativo;1;
9;98555556;MOLDING PKG,FRT  RR;1;456,38;644,51;644,51;902,90;902,90;6;2;6;0;4;1;A;23/06/2026;31/07/2026;ALDS03;A;162BB1;GM - Brasil;Não;Não;Ativo;1;
9;98555557;MOLDING PKG,FRT  RR;4;446,71;623,39;594,24;902,90;902,90;0;3;1;0;0;1;B;27/02/2026;25/06/2026;AFEV02;B;162AB1;GM - Brasil;Não;Não;Ativo;1;
9;98555558;MOLDING PKG,FRT  RR;6;455,11;455,90;592,22;902,90;902,90;1;0;2;4;6;0;A;04/05/2026;21/07/2026;ADSC56;A;162AB1;GM - Brasil;Não;Não;Ativo;1;
9;98555559;MOLDING PKG,FRT  RR;1;432,28;625,22;659,67;902,90;902,90;3;1;0;1;4;0;A;08/04/2026;20/07/2026;KT0401;A;162AB1;GM - Brasil;Não;Não;Ativo;1;
9;98555560;MOLDING PKG,FRT  RR;7;373,26;620,96;486,73;902,90;902,90;2;0;0;0;0;0;C;02/10/2025;29/07/2026;AC0805;C;162AB1;GM - Brasil;Não;Não;Ativo;1;
9;98555561;MOLDING PKG,FRT  RR;2;422,84;651,68;642,95;902,90;902,90;0;0;1;0;0;0;D;12/02/2026;09/04/2026;ACFG10;D;162AB1;GM - Brasil;Não;Não;Ativo;1;
9;98555562;MOLDING PKG,FRT  RR;4;373,26;651,68;594,05;902,90;902,90;2;1;0;0;1;0;A;02/10/2025;31/07/2026;AC0805;A;162PB1;GM - Brasil;Não;Não;Ativo;1;
9;98555563;MOLDING PKG,FRT  RR;1;459,65;472,09;459,65;902,90;902,90;4;2;1;2;1;1;A;30/07/2026;31/07/2026;NF 670555 OCT;A;162PB1;GM - Brasil;Não;Não;Ativo;1;
9;98555564;MOLDING PKG,FRT  RR;2;455,90;636,39;594,45;902,90;902,90;8;3;5;7;3;3;A;23/06/2026;28/07/2026;ALDS03;A;162QB1;GM - Brasil;Não;Não;Ativo;1;
9;98555586;MOLDURA KIT-ADRNO LA;3;270,63;270,20;352,09;519,33;519,33;0;0;0;0;0;2;C;20/07/2026;02/03/2026;TDOA01;C;163AA1;GM - Brasil;Não;Não;Ativo;1;
9;98555603;CHICOTE PACT-FIAC RE;2;174,98;174,98;301,87;516,77;516,77;0;0;0;0;0;0;C;10/04/2026;;TDMO01;C;1SALA I3;GM - Brasil;Sim;Sim;Ativo;1;
9;98555622;DECALQUE-LAT CACMB;1;112,56;112,56;150,10;257,90;257,90;1;5;5;0;0;0;A;30/07/2026;30/07/2026;CVA151;A;113CD1;GM - Brasil;Sim;Sim;Ativo;1;
9;98555626;PAINEL CJ-ACAB/INT L;5;227,06;227,06;280,37;576,90;576,90;1;2;2;0;1;0;A;07/07/2026;07/07/2026;CPSO02;A;148AB1;GM - Brasil;Não;Não;Ativo;1;
9;98555714;MOLDING PKG,FRT  RR;3;608,03;816,75;816,75;1.206,90;1.206,90;0;0;1;0;0;0;C;26/03/2026;06/05/2026;DD0352;C;159GB1;GM - Brasil;Não;Não;Ativo;1;
9;98555719;TAPETE CJ-PNL ASS/D;2;216,62;216,62;297,16;712,90;712,90;0;0;0;0;0;0;C;29/06/2026;;TDSN01;C;147HA1;GM - Brasil;Sim;Sim;Ativo;1;
9;98555720;TAPETE CJ-PNL ASS/D;10;203,08;203,08;351,92;609,90;609,90;0;2;0;0;0;0;C;22/06/2026;30/06/2026;SNSR01;C;900JA;GM - Brasil;Não;Não;Ativo;1;
9;98555725;ANEXO PACT-ESP VIS T;8;282,60;282,60;391,76;851,52;851,52;0;0;0;0;0;0;D;04/12/2025;;TDSK02;D;1SALA J2;GM - Brasil;Não;Não;Ativo;1;
9;98555730;SILENCIOSO DO ESCAPA;3;1.387,27;1.387,27;1.387,27;3.100,38;3.100,38;0;0;2;0;0;2;B;01/06/2026;28/05/2026;RA0580;B;162PC1;GM - Brasil;Não;Não;Ativo;1;
9;98555810;PARTS,MISC INT  EXH;2;488,74;488,74;488,74;1.203,90;1.203,90;0;0;0;0;0;0;D;02/07/2025;02/09/2025;KT100A;D;164RC1;GM - Brasil;Não;Não;Ativo;1;
9;98555814;PARTS,MISC INT  EXH;1;488,74;488,74;635,24;1.203,90;1.203,90;0;0;0;0;0;0;D;02/07/2025;;KT100A;D;200AA1;GM - Brasil;Não;Não;Ativo;1;
9;98555883;DEFLETOR PACT-AR SUP;1;160,47;290,25;290,25;423,60;423,60;1;0;0;0;0;0;D;18/08/2025;07/07/2026;TDSK02;D;163AA1;GM - Brasil;Não;Não;Ativo;1;
9;98555959;MOLDING PKG,FRT  RR;3;413,22;621,26;506,81;729,31;729,31;0;0;0;0;0;0;D;09/10/2025;;ASET08;D;151CA1;GM - Brasil;Não;Não;Ativo;1;
9;98555960;MOLDING PKG,FRT  RR;3;402,01;435,65;578,10;729,31;729,31;1;0;0;0;0;0;D;09/10/2025;07/07/2026;ASET08;D;152RB1;GM - Brasil;Não;Não;Ativo;1;
9;98555961;MOLDING PKG,FRT  RR;2;413,22;621,34;591,88;729,31;729,31;0;0;0;0;1;0;D;09/10/2025;23/03/2026;ASET08;D;153DB1;GM - Brasil;Não;Não;Ativo;1;
9;98555963;MOLDING PKG,FRT  RR;1;413,22;621,27;621,27;729,31;965,00;0;0;0;0;0;0;D;09/10/2025;28/11/2025;ASET08;D;151PA1;GM - Brasil;Não;Não;Ativo;1;
9;98555980;PAINEL CJ-ACAB/INT L;1;140,23;140,23;167,48;420,90;420,90;0;0;0;0;0;0;D;13/01/2026;;TDCAP1;D;144GC1;GM - Brasil;Não;Não;Ativo;1;
9;98555984;MOLDING PKG,FRT  RR;1;424,54;508,75;405,67;676,90;676,90;0;0;0;0;0;0;C;05/03/2026;;TDCAP2;C;151QC1;GM - Brasil;Não;Não;Ativo;1;
9;98555994;PNEU 215/55R17 EFFICIENTGRIP SUV 94V;3;614,74;616,92;614,74;1.289,94;1.289,94;13;1;1;5;5;0;A;25/06/2026;28/07/2026;PNEJUN;A;PNEUS;GM - Brasil;Não;Não;Ativo;1;
9;98556116;PROTETOR PACT-LAMA T;2;298,97;427,06;427,06;789,20;789,20;1;0;0;0;0;0;D;18/08/2025;07/07/2026;TDSK02;D;159BC1;GM - Brasil;Não;Não;Ativo;1;
9;98556122;AEROFOLIO KIT-P/TRAS;2;359,05;512,88;530,63;947,81;947,81;1;0;0;0;0;0;D;18/08/2025;07/07/2026;TDSK02;D;162AC1;GM - Brasil;Não;Não;Ativo;1;
9;98556125;MOLDING PKG,RKR PNL;3;426,46;609,17;556,12;1.125,76;1.125,76;0;0;0;0;0;0;D;18/08/2025;;TDSK02;D;162AC1;GM - Brasil;Não;Não;Ativo;1;
9;98556132;FILM,BODY SI  F/WDO;1;53,44;53,44;55,56;186,90;186,90;0;0;0;0;0;0;C;27/04/2026;;TDCAP1;C;1SALA L3;GM - Brasil;Sim;Sim;Ativo;1;
9;98556214;FILM,BODY SI  F/WDO;4;62,42;41,66;67,39;143,90;143,90;0;0;0;0;0;0;D;16/06/2026;;TDSN01;D;1SALA J2;GM - Brasil;Sim;Sim;Ativo;1;
9;98556238;DEFLETOR PACT-AR SUP;1;174,88;258,53;236,02;477,90;477,90;0;0;0;0;0;0;C;18/02/2026;;TDCAP1;C;154PC1;GM - Brasil;Não;Não;Ativo;1;
9;98556278;SPOILER,F/END SECD;4;292,09;299,11;389,69;645,90;645,90;0;0;0;0;0;0;D;16/07/2026;;TDOA01;D;155QA1;GM - Brasil;Não;Não;Ativo;1;
9;98556282;EXTENSION PKG,FRT BP;1;527,04;541,83;727,09;996,90;996,90;1;0;0;0;0;0;D;04/08/2025;07/07/2026;TDTR01;D;900AB;GM - Brasil;Não;Não;Ativo;1;
9;98556283;EXTENSION PKG,RR BPR;1;553,60;569,15;744,59;1.044,90;1.044,90;1;0;0;0;0;1;C;01/08/2025;07/07/2026;TDTR01;C;200CA1;GM - Brasil;Não;Não;Ativo;1;
9;98556284;CHICOTE CJ-FIAC CARR;7;152,32;217,74;217,74;403,06;403,06;0;0;0;0;0;0;D;21/01/2026;27/11/2025;TDCAP1;D;1SALA B3;GM - Brasil;Não;Não;Ativo;1;
9;98556321;GRADE CJ-SUP RAD;12;289,40;253,71;347,63;799,90;799,90;2;1;1;0;0;0;B;03/06/2026;25/07/2026;NF164194;B;1SALA B2;GM - Brasil;Sim;Sim;Ativo;1;
9;98556349;NUT PKG,SPL SECURITY;1;234,90;306,64;306,64;496,90;496,90;0;0;0;0;0;0;C;31/03/2026;;TDCAP3;C;105AK1;GM - Brasil;Sim;Sim;Ativo;1;
9;98556390;MOLDING PKG,FRT  RR;2;435,65;621,26;621,26;729,31;729,31;0;0;0;0;0;0;D;09/10/2025;;ASET08;D;162BA1;GM - Brasil;Não;Não;Ativo;1;
9;98556410;EXTENSION PKG,RR BPR;3;489,08;424,55;736,42;1.083,90;1.083,90;0;0;0;0;0;0;D;19/09/2025;26/01/2026;TDON01;D;700CA1;GM - Brasil;Não;Não;Ativo;1;
9;98556411;EXTENSION PKG,FRT BP;1;404,18;404,18;613,45;913,90;913,90;0;0;0;0;1;0;D;19/09/2025;19/03/2026;TDPL01;D;900BB1;GM - Brasil;Não;Não;Ativo;1;
9;98556549;SORTIDO COMPOSTO POR;1;2.508,28;2.829,23;3.206,06;3.940,34;3.940,34;0;0;0;0;0;0;D;16/09/2025;;;D;156DA1;GM - Brasil;Não;Não;Ativo;1;
9;98556553;SORTIDO COMPOSTO POR;1;2.508,28;2.508,28;3.270,84;3.641,00;3.641,00;0;0;0;0;0;0;C;25/02/2026;;HDI004;C;156BC1;GM - Brasil;Não;Não;Ativo;1;
9;98556555;SORTIDO COMPOSTO POR;1;2.508,28;2.508,28;3.270,84;4.990,00;4.990,00;0;0;0;0;0;0;D;11/09/2025;;HDI003;D;156BB1;GM - Brasil;Não;Não;Ativo;1;
9;98556600;SHAFT,FRT WHL DRV HA;1;1.257,27;1.257,27;1.257,27;3.305,98;3.305,98;0;0;0;0;0;0;D;28/11/2025;28/11/2025;DD1153;D;153DA1;GM - Brasil;Não;Não;Ativo;1;
9;98556603;GANCHO REBOQUE-PACOT;6;726,37;606,74;953,13;1.909,90;1.909,90;0;1;0;0;0;0;C;17/06/2026;02/07/2026;SNSR01;C;156RB1;GM - Brasil;Não;Não;Ativo;1;
9;98556611;LUBRICANT,R/AXL;23;134,35;143,67;134,35;199,37;199,37;5;3;7;0;0;0;A;23/06/2026;29/07/2026;RA0674;A;198QA;GM - Brasil;Sim;Sim;Ativo;1;
9;98556647;MOLDING PKG,FRT & RR;18;440,75;440,76;574,32;874,90;874,90;1;0;0;0;0;0;C;01/07/2026;06/07/2026;SNIC12;C;152PA1;GM - Brasil;Não;Não;Ativo;1;
9;98556648;MOLDING PKG,FRT & RR;16;440,75;449,08;449,08;874,90;874,90;2;0;0;0;0;0;C;01/07/2026;30/07/2026;SNIC12;C;153RA1;GM - Brasil;Não;Não;Ativo;1;
9;98556649;MOLDING PKG,FRT & RR;8;440,75;630,03;630,03;874,90;874,90;0;1;0;0;0;0;C;01/07/2026;30/06/2026;SNIC12;C;163CA1;GM - Brasil;Não;Não;Ativo;1;
9;98556650;MOLDING PKG,FRT & RR;9;440,75;630,03;630,03;874,90;874,90;3;1;0;0;0;0;B;01/07/2026;29/07/2026;SNIC12;B;153AA1;GM - Brasil;Não;Não;Ativo;1;
9;98556651;MOLDING PKG,FRT & RR;8;440,75;440,76;574,32;874,90;874,90;0;1;0;0;0;0;C;01/07/2026;30/06/2026;SNIC12;C;163BC1;GM - Brasil;Não;Não;Ativo;1;
9;98556656;PIPE,EXH TIP DECORAT;9;609,73;584,80;853,39;1.543,90;1.543,90;0;0;1;0;0;0;C;10/06/2026;22/05/2026;SNSR01;C;1SALA A1;GM - Brasil;Não;Não;Ativo;1;
9;98556657;RAIL PKG,LUGG CARR C;2;1.034,27;1.034,27;1.034,27;2.999,00;2.999,00;0;0;0;0;0;0;C;24/07/2026;;SNSR02;C;1SALA J5;GM - Brasil;Não;Não;Ativo;1;
9;98556658;PNEU MICHELIN 185/65 R15 88H TL ENERGY XM2 + MI;4;541,00;541,00;541,00;1.038,98;1.038,98;0;0;0;4;0;0;C;29/04/2026;10/04/2026;NF 291460;C;PNEUS;GM - Brasil;Não;Não;Ativo;1;
9;98556659;PNEU MICHELIN 195/55 R16 87V TL PRIMACY 4 MI;4;635,00;635,00;635,00;1.189,92;1.189,92;0;0;0;0;0;4;C;26/03/2026;28/02/2026;FORMULA ESTQ;C;PNEUS;GM - Brasil;Não;Não;Ativo;1;
9;98556660;PNEU MICHELIN 265/60 R18 114H XL LTX TRAIL ST MI;2;1.143,90;1.143,90;1.143,90;1.819,00;1.819,00;0;4;0;0;4;0;C;26/03/2026;17/06/2026;FORMULA ESTQ;C;PNEUS;GM - Brasil;Não;Não;Ativo;1;
9;98556664;PNEU MICHELIN 195/65 R15 91H TL PRIMACY 4 MI;4;586,00;586,00;586,00;1.218,89;1.218,89;0;0;0;0;0;1;C;26/02/2026;25/02/2026;NF FORMULA;C;PNEUS;GM - Brasil;Não;Não;Ativo;1;
9;98556665;PNEU MICHELIN 215/50 R17 95W XL TL PRIMACY 4+ MI;4;703,00;703,00;703,00;1.339,60;1.339,60;0;0;4;0;0;0;C;27/05/2026;12/05/2026;MICH02;C;PNEUS;GM - Brasil;Não;Não;Ativo;1;
9;98556667;PNEU MICHELIN 215/55 R17 94V TL PRIMACY 4+ MI;4;799,00;799,00;775,00;1.180,00;1.180,00;0;0;0;1;0;0;C;29/04/2026;22/04/2026;NF 291460;C;PNEUS;GM - Brasil;Não;Não;Ativo;1;
9;98556688;TAPETE CJ-ASS CRGA;4;315,62;437,32;432,41;384,90;384,90;0;0;0;0;0;1;B;30/04/2026;23/02/2026;AC0401;B;148AQ1;GM - Brasil;Não;Não;Ativo;1;
9;98556698;MOLDING PKG,FRT & RR;13;558,36;748,33;727,57;874,90;874,90;3;0;0;0;0;0;B;25/06/2026;25/07/2026;FRS65;B;164PA1;GM - Brasil;Não;Não;Ativo;1;
9;98556727;INSERT PKG,WHL SPOKE;6;205,55;205,55;205,55;389,90;389,90;0;0;0;0;0;0;C;10/07/2026;;SNSR02;C;1SALA I4;GM - Brasil;Não;Não;Ativo;1;
9;98556793;PNEU BRIDGESTONE 215/55R17 94V TRNZ 6;8;637,49;637,49;609,51;0,00;1.050,00;0;0;0;0;0;0;C;22/07/2026;;NF2744322;C;PNEUS;GM - Brasil;Não;Não;Ativo;1;
9;98556796;ANEXO PACT-ESP VIS T;1;284,22;405,46;405,46;851,90;851,90;1;0;0;0;0;0;C;09/06/2026;14/07/2026;TDSN01;C;1SALA P2;GM - Brasil;Não;Não;Ativo;1;
9;98556965;MOLDING,HOOD CTR;5;1.403,25;1.403,25;1.828,50;3.147,66;3.147,66;1;0;2;4;0;0;A;12/05/2026;13/07/2026;NF 6617;A;160GA1;GM - Brasil;Não;Não;Ativo;1;
9;98557000;JOGO DE FIOS COM CON;1;117,32;117,32;117,32;255,82;255,82;0;0;0;0;0;0;B;29/05/2026;;MAF001;B;107TG1;GM - Brasil;Sim;Sim;Ativo;1;
9;98557024;INSERTO DA COBERTURA;5;455,50;651,10;651,10;849,90;849,90;1;0;1;0;0;0;C;10/07/2026;06/07/2026;SNSR02;C;1SALA J3;GM - Brasil;Não;Não;Ativo;1;
9;98557031;PLACA DE ACABAMENTO;6;198,44;199,64;193,45;446,90;446,90;4;2;1;0;0;0;A;02/07/2026;30/07/2026;PISON2;A;108DG1;GM - Brasil;Não;Não;Ativo;1;
9;98557231;PORCA ROSCADA DE ACO;64;0,61;0,84;0,82;2,00;2,00;12;6;0;0;0;0;B;23/06/2026;20/07/2026;IT026G;B;105CC1;GM - Brasil;Sim;Sim;Ativo;1;
